"RefSeq.accession.number","Gene.Name","ensembl_gene_id"
"NM_000018","ACADVL ","ENSG00000072778"
"NM_000021","PSEN1 ","ENSG00000080815"
"NM_000026","ADSL ","ENSG00000239900"
"NM_000031","ALAD ","ENSG00000148218"
"NM_000060","BTD ",NA
"NM_000075","CDK4 ","ENSG00000135446"
"NM_000097","CPOX ","ENSG00000080819"
"NM_000099","CST3 ","ENSG00000101439"
"NM_000100","CSTB ","ENSG00000160213"
"NM_000107","DDB2 ","ENSG00000134574"
"NM_000108","DLD ","ENSG00000091140"
"NM_000113","TOR1A ","ENSG00000136827"
"NM_000116","TAZ ","ENSG00000102125"
"NM_000117","EMD ","ENSG00000102119"
"NM_000122","ERCC3 ","ENSG00000163161"
"NM_000123","ERCC5 ","ENSG00000134899"
"NM_000126","ETFA ","ENSG00000140374"
"NM_000140","FECH ","ENSG00000066926"
"NM_000143","FH ","ENSG00000091483"
"NM_000144","FXN ","ENSG00000165060"
"NM_000152","GAA ","ENSG00000291507"
"NM_000152","GAA ","ENSG00000171298"
"NM_000155","GALT ","ENSG00000213930"
"NM_000157","GBA ","ENSG00000262446"
"NM_000157","GBA ","ENSG00000177628"
"NM_000159","GCDH ","ENSG00000105607"
"NM_000175","GPI ","ENSG00000282019"
"NM_000175","GPI ","ENSG00000105220"
"NM_000178","GSS ","ENSG00000100983"
"NM_000179","MSH6 ","ENSG00000116062"
"NM_000182","HADHA ","ENSG00000084754"
"NM_000190","HMBS ","ENSG00000256269"
"NM_000195","HPS1 ","ENSG00000107521"
"NM_000244","MEN1 ","ENSG00000133895"
"NM_000249","MLH1 ","ENSG00000076242"
"NM_000252","MTM1 ","ENSG00000171100"
"NM_000255","MUT ","ENSG00000146085"
"NM_000268","NF2 ","ENSG00000186575"
"NM_000271","NPC1 ","ENSG00000141458"
"NM_000274","OAT ","ENSG00000065154"
"NM_000285","PEPD ","ENSG00000124299"
"NM_000286","PEX12 ","ENSG00000108733"
"NM_000287","PEX6 ","ENSG00000124587"
"NM_000291","PGK1 ","ENSG00000102144"
"NM_000293","PHKB ","ENSG00000102893"
"NM_000302","PLOD1 ","ENSG00000083444"
"NM_000308","CTSA ","ENSG00000064601"
"NM_000314","PTEN ","ENSG00000171862"
"NM_000314","PTEN ","ENSG00000284792"
"NM_000318","PEX2 ","ENSG00000164751"
"NM_000319","PEX5 ","ENSG00000288217"
"NM_000319","PEX5 ","ENSG00000139197"
"NM_000365","TPI1 ","ENSG00000111669"
"NM_000374","UROD ","ENSG00000126088"
"NM_000375","UROS ","ENSG00000188690"
"NM_000380","XPA ","ENSG00000136936"
"NM_000382","ALDH3A2 ","ENSG00000072210"
"NM_000386","BLMH ","ENSG00000108578"
"NM_000398","CYB5R3 ","ENSG00000100243"
"NM_000400","ERCC2 ","ENSG00000104884"
"NM_000414","HSD17B4 ","ENSG00000133835"
"NM_000416","IFNGR1 ","ENSG00000027697"
"NM_000430","PAFAH1B1 ","ENSG00000007168"
"NM_000434","NEU1 ","ENSG00000184494"
"NM_000434","NEU1 ","ENSG00000234343"
"NM_000434","NEU1 ","ENSG00000223957"
"NM_000434","NEU1 ","ENSG00000234846"
"NM_000434","NEU1 ","ENSG00000227315"
"NM_000434","NEU1 ","ENSG00000204386"
"NM_000434","NEU1 ","ENSG00000227129"
"NM_000434","NEU1 ","ENSG00000228691"
"NM_000447","PSEN2 ","ENSG00000143801"
"NM_000454","SOD1 ","ENSG00000142168"
"NM_000455","STK11 ","ENSG00000118046"
"NM_000462","UBE3A ","ENSG00000114062"
"NM_000466","PEX1 ","ENSG00000127980"
"NM_000512","GALNS ","ENSG00000141012"
"NM_000520","HEXA ","ENSG00000213614"
"NM_000543","SMPD1 ","ENSG00000166311"
"NM_000548","TSC2 ","ENSG00000103197"
"NM_000629","IFNAR1 ","ENSG00000142166"
"NM_000637","GSR ","ENSG00000104687"
"NM_000671","ADH5 ","ENSG00000197894"
"NM_000687","AHCY ","ENSG00000101444"
"NM_000696","ALDH9A1 ","ENSG00000143149"
"NM_000709","BCKDHA ","ENSG00000248098"
"NM_000754","COMT ","ENSG00000093010"
"NM_000819","GART ","ENSG00000159131"
"NM_000819","GART ","ENSG00000262473"
"NM_000837","GRINA ","ENSG00000178719"
"NM_000850","GSTM4 ","ENSG00000168765"
"NM_000858","GUK1 ","ENSG00000143774"
"NM_000904","NQO2 ","ENSG00000124588"
"NM_000925","PDHB ","ENSG00000168291"
"NM_000937","POLR2A ","ENSG00000181222"
"NM_000937","POLR2A ","ENSG00000284832"
"NM_000938","POLR2B ","ENSG00000047315"
"NM_000968","RPL4 ","ENSG00000174444"
"NM_000970","RPL6 ","ENSG00000089009"
"NM_000973","RPL8 ","ENSG00000161016"
"NM_000975","RPL11 ","ENSG00000142676"
"NM_000988","RPL27 ","ENSG00000131469"
"NM_000989","RPL30 ","ENSG00000156482"
"NM_000993","RPL31 ","ENSG00000071082"
"NM_000994","RPL32 ","ENSG00000144713"
"NM_000995","RPL34 ","ENSG00000109475"
"NM_000996","RPL35A ","ENSG00000182899"
"NM_001001","RPL36AL ","ENSG00000165502"
"NM_001001330","REEP3 ","ENSG00000165476"
"NM_001001410","TSR3 ","ENSG00000007520"
"NM_001001563","TIMM50 ","ENSG00000105197"
"NM_001001655","ALKBH2 ","ENSG00000189046"
"NM_001001660","LYRM5 ","ENSG00000205707"
"NM_001001683","MED11 ","ENSG00000161920"
"NM_001001701","C4orf3 ","ENSG00000164096"
"NM_001001790","TOMM5 ","ENSG00000175768"
"NM_001001795","C8orf82 ","ENSG00000213563"
"NM_001002030","ECHDC1 ","ENSG00000093144"
"NM_001002836","ZNF787 ","ENSG00000142409"
"NM_001002913","PTRH1 ","ENSG00000187024"
"NM_001003681","HMGXB4 ","ENSG00000100281"
"NM_001004127","ALG11 ","ENSG00000253710"
"NM_001004304","ZNF740 ","ENSG00000139651"
"NM_001004333","RNASEK ","ENSG00000219200"
"NM_001005404","YPEL2 ","ENSG00000175155"
"NM_001005920","JMJD8 ","ENSG00000161999"
"NM_001007068","SDCBP ","ENSG00000137575"
"NM_001007250","SCP2 ","ENSG00000116171"
"NM_001007561","IRGQ ","ENSG00000167378"
"NM_001008215","COA5 ","ENSG00000183513"
"NM_001008237","TTC32 ","ENSG00000183891"
"NM_001008388","CISD2 ","ENSG00000145354"
"NM_001008395","LAMTOR4 ","ENSG00000188186"
"NM_001008495","TMEM64 ","ENSG00000180694"
"NM_001008727","ZNF121 ","ENSG00000197961"
"NM_001008739","C6orf226 ","ENSG00000221821"
"NM_001008910","STK16 ","ENSG00000115661"
"NM_001009","RPS5 ","ENSG00000083845"
"NM_001009552","PPP2CB ","ENSG00000104695"
"NM_001009894","C12orf29 ","ENSG00000133641"
"NM_001009993","FAM168B ","ENSG00000152102"
"NM_001010","RPS6 ","ENSG00000137154"
"NM_001010854","TTC7B ","ENSG00000165914"
"NM_001010858","RNF187 ","ENSG00000168159"
"NM_001010858","RNF187 ","ENSG00000285426"
"NM_001010867","IBA57 ","ENSG00000181873"
"NM_001012643","MYPOP ","ENSG00000176182"
"NM_001012759","CTU2 ","ENSG00000174177"
"NM_001012985","COA6 ","ENSG00000168275"
"NM_001012989","UBE2NL ","ENSG00000292243"
"NM_001013657","GDPGP1 ","ENSG00000183208"
"NM_001013663","PTRHD1 ","ENSG00000184924"
"NM_001013694","SRRD ","ENSG00000100104"
"NM_001013703","EIF2AK4 ","ENSG00000128829"
"NM_001013845","CXorf40B ","ENSG00000197021"
"NM_001017","RPS13 ","ENSG00000110700"
"NM_001017395","TMCC1 ","ENSG00000172765"
"NM_001017923","C14orf28 ","ENSG00000179476"
"NM_001017927","C2orf76 ","ENSG00000186132"
"NM_001017980","VMA21 ","ENSG00000160131"
"NM_001018024","CMC4 ","ENSG00000182712"
"NM_001018108","SERF2 ","ENSG00000140264"
"NM_001018136","NME1-NME2 ","ENSG00000011052"
"NM_001024678","LRRC24 ","ENSG00000254402"
"NM_001025","RPS23 ","ENSG00000186468"
"NM_001025356","ANO6 ","ENSG00000177119"
"NM_001026","RPS24 ","ENSG00000138326"
"NM_001029859","KCTD21 ","ENSG00000188997"
"NM_001029863","C6orf120 ","ENSG00000185127"
"NM_001029885","GLTPD1 ","ENSG00000224051"
"NM_001029997","ZNF181 ","ENSG00000197841"
"NM_001031617","COX19 ","ENSG00000240230"
"NM_001031684","SRSF7 ","ENSG00000115875"
"NM_001031689","PLAA ","ENSG00000137055"
"NM_001031703","ELP6 ","ENSG00000163832"
"NM_001031713","CCDC90A ","ENSG00000050393"
"NM_001031725","DDX59 ","ENSG00000118197"
"NM_001032284","TMPO ","ENSG00000120802"
"NM_001032363","MINOS1 ","ENSG00000173436"
"NM_001033","RRM1 ","ENSG00000167325"
"NM_001033002","RPAIN ","ENSG00000129197"
"NM_001033088","NGRN ","ENSG00000182768"
"NM_001033583","ACOT9 ","ENSG00000123130"
"NM_001034841","ITPRIPL2 ","ENSG00000205730"
"NM_001035005","C18orf32 ","ENSG00000177576"
"NM_001035235","SRA1 ","ENSG00000213523"
"NM_001035505","BOLA3 ","ENSG00000163170"
"NM_001039476","NPRL3 ","ENSG00000103148"
"NM_001039590","USP9X ","ENSG00000124486"
"NM_001039613","IAH1 ","ENSG00000134330"
"NM_001039618","CREBZF ","ENSG00000137504"
"NM_001039697","SNAPC3 ","ENSG00000164975"
"NM_001040431","COA3 ","ENSG00000183978"
"NM_001040436","YARS2 ","ENSG00000139131"
"NM_001040445","ASB1 ","ENSG00000065802"
"NM_001040616","LINS ","ENSG00000140471"
"NM_001040664","PPAN-P2RY11 ","ENSG00000243207"
"NM_001040697","UEVLD ","ENSG00000151116"
"NM_001042371","PGP ","ENSG00000184207"
"NM_001042414","PSPC1 ","ENSG00000121390"
"NM_001042616","PIGY ","ENSG00000255072"
"NM_001042697","ZSWIM7 ","ENSG00000214941"
"NM_001044264","MSMP ","ENSG00000215183"
"NM_001068","TOP2B ","ENSG00000077097"
"NM_001077399","PNKD ","ENSG00000127838"
"NM_001077637","WTH3DI ","ENSG00000233087"
"NM_001077664","URGCP ","ENSG00000106608"
"NM_001077701","MIER1 ","ENSG00000198160"
"NM_001078172","FAM127B ","ENSG00000203950"
"NM_001079559","HNRNPUL2 ","ENSG00000214753"
"NM_001080432","FTO ","ENSG00000140718"
"NM_001080452","GPR108 ","ENSG00000125734"
"NM_001080453","INTS1 ","ENSG00000164880"
"NM_001080496","RGP1 ","ENSG00000107185"
"NM_001080501","TMEM223 ","ENSG00000168569"
"NM_001080510","METTL23 ","ENSG00000181038"
"NM_001080517","SETD5 ","ENSG00000168137"
"NM_001080849","DNLZ ","ENSG00000213221"
"NM_001083614","EARS2 ","ENSG00000103356"
"NM_001084","PLOD3 ","ENSG00000106397"
"NM_001085365","MZT2A ","ENSG00000173272"
"NM_001085372","C11orf83 ","ENSG00000204922"
"NM_001085458","CTNND1 ","ENSG00000198561"
"NM_001085481","MAP1LC3B2 ","ENSG00000258102"
"NM_001087","AAMP ","ENSG00000127837"
"NM_001089591","UQCRHL ","ENSG00000233954"
"NM_001090","ABCF1 ","ENSG00000232169"
"NM_001090","ABCF1 ","ENSG00000206490"
"NM_001090","ABCF1 ","ENSG00000231129"
"NM_001090","ABCF1 ","ENSG00000236149"
"NM_001090","ABCF1 ","ENSG00000236342"
"NM_001090","ABCF1 ","ENSG00000204574"
"NM_001090","ABCF1 ","ENSG00000225989"
"NM_001096","ACLY ","ENSG00000131473"
"NM_001099269","ZNF506 ","ENSG00000081665"
"NM_001099402","CCNK ","ENSG00000090061"
"NM_001099415","POM121C ","ENSG00000272391"
"NM_001099436","ULK3 ","ENSG00000140474"
"NM_001099670","C8orf59 ","ENSG00000176731"
"NM_001099692","EIF5AL1 ","ENSG00000253626"
"NM_001100389","TMEM192 ","ENSG00000170088"
"NM_001100399","PDS5A ","ENSG00000121892"
"NM_001100418","C19orf60 ","ENSG00000006015"
"NM_001105","ACVR1 ","ENSG00000115170"
"NM_001105537","ZNF142 ","ENSG00000115568"
"NM_001105573","FBXO45 ","ENSG00000174013"
"NM_001110503","TMEM87A ","ENSG00000103978"
"NM_001113202","NACA ","ENSG00000196531"
"NM_001113363","TBC1D14 ","ENSG00000132405"
"NM_001113434","C17orf51 ",NA
"NM_001114118","C17orf85 ","ENSG00000074356"
"NM_001114600","SZRD1 ","ENSG00000055070"
"NM_001114600","SZRD1 ","ENSG00000291379"
"NM_001114632","JMJD7 ","ENSG00000243789"
"NM_001115007","LIN54 ","ENSG00000189308"
"NM_001115016","KANSL3 ","ENSG00000114982"
"NM_001122672","CCBL1 ","ENSG00000171097"
"NM_001123","ADK ","ENSG00000156110"
"NM_001123040","ARIH2OS ",NA
"NM_001125","ADPRH ","ENSG00000144843"
"NM_001127","AP1B1 ","ENSG00000100280"
"NM_001128","AP1G1 ","ENSG00000166747"
"NM_001128144","PMS1 ","ENSG00000064933"
"NM_001128228","TPRN ","ENSG00000176058"
"NM_001128591","PSMG4 ","ENSG00000180822"
"NM_001128619","LUZP6 ",NA
"NM_001130","AES ","ENSG00000104964"
"NM_001130929","C7orf73 ","ENSG00000243317"
"NM_001134493","TOMM6 ","ENSG00000214736"
"NM_001135178","ZNF397 ","ENSG00000186812"
"NM_001136053","TPRA1 ","ENSG00000163870"
"NM_001136108","R3HCC1 ","ENSG00000104679"
"NM_001136262","ATXN7L3B ","ENSG00000253719"
"NM_001136498","CISD3 ","ENSG00000277972"
"NM_001136498","CISD3 ","ENSG00000274768"
"NM_001137675","ATXN1L ","ENSG00000224470"
"NM_001142623","GHDC ","ENSG00000167925"
"NM_001142641","FBRSL1 ","ENSG00000112787"
"NM_001143681","GSTK1 ","ENSG00000197448"
"NM_001143909","LOC729020 ","ENSG00000235376"
"NM_001143960","C2orf74 ","ENSG00000237651"
"NM_001144831","PHB2 ","ENSG00000215021"
"NM_001144989","ZNF814 ","ENSG00000204514"
"NM_001145073","USP27X ","ENSG00000273820"
"NM_001145078","ZNF805 ","ENSG00000204524"
"NM_001145432","C4orf52 ","ENSG00000250317"
"NM_001145769","XPC ",NA
"NM_001145783","MEF2BNB ","ENSG00000254901"
"NM_001146106","PARP9 ","ENSG00000138496"
"NM_001146160","TATDN1 ","ENSG00000291730"
"NM_001146160","TATDN1 ","ENSG00000147687"
"NM_001152","SLC25A5 ","ENSG00000005022"
"NM_001155","ANXA6 ","ENSG00000197043"
"NM_001156","ANXA7 ","ENSG00000138279"
"NM_001160305","SETD6 ","ENSG00000103037"
"NM_001161","NUDT2 ","ENSG00000164978"
"NM_001163315","FBXL17 ","ENSG00000145743"
"NM_001163380","RAB2B ","ENSG00000129472"
"NM_001163424","MYEOV2 ","ENSG00000172428"
"NM_001164468","TMED7-TICAM2 ","ENSG00000251201"
"NM_001164603","ASXL1 ","ENSG00000171456"
"NM_001164811","PET117 ","ENSG00000232838"
"NM_001165946","IDE ","ENSG00000119912"
"NM_001166","BIRC2 ","ENSG00000110330"
"NM_001166104","NR3C2 ","ENSG00000151623"
"NM_001167","XIAP ","ENSG00000101966"
"NM_001170569","CXorf56 ","ENSG00000018610"
"NM_001171155","PET100 ","ENSG00000229833"
"NM_001172574","MCPH1 ","ENSG00000147316"
"NM_001173","ARHGAP5 ","ENSG00000100852"
"NM_001173533","DGCR2 ","ENSG00000070413"
"NM_001174108","ZBED6 ","ENSG00000257315"
"NM_001177","ARL1 ","ENSG00000120805"
"NM_001183","ATP6AP1 ","ENSG00000071553"
"NM_001190","BCAT2 ","ENSG00000105552"
"NM_001190316","IP6K2 ","ENSG00000068745"
"NM_001191","BCL2L1 ","ENSG00000171552"
"NM_001193285","SIRT6 ","ENSG00000077463"
"NM_001193612","TUBD1 ","ENSG00000108423"
"NM_001195098","ANKRD28 ","ENSG00000206560"
"NM_001195563","CAMTA1 ","ENSG00000171735"
"NM_001195605","ZNF865 ","ENSG00000261221"
"NM_001195628","MLLT10 ","ENSG00000078403"
"NM_001195752","THAP3 ","ENSG00000041988"
"NM_001198798","ASCC1 ","ENSG00000138303"
"NM_001198845","RBM14-RBM4 ","ENSG00000248643"
"NM_001198879","ATP5J2-PTCD1 ","ENSG00000248919"
"NM_001199058","C15orf38-AP3S2 ","ENSG00000250021"
"NM_001199119","TRIM39-RPP21 ","ENSG00000242726"
"NM_001199119","TRIM39-RPP21 ","ENSG00000243009"
"NM_001199119","TRIM39-RPP21 ","ENSG00000239865"
"NM_001199119","TRIM39-RPP21 ","ENSG00000248167"
"NM_001199119","TRIM39-RPP21 ","ENSG00000241779"
"NM_001199119","TRIM39-RPP21 ","ENSG00000239927"
"NM_001199119","TRIM39-RPP21 ","ENSG00000241863"
"NM_001199535","TGIF2-C20orf24 ","ENSG00000259399"
"NM_001199661","PMF1-BGLAP ","ENSG00000260238"
"NM_001199816","GGCT ","ENSG00000006625"
"NM_001199823","NEDD8-MDP1 ","ENSG00000255526"
"NM_001199823","NEDD8-MDP1 ","ENSG00000285425"
"NM_001199864","BCL2L2-PABPN1 ","ENSG00000258643"
"NM_001199900","PDK2 ","ENSG00000005882"
"NM_001201459","ZNF513 ","ENSG00000163795"
"NM_001202403","ASB6 ","ENSG00000148331"
"NM_001202485","HSPE1-MOB4 ","ENSG00000270757"
"NM_001202547","SYNJ2BP-COX16 ","ENSG00000258644"
"NM_001202558","CHURC1-FNTB ","ENSG00000257365"
"NM_001203260","NDUFC2-KCTD14 ","ENSG00000259112"
"NM_001204062","COMMD3-BMI1 ","ENSG00000269897"
"NM_001204180","ZHX1-C8ORF76 ","ENSG00000259305"
"NM_001204425","BIVM-ERCC5 ","ENSG00000270181"
"NM_001204848","TNFAIP8L2-SCNM1 ","ENSG00000163156"
"NM_001204890","ISY1-RAB43 ","ENSG00000261796"
"NM_001205","BNIP1 ","ENSG00000113734"
"NM_001206","KLF9 ","ENSG00000119138"
"NM_001206491","MAVS ","ENSG00000088888"
"NM_001206682","ATF7 ","ENSG00000170653"
"NM_001207","BTF3 ","ENSG00000145741"
"NM_001212","C1QBP ","ENSG00000108561"
"NM_001219","CALU ","ENSG00000128595"
"NM_001227","CASP7 ","ENSG00000165806"
"NM_001229","CASP9 ","ENSG00000132906"
"NM_001239","CCNH ","ENSG00000134480"
"NM_001242393","ACSS2 ","ENSG00000131069"
"NM_001242713","LOC100289561 ",NA
"NM_001243399","GLRX2 ","ENSG00000023572"
"NM_001243650","GFOD2 ","ENSG00000141098"
"NM_001243770","FAM178A ","ENSG00000119906"
"NM_001243777","CEP57 ","ENSG00000166037"
"NM_001244584","C7orf55-LUC7L2 ","ENSG00000269955"
"NM_001247","ENTPD6 ","ENSG00000197586"
"NM_001252678","BBS4 ","ENSG00000140463"
"NM_001253","CDC5L ","ENSG00000096401"
"NM_001254755","CYB5D2 ","ENSG00000167740"
"NM_001256","CDC27 ","ENSG00000004897"
"NM_001256167","ZNF620 ","ENSG00000177842"
"NM_001256197","ARAF ","ENSG00000078061"
"NM_001256425","PDLIM5 ","ENSG00000163110"
"NM_001256686","CSNK2A3 ","ENSG00000254598"
"NM_001257069","FBXW7 ","ENSG00000109670"
"NM_001258388","FAM173B ","ENSG00000150756"
"NM_001260","CDK8 ","ENSG00000132964"
"NM_001261","CDK9 ","ENSG00000136807"
"NM_001261434","AARSD1 ","ENSG00000266967"
"NM_001270680","MCU ","ENSG00000156026"
"NM_001270768","STRIP1 ","ENSG00000143093"
"NM_001270977","IST1 ","ENSG00000182149"
"NM_001271420","TTC19 ","ENSG00000011295"
"NM_001271573","PEX11A ","ENSG00000166821"
"NM_001271592","LOC100129361 ","ENSG00000256537"
"NM_001271592","LOC100129361 ","ENSG00000281930"
"NM_001271643","THADA ","ENSG00000115970"
"NM_001271649","ZNF138 ","ENSG00000197008"
"NM_001271675","LOC441155 ","ENSG00000214558"
"NM_001271840","IKZF5 ","ENSG00000095574"
"NM_001272049","TRAP1 ","ENSG00000126602"
"NM_001272051","C16orf91 ","ENSG00000174109"
"NM_001273","CHD4 ","ENSG00000111642"
"NM_001276293","NISCH ","ENSG00000010322"
"NM_001278","CHUK ","ENSG00000213341"
"NM_001281","TBCB ","ENSG00000105254"
"NM_001284","AP3S1 ","ENSG00000177879"
"NM_001287","CLCN7 ","ENSG00000103249"
"NM_001293","CLNS1A ","ENSG00000074201"
"NM_001294","CLPTM1 ","ENSG00000104853"
"NM_001304","CPD ","ENSG00000108582"
"NM_001320","CSNK2B ","ENSG00000230700"
"NM_001320","CSNK2B ","ENSG00000206406"
"NM_001320","CSNK2B ","ENSG00000204435"
"NM_001320","CSNK2B ","ENSG00000228875"
"NM_001320","CSNK2B ","ENSG00000224398"
"NM_001320","CSNK2B ","ENSG00000232960"
"NM_001320","CSNK2B ","ENSG00000224774"
"NM_001324","CSTF1 ","ENSG00000101138"
"NM_001328","CTBP1 ","ENSG00000159692"
"NM_001344","DAD1 ","ENSG00000129562"
"NM_001349","DARS ","ENSG00000115866"
"NM_001350","DAXX ","ENSG00000206206"
"NM_001350","DAXX ","ENSG00000206279"
"NM_001350","DAXX ","ENSG00000204209"
"NM_001350","DAXX ","ENSG00000231617"
"NM_001350","DAXX ","ENSG00000227046"
"NM_001356","DDX3X ","ENSG00000215301"
"NM_001357","DHX9 ","ENSG00000135829"
"NM_001358","DHX15 ","ENSG00000109606"
"NM_001363","DKC1 ","ENSG00000130826"
"NM_001375","DNASE2 ","ENSG00000105612"
"NM_001382","DPAGT1 ","ENSG00000172269"
"NM_001383","DPH1 ","ENSG00000108963"
"NM_001384","DPH2 ","ENSG00000132768"
"NM_001388","DRG2 ","ENSG00000108591"
"NM_001398","ECH1 ","ENSG00000104823"
"NM_001398","ECH1 ","ENSG00000282853"
"NM_001416","EIF4A1 ","ENSG00000161960"
"NM_001418","EIF4G2 ","ENSG00000110321"
"NM_001419","ELAVL1 ","ENSG00000066044"
"NM_001440","EXTL3 ","ENSG00000012232"
"NM_001469","XRCC6 ","ENSG00000196419"
"NM_001487","BLOC1S1 ","ENSG00000135441"
"NM_001494","GDI2 ","ENSG00000057608"
"NM_001498","GCLC ","ENSG00000001084"
"NM_001499","GLE1 ","ENSG00000119392"
"NM_001514","GTF2B ","ENSG00000137947"
"NM_001517","GTF2H4 ","ENSG00000213780"
"NM_001517","GTF2H4 ","ENSG00000226384"
"NM_001517","GTF2H4 ","ENSG00000236895"
"NM_001517","GTF2H4 ","ENSG00000233149"
"NM_001517","GTF2H4 ","ENSG00000221974"
"NM_001517","GTF2H4 ","ENSG00000234370"
"NM_001518","GTF2I ","ENSG00000263001"
"NM_001519","BRF1 ","ENSG00000185024"
"NM_001520","GTF3C1 ","ENSG00000077235"
"NM_001521","GTF3C2 ","ENSG00000115207"
"NM_001527","HDAC2 ","ENSG00000196591"
"NM_001533","HNRNPL ","ENSG00000104824"
"NM_001533","HNRNPL ","ENSG00000282947"
"NM_001537","HSBP1 ","ENSG00000230989"
"NM_001543","NDST1 ","ENSG00000070614"
"NM_001545","ICT1 ","ENSG00000167862"
"NM_001550","IFRD1 ","ENSG00000006652"
"NM_001560","IL13RA1 ","ENSG00000131724"
"NM_001568","EIF3E ","ENSG00000104408"
"NM_001569","IRAK1 ","ENSG00000184216"
"NM_001605","AARS ","ENSG00000090861"
"NM_001618","PARP1 ","ENSG00000143799"
"NM_001625","AK2 ","ENSG00000004455"
"NM_001634","AMD1 ","ENSG00000123505"
"NM_001640","APEH ","ENSG00000164062"
"NM_001641","APEX1 ","ENSG00000291796"
"NM_001641","APEX1 ","ENSG00000100823"
"NM_001655","ARCN1 ","ENSG00000095139"
"NM_001658","ARF1 ","ENSG00000143761"
"NM_001662","ARF5 ","ENSG00000004059"
"NM_001663","ARF6 ","ENSG00000165527"
"NM_001664","RHOA ","ENSG00000067560"
"NM_001668","ARNT ","ENSG00000143437"
"NM_001675","ATF4 ","ENSG00000128272"
"NM_001685","ATP5J ","ENSG00000154723"
"NM_001686","ATP5B ","ENSG00000110955"
"NM_001687","ATP5D ","ENSG00000099624"
"NM_001688","ATP5F1 ","ENSG00000116459"
"NM_001689","ATP5G3 ","ENSG00000154518"
"NM_001694","ATP6V0C ","ENSG00000185883"
"NM_001695","ATP6V1C1 ","ENSG00000155097"
"NM_001696","ATP6V1E1 ","ENSG00000131100"
"NM_001697","ATP5O ","ENSG00000241837"
"NM_001698","AUH ","ENSG00000148090"
"NM_001707","BCL7B ","ENSG00000106635"
"NM_001724","BPGM ","ENSG00000172331"
"NM_001728","BSG ","ENSG00000172270"
"NM_001746","CANX ","ENSG00000127022"
"NM_001746","CANX ","ENSG00000283777"
"NM_001749","CAPNS1 ","ENSG00000126247"
"NM_001751","CARS ","ENSG00000110619"
"NM_001751","CARS ","ENSG00000278191"
"NM_001762","CCT6A ","ENSG00000146731"
"NM_001780","CD63 ","ENSG00000135404"
"NM_001791","CDC42 ","ENSG00000070831"
"NM_001806","CEBPG ","ENSG00000153879"
"NM_001810","CENPB ","ENSG00000125817"
"NM_001829","CLCN3 ","ENSG00000109572"
"NM_001833","CLTA ","ENSG00000122705"
"NM_001834","CLTB ","ENSG00000175416"
"NM_001861","COX4I1 ","ENSG00000131143"
"NM_001862","COX5B ","ENSG00000291596"
"NM_001862","COX5B ","ENSG00000135940"
"NM_001863","COX6B1 ","ENSG00000126267"
"NM_001865","COX7A2 ","ENSG00000112695"
"NM_001867","COX7C ","ENSG00000127184"
"NM_001880","ATF2 ","ENSG00000115966"
"NM_001892","CSNK1A1 ","ENSG00000113712"
"NM_001893","CSNK1D ","ENSG00000141551"
"NM_001903","CTNNA1 ","ENSG00000044115"
"NM_001904","CTNNB1 ","ENSG00000168036"
"NM_001909","CTSD ","ENSG00000117984"
"NM_001913","CUX1 ","ENSG00000257923"
"NM_001916","CYC1 ","ENSG00000179091"
"NM_001918","DBT ","ENSG00000137992"
"NM_001919","ECI1 ","ENSG00000167969"
"NM_001921","DCTD ","ENSG00000129187"
"NM_001923","DDB1 ","ENSG00000167986"
"NM_001930","DHPS ","ENSG00000095059"
"NM_001933","DLST ","ENSG00000119689"
"NM_001938","DR1 ","ENSG00000117505"
"NM_001948","DUT ","ENSG00000128951"
"NM_001950","E2F4 ","ENSG00000205250"
"NM_001959","EEF1B2 ","ENSG00000114942"
"NM_001959","EEF1B2 ","ENSG00000283391"
"NM_001961","EEF2 ","ENSG00000167658"
"NM_001969","EIF5 ","ENSG00000100664"
"NM_001970","EIF5A ","ENSG00000288145"
"NM_001970","EIF5A ","ENSG00000132507"
"NM_001973","ELK4 ","ENSG00000158711"
"NM_001983","ERCC1 ","ENSG00000012061"
"NM_001984","ESD ","ENSG00000139684"
"NM_001985","ETFB ","ENSG00000105379"
"NM_001987","ETV6 ","ENSG00000139083"
"NM_002004","FDPS ","ENSG00000160752"
"NM_002013","FKBP3 ","ENSG00000100442"
"NM_002027","FNTA ","ENSG00000168522"
"NM_002028","FNTB ","ENSG00000257365"
"NM_002035","KDSR ","ENSG00000119537"
"NM_002041","GABPB1 ","ENSG00000104064"
"NM_002044","GALK2 ","ENSG00000156958"
"NM_002047","GARS ","ENSG00000106105"
"NM_002061","GCLM ","ENSG00000023909"
"NM_002074","GNB1 ","ENSG00000078369"
"NM_002076","GNS ","ENSG00000135677"
"NM_002077","GOLGA1 ","ENSG00000136935"
"NM_002085","GPX4 ","ENSG00000167468"
"NM_002092","GRSF1 ","ENSG00000132463"
"NM_002093","GSK3B ","ENSG00000082701"
"NM_002094","GSPT1 ","ENSG00000103342"
"NM_002096","GTF2F1 ","ENSG00000125651"
"NM_002097","GTF3A ","ENSG00000122034"
"NM_002105","H2AFX ","ENSG00000188486"
"NM_002106","H2AFZ ","ENSG00000164032"
"NM_002109","HARS ","ENSG00000170445"
"NM_002111","HTT ","ENSG00000197386"
"NM_002114","HIVEP1 ","ENSG00000095951"
"NM_002128","HMGB1 ","ENSG00000189403"
"NM_002134","HMOX2 ","ENSG00000103415"
"NM_002134","HMOX2 ","ENSG00000277424"
"NM_002137","HNRNPA2B1 ","ENSG00000122566"
"NM_002138","HNRNPD ","ENSG00000138668"
"NM_002139","RBMX ","ENSG00000147274"
"NM_002140","HNRNPK ","ENSG00000165119"
"NM_002154","HSPA4 ","ENSG00000170606"
"NM_002161","IARS ","ENSG00000291356"
"NM_002161","IARS ","ENSG00000196305"
"NM_002184","IL6ST ","ENSG00000134352"
"NM_002211","ITGB1 ","ENSG00000150093"
"NM_002212","EIF6 ","ENSG00000242372"
"NM_002227","JAK1 ","ENSG00000162434"
"NM_002231","CD82 ","ENSG00000085117"
"NM_002264","KPNA1 ","ENSG00000114030"
"NM_002265","KPNB1 ","ENSG00000108424"
"NM_002270","TNPO1 ","ENSG00000083312"
"NM_002294","LAMP2 ","ENSG00000005893"
"NM_002311","LIG3 ","ENSG00000005156"
"NM_002312","LIG4 ","ENSG00000174405"
"NM_002337","LRPAP1 ","ENSG00000163956"
"NM_002340","LSS ","ENSG00000160285"
"NM_002340","LSS ","ENSG00000281289"
"NM_002355","M6PR ","ENSG00000003056"
"NM_002370","MAGOH ","ENSG00000162385"
"NM_002376","MARK3 ","ENSG00000075413"
"NM_002382","MAX ","ENSG00000125952"
"NM_002383","MAZ ","ENSG00000103495"
"NM_002384","MBD1 ","ENSG00000141644"
"NM_002396","ME2 ","ENSG00000082212"
"NM_002408","MGAT2 ","ENSG00000168282"
"NM_002412","MGMT ","ENSG00000170430"
"NM_002415","MIF ","ENSG00000240972"
"NM_002415","MIF ","ENSG00000276701"
"NM_002431","MNAT1 ","ENSG00000020426"
"NM_002434","MPG ","ENSG00000103152"
"NM_002435","MPI ","ENSG00000178802"
"NM_002439","MSH3 ","ENSG00000113318"
"NM_002454","MTRR ","ENSG00000124275"
"NM_002461","MVD ","ENSG00000167508"
"NM_002484","NUBP1 ","ENSG00000103274"
"NM_002485","NBN ","ENSG00000104320"
"NM_002488","NDUFA2 ","ENSG00000131495"
"NM_002489","NDUFA4 ","ENSG00000189043"
"NM_002490","NDUFA6 ","ENSG00000184983"
"NM_002490","NDUFA6 ","ENSG00000281013"
"NM_002490","NDUFA6 ","ENSG00000272765"
"NM_002490","NDUFA6 ","ENSG00000277365"
"NM_002490","NDUFA6 ","ENSG00000273397"
"NM_002491","NDUFB3 ","ENSG00000119013"
"NM_002492","NDUFB5 ","ENSG00000136521"
"NM_002493","NDUFB6 ","ENSG00000165264"
"NM_002494","NDUFC1 ","ENSG00000109390"
"NM_002495","NDUFS4 ","ENSG00000164258"
"NM_002496","NDUFS8 ","ENSG00000110717"
"NM_002503","NFKBIB ","ENSG00000282905"
"NM_002503","NFKBIB ","ENSG00000104825"
"NM_002504","NFX1 ","ENSG00000086102"
"NM_002512","NME2 ","ENSG00000243678"
"NM_002513","NME3 ","ENSG00000103024"
"NM_002537","OAZ2 ","ENSG00000180304"
"NM_002539","ODC1 ","ENSG00000115758"
"NM_002552","ORC4 ","ENSG00000115947"
"NM_002556","OSBP ","ENSG00000110048"
"NM_002567","PEBP1 ","ENSG00000089220"
"NM_002574","PRDX1 ","ENSG00000117450"
"NM_002577","PAK2 ","ENSG00000180370"
"NM_002582","PARN ","ENSG00000140694"
"NM_002582","PARN ","ENSG00000274829"
"NM_002586","PBX2 ","ENSG00000204304"
"NM_002586","PBX2 ","ENSG00000236353"
"NM_002586","PBX2 ","ENSG00000237344"
"NM_002586","PBX2 ","ENSG00000224952"
"NM_002586","PBX2 ","ENSG00000232005"
"NM_002586","PBX2 ","ENSG00000206315"
"NM_002586","PBX2 ","ENSG00000225987"
"NM_002592","PCNA ","ENSG00000132646"
"NM_002598","PDCD2 ","ENSG00000071994"
"NM_002601","PDE6D ","ENSG00000156973"
"NM_002618","PEX13 ","ENSG00000162928"
"NM_002623","PFDN4 ","ENSG00000101132"
"NM_002624","PFDN5 ","ENSG00000123349"
"NM_002624","PFDN5 ","ENSG00000291834"
"NM_002634","PHB ","ENSG00000167085"
"NM_002635","SLC25A3 ","ENSG00000075415"
"NM_002642","PIGC ","ENSG00000135845"
"NM_002643","PIGF ","ENSG00000151665"
"NM_002647","PIK3C3 ","ENSG00000078142"
"NM_002650","PI4KA ",NA
"NM_002651","PI4KB ","ENSG00000143393"
"NM_002669","PLRG1 ","ENSG00000171566"
"NM_002685","EXOSC10 ","ENSG00000171824"
"NM_002687","PNN ","ENSG00000100941"
"NM_002693","POLG ","ENSG00000140521"
"NM_002695","POLR2E ","ENSG00000099817"
"NM_002696","POLR2G ","ENSG00000168002"
"NM_002706","PPM1B ","ENSG00000138032"
"NM_002708","PPP1CA ","ENSG00000172531"
"NM_002710","PPP1CC ","ENSG00000186298"
"NM_002712","PPP1R7 ","ENSG00000115685"
"NM_002713","PPP1R8 ","ENSG00000117751"
"NM_002714","PPP1R10 ","ENSG00000227804"
"NM_002714","PPP1R10 ","ENSG00000238104"
"NM_002714","PPP1R10 ","ENSG00000231737"
"NM_002714","PPP1R10 ","ENSG00000235291"
"NM_002714","PPP1R10 ","ENSG00000204569"
"NM_002714","PPP1R10 ","ENSG00000206489"
"NM_002714","PPP1R10 ","ENSG00000230995"
"NM_002715","PPP2CA ","ENSG00000113575"
"NM_002717","PPP2R2A ","ENSG00000221914"
"NM_002719","PPP2R5C ","ENSG00000078304"
"NM_002720","PPP4C ","ENSG00000149923"
"NM_002721","PPP6C ","ENSG00000119414"
"NM_002726","PREP ","ENSG00000085377"
"NM_002730","PRKACA ","ENSG00000288516"
"NM_002730","PRKACA ","ENSG00000072062"
"NM_002733","PRKAG1 ","ENSG00000181929"
"NM_002734","PRKAR1A ","ENSG00000108946"
"NM_002745","MAPK1 ","ENSG00000100030"
"NM_002748","MAPK6 ","ENSG00000069956"
"NM_002750","MAPK8 ",NA
"NM_002752","MAPK9 ","ENSG00000050748"
"NM_002755","MAP2K1 ","ENSG00000169032"
"NM_002757","MAP2K5 ","ENSG00000137764"
"NM_002764","PRPS1 ","ENSG00000147224"
"NM_002766","PRPSAP1 ","ENSG00000161542"
"NM_002768","CHMP1A ","ENSG00000131165"
"NM_002786","PSMA1 ","ENSG00000129084"
"NM_002787","PSMA2 ","ENSG00000106588"
"NM_002788","PSMA3 ","ENSG00000100567"
"NM_002789","PSMA4 ","ENSG00000041357"
"NM_002790","PSMA5 ","ENSG00000143106"
"NM_002791","PSMA6 ","ENSG00000100902"
"NM_002792","PSMA7 ","ENSG00000101182"
"NM_002793","PSMB1 ","ENSG00000008018"
"NM_002794","PSMB2 ","ENSG00000126067"
"NM_002795","PSMB3 ","ENSG00000277791"
"NM_002795","PSMB3 ","ENSG00000275903"
"NM_002796","PSMB4 ","ENSG00000159377"
"NM_002797","PSMB5 ","ENSG00000100804"
"NM_002798","PSMB6 ","ENSG00000142507"
"NM_002799","PSMB7 ","ENSG00000136930"
"NM_002803","PSMC2 ","ENSG00000161057"
"NM_002804","PSMC3 ","ENSG00000165916"
"NM_002805","PSMC5 ","ENSG00000087191"
"NM_002806","PSMC6 ","ENSG00000100519"
"NM_002807","PSMD1 ","ENSG00000173692"
"NM_002808","PSMD2 ","ENSG00000175166"
"NM_002809","PSMD3 ","ENSG00000108344"
"NM_002810","PSMD4 ","ENSG00000159352"
"NM_002811","PSMD7 ","ENSG00000103035"
"NM_002812","PSMD8 ","ENSG00000099341"
"NM_002813","PSMD9 ","ENSG00000110801"
"NM_002814","PSMD10 ","ENSG00000101843"
"NM_002815","PSMD11 ","ENSG00000108671"
"NM_002816","PSMD12 ","ENSG00000197170"
"NM_002817","PSMD13 ","ENSG00000185627"
"NM_002826","QSOX1 ","ENSG00000116260"
"NM_002827","PTPN1 ","ENSG00000196396"
"NM_002834","PTPN11 ","ENSG00000179295"
"NM_002853","RAD1 ","ENSG00000113456"
"NM_002857","PEX19 ","ENSG00000162735"
"NM_002858","ABCD3 ","ENSG00000117528"
"NM_002865","RAB2A ","ENSG00000104388"
"NM_002868","RAB5B ","ENSG00000111540"
"NM_002869","RAB6A ","ENSG00000175582"
"NM_002873","RAD17 ","ENSG00000276618"
"NM_002873","RAD17 ","ENSG00000152942"
"NM_002874","RAD23B ","ENSG00000119318"
"NM_002876","RAD51C ","ENSG00000108384"
"NM_002880","RAF1 ","ENSG00000132155"
"NM_002882","RANBP1 ","ENSG00000099901"
"NM_002883","RANGAP1 ","ENSG00000100401"
"NM_002884","RAP1A ","ENSG00000116473"
"NM_002887","RARS ","ENSG00000113643"
"NM_002893","RBBP7 ","ENSG00000102054"
"NM_002896","RBM4 ","ENSG00000173933"
"NM_002902","RCN2 ","ENSG00000117906"
"NM_002904","NELFE ","ENSG00000233801"
"NM_002904","NELFE ","ENSG00000231044"
"NM_002904","NELFE ","ENSG00000229363"
"NM_002904","NELFE ","ENSG00000204356"
"NM_002904","NELFE ","ENSG00000206268"
"NM_002904","NELFE ","ENSG00000206357"
"NM_002906","RDX ","ENSG00000137710"
"NM_002911","UPF1 ","ENSG00000005007"
"NM_002913","RFC1 ","ENSG00000035928"
"NM_002914","RFC2 ","ENSG00000049541"
"NM_002917","RFNG ","ENSG00000169733"
"NM_002931","RING1 ","ENSG00000228520"
"NM_002931","RING1 ","ENSG00000206287"
"NM_002931","RING1 ","ENSG00000235107"
"NM_002931","RING1 ","ENSG00000226788"
"NM_002931","RING1 ","ENSG00000204227"
"NM_002931","RING1 ","ENSG00000231115"
"NM_002936","RNASEH1 ","ENSG00000171865"
"NM_002938","RNF4 ","ENSG00000063978"
"NM_002939","RNH1 ","ENSG00000023191"
"NM_002939","RNH1 ","ENSG00000276230"
"NM_002940","ABCE1 ","ENSG00000164163"
"NM_002946","RPA2 ","ENSG00000117748"
"NM_002947","RPA3 ","ENSG00000106399"
"NM_002949","MRPL12 ","ENSG00000262814"
"NM_002950","RPN1 ","ENSG00000163902"
"NM_002951","RPN2 ","ENSG00000291973"
"NM_002951","RPN2 ","ENSG00000118705"
"NM_002957","RXRA ","ENSG00000186350"
"NM_002973","ATXN2 ","ENSG00000204842"
"NM_003000","SDHB ","ENSG00000117118"
"NM_003001","SDHC ","ENSG00000143252"
"NM_003002","SDHD ","ENSG00000204370"
"NM_003011","SET ","ENSG00000119335"
"NM_003016","SRSF2 ","ENSG00000161547"
"NM_003017","SRSF3 ","ENSG00000112081"
"NM_003021","SGTA ","ENSG00000104969"
"NM_003031","SIAH1 ","ENSG00000196470"
"NM_003070","SMARCA2 ","ENSG00000080503"
"NM_003072","SMARCA4 ","ENSG00000127616"
"NM_003073","SMARCB1 ","ENSG00000275837"
"NM_003073","SMARCB1 ","ENSG00000099956"
"NM_003079","SMARCE1 ","ENSG00000073584"
"NM_003089","SNRNP70 ","ENSG00000104852"
"NM_003091","SNRPB ","ENSG00000125835"
"NM_003092","SNRPB2 ","ENSG00000125870"
"NM_003093","SNRPC ","ENSG00000124562"
"NM_003096","SNRPG ","ENSG00000143977"
"NM_003100","SNX2 ","ENSG00000205302"
"NM_003115","UAP1 ","ENSG00000117143"
"NM_003119","SPG7 ","ENSG00000197912"
"NM_003132","SRM ","ENSG00000116649"
"NM_003133","SRP9 ","ENSG00000143742"
"NM_003134","SRP14 ","ENSG00000140319"
"NM_003135","SRP19 ","ENSG00000153037"
"NM_003136","SRP54 ","ENSG00000100883"
"NM_003139","SRPR ","ENSG00000182934"
"NM_003142","SSB ","ENSG00000138385"
"NM_003143","SSBP1 ","ENSG00000262771"
"NM_003143","SSBP1 ","ENSG00000106028"
"NM_003144","SSR1 ","ENSG00000124783"
"NM_003145","SSR2 ","ENSG00000163479"
"NM_003146","SSRP1 ","ENSG00000149136"
"NM_003150","STAT3 ","ENSG00000168610"
"NM_003156","STIM1 ","ENSG00000167323"
"NM_003157","NEK4 ","ENSG00000114904"
"NM_003161","RPS6KB1 ","ENSG00000108443"
"NM_003164","STX5 ","ENSG00000162236"
"NM_003168","SUPT4H1 ","ENSG00000213246"
"NM_003169","SUPT5H ","ENSG00000196235"
"NM_003170","SUPT6H ","ENSG00000109111"
"NM_003171","SUPV3L1 ","ENSG00000156502"
"NM_003172","SURF1 ","ENSG00000280627"
"NM_003172","SURF1 ","ENSG00000148290"
"NM_003185","TAF4 ","ENSG00000280529"
"NM_003185","TAF4 ","ENSG00000130699"
"NM_003187","TAF9 ","ENSG00000276463"
"NM_003187","TAF9 ","ENSG00000273841"
"NM_003188","MAP3K7 ","ENSG00000135341"
"NM_003190","TAPBP ","ENSG00000236490"
"NM_003190","TAPBP ","ENSG00000112493"
"NM_003190","TAPBP ","ENSG00000206208"
"NM_003190","TAPBP ","ENSG00000206281"
"NM_003190","TAPBP ","ENSG00000231925"
"NM_003192","TBCC ","ENSG00000124659"
"NM_003193","TBCE ","ENSG00000284770"
"NM_003198","TCEB3 ","ENSG00000011007"
"NM_003201","TFAM ","ENSG00000108064"
"NM_003216","TEF ","ENSG00000167074"
"NM_003217","TMBIM6 ","ENSG00000139644"
"NM_003224","ARFRP1 ","ENSG00000101246"
"NM_003249","THOP1 ","ENSG00000172009"
"NM_003252","TIAL1 ","ENSG00000151923"
"NM_003262","SEC62 ","ENSG00000008952"
"NM_003274","TRAPPC10 ","ENSG00000160218"
"NM_003286","TOP1 ","ENSG00000198900"
"NM_003288","TPD52L2 ","ENSG00000101150"
"NM_003291","TPP2 ","ENSG00000134900"
"NM_003297","NR2C1 ","ENSG00000120798"
"NM_003309","TSPYL1 ","ENSG00000189241"
"NM_003313","TSTA3 ","ENSG00000278243"
"NM_003313","TSTA3 ","ENSG00000104522"
"NM_003314","TTC1 ","ENSG00000113312"
"NM_003315","DNAJC7 ","ENSG00000168259"
"NM_003321","TUFM ","ENSG00000178952"
"NM_003330","TXNRD1 ","ENSG00000198431"
"NM_003331","TYK2 ","ENSG00000105397"
"NM_003333","UBA52 ","ENSG00000221983"
"NM_003334","UBA1 ","ENSG00000130985"
"NM_003336","UBE2A ","ENSG00000077721"
"NM_003337","UBE2B ","ENSG00000119048"
"NM_003339","UBE2D2 ","ENSG00000131508"
"NM_003340","UBE2D3 ","ENSG00000109332"
"NM_003341","UBE2E1 ","ENSG00000170142"
"NM_003343","UBE2G2 ","ENSG00000184787"
"NM_003344","UBE2H ","ENSG00000186591"
"NM_003345","UBE2I ","ENSG00000103275"
"NM_003347","UBE2L3 ","ENSG00000185651"
"NM_003348","UBE2N ","ENSG00000177889"
"NM_003350","UBE2V2 ","ENSG00000169139"
"NM_003352","SUMO1 ","ENSG00000116030"
"NM_003362","UNG ","ENSG00000076248"
"NM_003363","USP4 ","ENSG00000114316"
"NM_003365","UQCRC1 ","ENSG00000010256"
"NM_003366","UQCRC2 ","ENSG00000140740"
"NM_003367","USF2 ","ENSG00000105698"
"NM_003372","VBP1 ","ENSG00000155959"
"NM_003400","XPO1 ","ENSG00000082898"
"NM_003403","YY1 ","ENSG00000100811"
"NM_003404","YWHAB ","ENSG00000166913"
"NM_003409","ZBTB14 ","ENSG00000198081"
"NM_003416","ZNF7 ","ENSG00000147789"
"NM_003418","CNBP ","ENSG00000169714"
"NM_003421","ZNF37A ","ENSG00000075407"
"NM_003422","MZF1 ","ENSG00000099326"
"NM_003427","ZNF76 ","ENSG00000065029"
"NM_003430","ZNF91 ","ENSG00000167232"
"NM_003432","ZNF131 ","ENSG00000172262"
"NM_003435","ZNF134 ","ENSG00000213762"
"NM_003439","ZKSCAN1 ","ENSG00000106261"
"NM_003442","ZNF143 ","ENSG00000166478"
"NM_003443","ZBTB17 ","ENSG00000116809"
"NM_003449","TRIM26 ","ENSG00000231641"
"NM_003449","TRIM26 ","ENSG00000228881"
"NM_003449","TRIM26 ","ENSG00000231002"
"NM_003449","TRIM26 ","ENSG00000226060"
"NM_003449","TRIM26 ","ENSG00000230230"
"NM_003449","TRIM26 ","ENSG00000234046"
"NM_003449","TRIM26 ","ENSG00000234127"
"NM_003449","TRIM26 ","ENSG00000137313"
"NM_003450","ZNF174 ","ENSG00000103343"
"NM_003453","ZMYM2 ","ENSG00000121741"
"NM_003457","ZNF207 ","ENSG00000010244"
"NM_003470","USP7 ","ENSG00000187555"
"NM_003472","DEK ","ENSG00000124795"
"NM_003473","STAM ","ENSG00000136738"
"NM_003477","PDHX ","ENSG00000110435"
"NM_003478","CUL5 ","ENSG00000166266"
"NM_003481","USP5 ","ENSG00000111667"
"NM_003487","TAF15 ","ENSG00000276833"
"NM_003487","TAF15 ","ENSG00000270647"
"NM_003489","NRIP1 ","ENSG00000180530"
"NM_003491","NAA10 ","ENSG00000102030"
"NM_003492","TMEM187 ","ENSG00000177854"
"NM_003501","ACOX3 ","ENSG00000087008"
"NM_003502","AXIN1 ","ENSG00000103126"
"NM_003526","HIST1H2BC ","ENSG00000180596"
"NM_003557","PIP5K1A ","ENSG00000143398"
"NM_003562","SLC25A11 ","ENSG00000108528"
"NM_003563","SPOP ","ENSG00000121067"
"NM_003565","ULK1 ","ENSG00000177169"
"NM_003574","VAPA ","ENSG00000101558"
"NM_003584","DUSP11 ","ENSG00000291483"
"NM_003584","DUSP11 ","ENSG00000144048"
"NM_003587","DHX16 ","ENSG00000227222"
"NM_003587","DHX16 ","ENSG00000233418"
"NM_003587","DHX16 ","ENSG00000226171"
"NM_003587","DHX16 ","ENSG00000204560"
"NM_003587","DHX16 ","ENSG00000206486"
"NM_003587","DHX16 ","ENSG00000233049"
"NM_003587","DHX16 ","ENSG00000233561"
"NM_003587","DHX16 ","ENSG00000231377"
"NM_003588","CUL4B ","ENSG00000158290"
"NM_003589","CUL4A ","ENSG00000139842"
"NM_003591","CUL2 ","ENSG00000108094"
"NM_003592","CUL1 ","ENSG00000055130"
"NM_003595","TPST2 ","ENSG00000128294"
"NM_003624","RANBP3 ","ENSG00000031823"
"NM_003626","PPFIA1 ","ENSG00000131626"
"NM_003626","PPFIA1 ","ENSG00000288198"
"NM_003642","HAT1 ","ENSG00000128708"
"NM_003642","HAT1 ","ENSG00000292096"
"NM_003653","COPS3 ","ENSG00000141030"
"NM_003659","AGPS ","ENSG00000018510"
"NM_003663","CGGBP1 ","ENSG00000163320"
"NM_003664","AP3B1 ","ENSG00000132842"
"NM_003666","BLZF1 ","ENSG00000117475"
"NM_003668","MAPKAPK5 ","ENSG00000089022"
"NM_003675","PRPF18 ","ENSG00000165630"
"NM_003676","DEGS1 ","ENSG00000143753"
"NM_003677","DENR ","ENSG00000139726"
"NM_003678","THOC5 ","ENSG00000100296"
"NM_003680","YARS ","ENSG00000134684"
"NM_003683","RRP1 ","ENSG00000160214"
"NM_003684","MKNK1 ","ENSG00000079277"
"NM_003685","KHSRP ","ENSG00000088247"
"NM_003689","AKR7A2 ","ENSG00000053371"
"NM_003703","NOP14 ","ENSG00000087269"
"NM_003707","RUVBL1 ","ENSG00000175792"
"NM_003718","CDK13 ","ENSG00000065883"
"NM_003721","RFXANK ","ENSG00000064490"
"NM_003729","RTCA ","ENSG00000137996"
"NM_003731","SSNA1 ","ENSG00000176101"
"NM_003743","NCOA1 ","ENSG00000084676"
"NM_003750","EIF3A ","ENSG00000107581"
"NM_003751","EIF3B ","ENSG00000106263"
"NM_003753","EIF3D ","ENSG00000100353"
"NM_003755","EIF3G ","ENSG00000130811"
"NM_003756","EIF3H ","ENSG00000147677"
"NM_003757","EIF3I ","ENSG00000084623"
"NM_003758","EIF3J ","ENSG00000104131"
"NM_003760","EIF4G3 ","ENSG00000075151"
"NM_003765","STX10 ","ENSG00000104915"
"NM_003766","BECN1 ","ENSG00000126581"
"NM_003776","MRPL40 ","ENSG00000185608"
"NM_003779","B4GALT3 ","ENSG00000158850"
"NM_003791","MBTPS1 ","ENSG00000140943"
"NM_003792","EDF1 ","ENSG00000107223"
"NM_003794","SNX4 ","ENSG00000114520"
"NM_003795","SNX3 ","ENSG00000112335"
"NM_003796","URI1 ","ENSG00000105176"
"NM_003797","EED ","ENSG00000074266"
"NM_003801","GPAA1 ","ENSG00000197858"
"NM_003804","RIPK1 ","ENSG00000137275"
"NM_003805","CRADD ","ENSG00000169372"
"NM_003818","CDS2 ","ENSG00000101290"
"NM_003824","FADD ","ENSG00000168040"
"NM_003825","SNAP23 ","ENSG00000092531"
"NM_003827","NAPA ","ENSG00000105402"
"NM_003828","MTMR1 ","ENSG00000063601"
"NM_003831","RIOK3 ","ENSG00000101782"
"NM_003838","FPGT ","ENSG00000254685"
"NM_003846","PEX11B ","ENSG00000131779"
"NM_003848","SUCLG2 ","ENSG00000172340"
"NM_003849","SUCLG1 ","ENSG00000163541"
"NM_003850","SUCLA2 ","ENSG00000136143"
"NM_003851","CREG1 ","ENSG00000143162"
"NM_003859","DPM1 ","ENSG00000000419"
"NM_003860","BANF1 ","ENSG00000175334"
"NM_003861","DCAF5 ","ENSG00000139990"
"NM_003864","SAP30 ","ENSG00000164105"
"NM_003883","HDAC3 ","ENSG00000171720"
"NM_003884","KAT2B ","ENSG00000114166"
"NM_003901","SGPL1 ","ENSG00000166224"
"NM_003902","FUBP1 ","ENSG00000162613"
"NM_003903","CDC16 ","ENSG00000130177"
"NM_003904","ZNF259 ","ENSG00000109917"
"NM_003905","NAE1 ","ENSG00000159593"
"NM_003906","MCM3AP ","ENSG00000160294"
"NM_003907","EIF2B5 ","ENSG00000145191"
"NM_003908","EIF2S2 ","ENSG00000125977"
"NM_003909","CPNE3 ","ENSG00000085719"
"NM_003913","PRPF4B ","ENSG00000112739"
"NM_003915","CPNE1 ","ENSG00000214078"
"NM_003925","MBD4 ","ENSG00000129071"
"NM_003926","MBD3 ",NA
"NM_003927","MBD2 ","ENSG00000134046"
"NM_003938","AP3D1 ","ENSG00000065000"
"NM_003945","ATP6V0E1 ","ENSG00000113732"
"NM_003952","RPS6KB2 ","ENSG00000175634"
"NM_003968","UBA3 ","ENSG00000144744"
"NM_003969","UBE2M ","ENSG00000130725"
"NM_003971","SPAG9 ","ENSG00000008294"
"NM_003973","RPL14 ","ENSG00000188846"
"NM_003977","AIP ","ENSG00000110711"
"NM_003992","CLK3 ","ENSG00000179335"
"NM_004035","ACOX1 ","ENSG00000161533"
"NM_004040","RHOB ","ENSG00000143878"
"NM_004044","ATIC ","ENSG00000138363"
"NM_004045","ATOX1 ","ENSG00000177556"
"NM_004046","ATP5A1 ","ENSG00000152234"
"NM_004047","ATP6V0B ","ENSG00000117410"
"NM_004060","CCNG1 ","ENSG00000113328"
"NM_004068","AP2M1 ","ENSG00000161203"
"NM_004069","AP2S1 ","ENSG00000042753"
"NM_004074","COX8A ","ENSG00000176340"
"NM_004087","DLG1 ","ENSG00000075711"
"NM_004092","ECHS1 ","ENSG00000127884"
"NM_004094","EIF2S1 ","ENSG00000134001"
"NM_004099","STOM ","ENSG00000148175"
"NM_004109","FDX1 ","ENSG00000137714"
"NM_004111","FEN1 ","ENSG00000168496"
"NM_004127","GPS1 ","ENSG00000169727"
"NM_004128","GTF2F2 ","ENSG00000188342"
"NM_004134","HSPA9 ","ENSG00000113013"
"NM_004135","IDH3G ","ENSG00000067829"
"NM_004136","IREB2 ","ENSG00000136381"
"NM_004146","NDUFB7 ","ENSG00000099795"
"NM_004148","NINJ1 ","ENSG00000131669"
"NM_004152","OAZ1 ","ENSG00000104904"
"NM_004161","RAB1A ","ENSG00000138069"
"NM_004162","RAB5A ","ENSG00000144566"
"NM_004168","SDHA ","ENSG00000073578"
"NM_004175","SNRPD3 ","ENSG00000100028"
"NM_004180","TANK ","ENSG00000136560"
"NM_004182","UXT ","ENSG00000126756"
"NM_004187","KDM5C ","ENSG00000126012"
"NM_004193","GBF1 ","ENSG00000107862"
"NM_004206","SEC22C ","ENSG00000093183"
"NM_004214","FIBP ","ENSG00000172500"
"NM_004215","EBAG9 ","ENSG00000147654"
"NM_004218","RAB11B ","ENSG00000185236"
"NM_004229","MED14 ","ENSG00000180182"
"NM_004231","ATP6V1F ","ENSG00000128524"
"NM_004232","SOCS6 ","ENSG00000170677"
"NM_004236","COPS2 ","ENSG00000166200"
"NM_004238","TRIP12 ","ENSG00000153827"
"NM_004242","HMGN3 ","ENSG00000118418"
"NM_004247","EFTUD2 ","ENSG00000108883"
"NM_004251","RAB9A ","ENSG00000123595"
"NM_004264","MED21 ","ENSG00000152944"
"NM_004270","MED7 ","ENSG00000155868"
"NM_004275","MED20 ","ENSG00000124641"
"NM_004279","PMPCB ","ENSG00000105819"
"NM_004280","EEF1E1 ","ENSG00000124802"
"NM_004284","CHD1L ","ENSG00000131778"
"NM_004287","GOSR2 ","ENSG00000108433"
"NM_004290","RNF14 ","ENSG00000013561"
"NM_004299","ABCB7 ","ENSG00000131269"
"NM_004300","ACP1 ","ENSG00000143727"
"NM_004302","ACVR1B ","ENSG00000135503"
"NM_004309","ARHGDIA ","ENSG00000141522"
"NM_004317","ASNA1 ","ENSG00000198356"
"NM_004322","BAD ","ENSG00000002330"
"NM_004323","BAG1 ","ENSG00000107262"
"NM_004328","BCS1L ","ENSG00000074582"
"NM_004330","BNIP2 ","ENSG00000140299"
"NM_004337","OSGIN2 ","ENSG00000164823"
"NM_004343","CALR ","ENSG00000179218"
"NM_004346","CASP3 ","ENSG00000164305"
"NM_004356","CD81 ","ENSG00000110651"
"NM_004371","COPA ","ENSG00000122218"
"NM_004374","COX6C ","ENSG00000164919"
"NM_004375","COX11 ","ENSG00000166260"
"NM_004376","COX15 ","ENSG00000014919"
"NM_004384","CSNK1G3 ","ENSG00000151292"
"NM_004393","DAG1 ","ENSG00000173402"
"NM_004398","DDX10 ","ENSG00000178105"
"NM_004401","DFFA ","ENSG00000160049"
"NM_004414","RCAN1 ","ENSG00000159200"
"NM_004423","DVL3 ","ENSG00000161202"
"NM_004424","E4F1 ","ENSG00000167967"
"NM_004427","PHC2 ","ENSG00000134686"
"NM_004435","ENDOG ","ENSG00000167136"
"NM_004436","ENSA ","ENSG00000143420"
"NM_004446","EPRS ","ENSG00000136628"
"NM_004450","ERH ","ENSG00000100632"
"NM_004457","ACSL3 ","ENSG00000123983"
"NM_004459","BPTF ","ENSG00000171634"
"NM_004461","FARSA ","ENSG00000179115"
"NM_004462","FDFT1 ","ENSG00000079459"
"NM_004462","FDFT1 ","ENSG00000284967"
"NM_004475","FLOT2 ","ENSG00000132589"
"NM_004481","GALNT2 ","ENSG00000143641"
"NM_004486","GOLGA2 ","ENSG00000167110"
"NM_004487","GOLGB1 ","ENSG00000173230"
"NM_004489","GPS2 ","ENSG00000132522"
"NM_004489","GPS2 ","ENSG00000288325"
"NM_004491","ARHGAP35 ","ENSG00000160007"
"NM_004493","HSD17B10 ","ENSG00000072506"
"NM_004494","HDGF ","ENSG00000143321"
"NM_004499","HNRNPAB ","ENSG00000197451"
"NM_004500","HNRNPC ","ENSG00000092199"
"NM_004501","HNRNPU ","ENSG00000153187"
"NM_004504","AGFG1 ","ENSG00000173744"
"NM_004507","HUS1 ","ENSG00000136273"
"NM_004508","IDI1 ","ENSG00000067064"
"NM_004514","FOXK2 ","ENSG00000141568"
"NM_004515","ILF2 ","ENSG00000143621"
"NM_004528","MGST3 ","ENSG00000143198"
"NM_004539","NARS ","ENSG00000134440"
"NM_004542","NDUFA3 ","ENSG00000275724"
"NM_004542","NDUFA3 ","ENSG00000276220"
"NM_004542","NDUFA3 ","ENSG00000274359"
"NM_004542","NDUFA3 ","ENSG00000273642"
"NM_004542","NDUFA3 ","ENSG00000278365"
"NM_004542","NDUFA3 ","ENSG00000276061"
"NM_004542","NDUFA3 ","ENSG00000170906"
"NM_004542","NDUFA3 ","ENSG00000276766"
"NM_004542","NDUFA3 ","ENSG00000275605"
"NM_004542","NDUFA3 ","ENSG00000277722"
"NM_004544","NDUFA10 ","ENSG00000130414"
"NM_004546","NDUFB2 ","ENSG00000090266"
"NM_004547","NDUFB4 ","ENSG00000065518"
"NM_004548","NDUFB10 ","ENSG00000291930"
"NM_004548","NDUFB10 ","ENSG00000140990"
"NM_004549","NDUFC2 ","ENSG00000151366"
"NM_004550","NDUFS2 ","ENSG00000158864"
"NM_004551","NDUFS3 ","ENSG00000213619"
"NM_004552","NDUFS5 ","ENSG00000168653"
"NM_004553","NDUFS6 ","ENSG00000145494"
"NM_004565","PEX14 ","ENSG00000142655"
"NM_004568","SERPINB6 ","ENSG00000124570"
"NM_004569","PIGH ","ENSG00000100564"
"NM_004578","RAB4A ","ENSG00000168118"
"NM_004581","RABGGTA ","ENSG00000285193"
"NM_004581","RABGGTA ","ENSG00000100949"
"NM_004582","RABGGTB ","ENSG00000137955"
"NM_004583","RAB5C ","ENSG00000108774"
"NM_004586","RPS6KA3 ","ENSG00000177189"
"NM_004589","SCO1 ","ENSG00000133028"
"NM_004592","SFSWAP ","ENSG00000061936"
"NM_004593","TRA2B ","ENSG00000136527"
"NM_004596","SNRPA ","ENSG00000077312"
"NM_004597","SNRPD2 ","ENSG00000125743"
"NM_004599","SREBF2 ","ENSG00000198911"
"NM_004602","STAU1 ","ENSG00000124214"
"NM_004604","STX4 ","ENSG00000103496"
"NM_004607","TBCA ","ENSG00000171530"
"NM_004620","TRAF6 ","ENSG00000175104"
"NM_004622","TSN ","ENSG00000211460"
"NM_004623","TTC4 ","ENSG00000243725"
"NM_004627","WRB ","ENSG00000182093"
"NM_004630","SF1 ","ENSG00000168066"
"NM_004632","DAP3 ","ENSG00000132676"
"NM_004634","BRPF1 ","ENSG00000156983"
"NM_004637","RAB7A ","ENSG00000075785"
"NM_004638","PRRC2A ","ENSG00000206427"
"NM_004638","PRRC2A ","ENSG00000204469"
"NM_004638","PRRC2A ","ENSG00000226618"
"NM_004638","PRRC2A ","ENSG00000225748"
"NM_004638","PRRC2A ","ENSG00000231370"
"NM_004638","PRRC2A ","ENSG00000225164"
"NM_004638","PRRC2A ","ENSG00000231825"
"NM_004639","BAG6 ",NA
"NM_004640","DDX39B ","ENSG00000225859"
"NM_004640","DDX39B ","ENSG00000198563"
"NM_004640","DDX39B ","ENSG00000215425"
"NM_004640","DDX39B ","ENSG00000229496"
"NM_004640","DDX39B ","ENSG00000237889"
"NM_004640","DDX39B ","ENSG00000235439"
"NM_004640","DDX39B ","ENSG00000230624"
"NM_004640","DDX39B ","ENSG00000225073"
"NM_004642","CDK2AP1 ","ENSG00000111328"
"NM_004643","PABPN1 ","ENSG00000100836"
"NM_004649","C21orf33 ","ENSG00000160221"
"NM_004656","BAP1 ","ENSG00000163930"
"NM_004661","CDC23 ","ENSG00000094880"
"NM_004663","RAB11A ","ENSG00000103769"
"NM_004674","ASH2L ","ENSG00000129691"
"NM_004685","MTMR6 ","ENSG00000139505"
"NM_004691","ATP6V0D1 ","ENSG00000159720"
"NM_004697","PRPF4 ","ENSG00000136875"
"NM_004698","PRPF3 ","ENSG00000117360"
"NM_004699","FAM50A ","ENSG00000071859"
"NM_004703","RABEP1 ","ENSG00000029725"
"NM_004707","ATG12 ","ENSG00000145782"
"NM_004708","PDCD5 ","ENSG00000105185"
"NM_004712","HGS ","ENSG00000185359"
"NM_004716","PCSK7 ","ENSG00000160613"
"NM_004718","COX7A2L ","ENSG00000115944"
"NM_004719","SCAF11 ","ENSG00000139218"
"NM_004724","ZW10 ","ENSG00000086827"
"NM_004725","BUB3 ","ENSG00000154473"
"NM_004728","DDX21 ","ENSG00000165732"
"NM_004730","ETF1 ","ENSG00000120705"
"NM_004738","VAPB ","ENSG00000124164"
"NM_004739","MTA2 ","ENSG00000149480"
"NM_004741","NOLC1 ","ENSG00000166197"
"NM_004748","CCPG1 ","ENSG00000260916"
"NM_004749","TBRG4 ","ENSG00000136270"
"NM_004757","AIMP1 ","ENSG00000164022"
"NM_004759","MAPKAPK2 ","ENSG00000162889"
"NM_004766","COPB2 ","ENSG00000184432"
"NM_004768","SRSF11 ","ENSG00000116754"
"NM_004773","ZNHIT3 ","ENSG00000278574"
"NM_004773","ZNHIT3 ","ENSG00000273611"
"NM_004776","B4GALT5 ","ENSG00000158470"
"NM_004781","VAMP3 ","ENSG00000049245"
"NM_004782","SNAP29 ","ENSG00000099940"
"NM_004783","TAOK2 ","ENSG00000149930"
"NM_004786","TXNL1 ","ENSG00000091164"
"NM_004788","UBE4A ","ENSG00000110344"
"NM_004792","PPIG ","ENSG00000138398"
"NM_004793","LONP1 ","ENSG00000196365"
"NM_004800","TM9SF2 ","ENSG00000125304"
"NM_004804","CIAO1 ","ENSG00000144021"
"NM_004805","POLR2D ","ENSG00000144231"
"NM_004807","HS6ST1 ","ENSG00000136720"
"NM_004809","STOML1 ","ENSG00000067221"
"NM_004813","PEX16 ","ENSG00000121680"
"NM_004814","SNRNP40 ","ENSG00000060688"
"NM_004818","DDX23 ","ENSG00000174243"
"NM_004819","SYMPK ","ENSG00000125755"
"NM_004824","CDYL ","ENSG00000153046"
"NM_004832","GSTO1 ","ENSG00000148834"
"NM_004834","MAP4K4 ","ENSG00000071054"
"NM_004836","EIF2AK3 ","ENSG00000172071"
"NM_004846","EIF4E2 ","ENSG00000135930"
"NM_004849","ATG5 ","ENSG00000057663"
"NM_004853","STX8 ","ENSG00000170310"
"NM_004859","CLTC ","ENSG00000141367"
"NM_004870","MPDU1 ","ENSG00000129255"
"NM_004871","GOSR1 ","ENSG00000108587"
"NM_004872","TMEM59 ","ENSG00000116209"
"NM_004874","BAG4 ","ENSG00000156735"
"NM_004879","EI24 ","ENSG00000149547"
"NM_004882","CIR1 ","ENSG00000138433"
"NM_004888","ATP6V1G1 ","ENSG00000136888"
"NM_004889","ATP5J2 ","ENSG00000241468"
"NM_004890","SPAG7 ","ENSG00000091640"
"NM_004891","MRPL33 ","ENSG00000243147"
"NM_004892","SEC22B ","ENSG00000265808"
"NM_004893","H2AFY ","ENSG00000113648"
"NM_004894","C14orf2 ","ENSG00000156411"
"NM_004896","VPS26A ","ENSG00000122958"
"NM_004898","CLOCK ","ENSG00000134852"
"NM_004899","BRE ","ENSG00000158019"
"NM_004901","ENTPD4 ","ENSG00000197217"
"NM_004902","RBM39 ","ENSG00000131051"
"NM_004905","PRDX6 ","ENSG00000117592"
"NM_004906","WTAP ","ENSG00000146457"
"NM_004922","SEC24C ","ENSG00000176986"
"NM_004927","MRPL49 ","ENSG00000149792"
"NM_004928","C21orf2 ","ENSG00000160226"
"NM_004930","CAPZB ","ENSG00000077549"
"NM_004939","DDX1 ","ENSG00000079785"
"NM_004941","DHX8 ","ENSG00000067596"
"NM_004945","DNM2 ","ENSG00000079805"
"NM_004953","EIF4G1 ","ENSG00000114867"
"NM_004957","FPGS ","ENSG00000136877"
"NM_004966","HNRNPF ","ENSG00000169813"
"NM_004986","KTN1 ","ENSG00000126777"
"NM_004990","MARS ","ENSG00000166986"
"NM_004992","MECP2 ","ENSG00000169057"
"NM_004998","MYO1E ","ENSG00000157483"
"NM_005000","NDUFA5 ","ENSG00000128609"
"NM_005001","NDUFA7 ","ENSG00000267855"
"NM_005002","NDUFA9 ","ENSG00000139180"
"NM_005004","NDUFB8 ","ENSG00000166136"
"NM_005005","NDUFB9 ","ENSG00000147684"
"NM_005007","NFKBIL1 ","ENSG00000234530"
"NM_005007","NFKBIL1 ","ENSG00000227565"
"NM_005007","NFKBIL1 ","ENSG00000206440"
"NM_005007","NFKBIL1 ","ENSG00000204498"
"NM_005007","NFKBIL1 ","ENSG00000236196"
"NM_005007","NFKBIL1 ","ENSG00000236346"
"NM_005007","NFKBIL1 ","ENSG00000235125"
"NM_005008","NHP2L1 ","ENSG00000100138"
"NM_005015","OXA1L ","ENSG00000155463"
"NM_005016","PCBP2 ","ENSG00000197111"
"NM_005017","PCYT1A ","ENSG00000161217"
"NM_005022","PFN1 ","ENSG00000108518"
"NM_005034","POLR2K ","ENSG00000147669"
"NM_005036","PPARA ","ENSG00000186951"
"NM_005038","PPID ","ENSG00000171497"
"NM_005047","PSMD5 ","ENSG00000095261"
"NM_005049","PWP2 ","ENSG00000241945"
"NM_005051","QARS ","ENSG00000172053"
"NM_005065","SEL1L ","ENSG00000071537"
"NM_005067","SIAH2 ","ENSG00000181788"
"NM_005077","TLE1 ","ENSG00000196781"
"NM_005094","SLC27A4 ","ENSG00000167114"
"NM_005102","FEZ2 ","ENSG00000171055"
"NM_005104","BRD2 ","ENSG00000236227"
"NM_005104","BRD2 ","ENSG00000215077"
"NM_005104","BRD2 ","ENSG00000230678"
"NM_005104","BRD2 ","ENSG00000234507"
"NM_005104","BRD2 ","ENSG00000235307"
"NM_005104","BRD2 ","ENSG00000204256"
"NM_005104","BRD2 ","ENSG00000234704"
"NM_005105","RBM8A ","ENSG00000265241"
"NM_005112","WDR1 ","ENSG00000071127"
"NM_005113","GOLGA5 ","ENSG00000066455"
"NM_005119","THRAP3 ","ENSG00000054118"
"NM_005121","MED13 ","ENSG00000108510"
"NM_005124","NUP153 ","ENSG00000124789"
"NM_005134","PPP4R1 ","ENSG00000154845"
"NM_005138","SCO2 ","ENSG00000284194"
"NM_005146","SART1 ","ENSG00000175467"
"NM_005147","DNAJA3 ","ENSG00000103423"
"NM_005147","DNAJA3 ","ENSG00000276726"
"NM_005151","USP14 ","ENSG00000101557"
"NM_005153","USP10 ","ENSG00000103194"
"NM_005154","USP8 ","ENSG00000138592"
"NM_005163","AKT1 ","ENSG00000142208"
"NM_005171","ATF1 ","ENSG00000123268"
"NM_005174","ATP5C1 ","ENSG00000165629"
"NM_005176","ATP5G2 ","ENSG00000135390"
"NM_005180","BMI1 ","ENSG00000168283"
"NM_005186","CAPN1 ","ENSG00000014216"
"NM_005198","CHKB ","ENSG00000100288"
"NM_005206","CRK ","ENSG00000167193"
"NM_005207","CRKL ","ENSG00000099942"
"NM_005216","DDOST ","ENSG00000244038"
"NM_005229","ELK1 ","ENSG00000126767"
"NM_005231","CTTN ","ENSG00000288401"
"NM_005231","CTTN ","ENSG00000085733"
"NM_005243","EWSR1 ","ENSG00000182944"
"NM_005262","GFER ","ENSG00000291944"
"NM_005262","GFER ","ENSG00000127554"
"NM_005273","GNB2 ","ENSG00000172354"
"NM_005312","RAPGEF1 ","ENSG00000107263"
"NM_005316","GTF2H1 ","ENSG00000288114"
"NM_005316","GTF2H1 ","ENSG00000110768"
"NM_005326","HAGH ","ENSG00000063854"
"NM_005327","HADH ","ENSG00000138796"
"NM_005333","HCCS ","ENSG00000004961"
"NM_005334","HCFC1 ","ENSG00000172534"
"NM_005336","HDLBP ","ENSG00000115677"
"NM_005339","UBE2K ","ENSG00000078140"
"NM_005340","HINT1 ","ENSG00000169567"
"NM_005347","HSPA5 ","ENSG00000044574"
"NM_005354","JUND ","ENSG00000130522"
"NM_005359","SMAD4 ","ENSG00000141646"
"NM_005381","NCL ","ENSG00000115053"
"NM_005384","NFIL3 ","ENSG00000165030"
"NM_005389","PCMT1 ","ENSG00000120265"
"NM_005402","RALA ","ENSG00000006451"
"NM_005414","SKIL ","ENSG00000136603"
"NM_005415","SLC20A1 ","ENSG00000144136"
"NM_005439","MLF2 ","ENSG00000089693"
"NM_005444","RQCD1 ","ENSG00000144580"
"NM_005452","WDR46 ","ENSG00000227057"
"NM_005452","WDR46 ","ENSG00000204221"
"NM_005452","WDR46 ","ENSG00000226916"
"NM_005452","WDR46 ","ENSG00000236222"
"NM_005452","WDR46 ","ENSG00000206284"
"NM_005455","ZRANB2 ","ENSG00000132485"
"NM_005466","MED6 ","ENSG00000133997"
"NM_005469","ACOT8 ","ENSG00000101473"
"NM_005470","ABI1 ","ENSG00000136754"
"NM_005471","GNPDA1 ","ENSG00000113552"
"NM_005476","GNE ","ENSG00000159921"
"NM_005481","MED16 ","ENSG00000282092"
"NM_005481","MED16 ","ENSG00000175221"
"NM_005482","PIGK ","ENSG00000142892"
"NM_005485","PARP3 ","ENSG00000041880"
"NM_005499","UBA2 ","ENSG00000126261"
"NM_005500","SAE1 ","ENSG00000142230"
"NM_005506","SCARB2 ","ENSG00000138760"
"NM_005520","HNRNPH1 ","ENSG00000169045"
"NM_005520","HNRNPH1 ","ENSG00000284254"
"NM_005528","DNAJC4 ","ENSG00000110011"
"NM_005530","IDH3A ","ENSG00000166411"
"NM_005539","INPP5A ","ENSG00000068383"
"NM_005548","KARS ","ENSG00000065427"
"NM_005561","LAMP1 ","ENSG00000185896"
"NM_005566","LDHA ","ENSG00000134333"
"NM_005566","LDHA ","ENSG00000288299"
"NM_005570","LMAN1 ","ENSG00000074695"
"NM_005587","MEF2A ","ENSG00000068305"
"NM_005600","NIT1 ","ENSG00000158793"
"NM_005610","RBBP4 ","ENSG00000162521"
"NM_005612","REST ","ENSG00000084093"
"NM_005626","SRSF4 ","ENSG00000116350"
"NM_005643","TAF11 ","ENSG00000064995"
"NM_005644","TAF12 ","ENSG00000120656"
"NM_005645","TAF13 ","ENSG00000197780"
"NM_005648","TCEB1 ","ENSG00000154582"
"NM_005650","TCF20 ","ENSG00000100207"
"NM_005650","TCF20 ","ENSG00000262024"
"NM_005650","TCF20 ","ENSG00000276461"
"NM_005652","TERF2 ","ENSG00000132604"
"NM_005653","TFCP2 ","ENSG00000135457"
"NM_005659","UFD1L ","ENSG00000070010"
"NM_005660","SLC35A2 ","ENSG00000102100"
"NM_005660","SLC35A2 ","ENSG00000292209"
"NM_005662","VDAC3 ","ENSG00000078668"
"NM_005667","RNF103 ","ENSG00000239305"
"NM_005669","REEP5 ","ENSG00000129625"
"NM_005676","RBM10 ","ENSG00000182872"
"NM_005687","FARSB ","ENSG00000116120"
"NM_005690","DNM1L ","ENSG00000087470"
"NM_005692","ABCF2 ","ENSG00000285292"
"NM_005697","SCAMP2 ","ENSG00000140497"
"NM_005698","SCAMP3 ","ENSG00000116521"
"NM_005698","SCAMP3 ","ENSG00000263290"
"NM_005701","SNUPN ","ENSG00000169371"
"NM_005702","ERAL1 ","ENSG00000132591"
"NM_005706","TSSC4 ","ENSG00000184281"
"NM_005710","PQBP1 ","ENSG00000102103"
"NM_005710","PQBP1 ","ENSG00000292208"
"NM_005716","GIPC1 ","ENSG00000123159"
"NM_005726","TSFM ","ENSG00000123297"
"NM_005729","PPIF ","ENSG00000108179"
"NM_005730","CTDSP2 ","ENSG00000175215"
"NM_005731","ARPC2 ","ENSG00000163466"
"NM_005732","RAD50 ","ENSG00000113522"
"NM_005735","ACTR1B ","ENSG00000291597"
"NM_005735","ACTR1B ","ENSG00000115073"
"NM_005736","ACTR1A ","ENSG00000138107"
"NM_005744","ARIH1 ","ENSG00000166233"
"NM_005745","BCAP31 ","ENSG00000185825"
"NM_005746","NAMPT ","ENSG00000105835"
"NM_005748","YAF2 ","ENSG00000015153"
"NM_005749","TOB1 ","ENSG00000141232"
"NM_005751","AKAP9 ","ENSG00000127914"
"NM_005754","G3BP1 ","ENSG00000145907"
"NM_005760","CEBPZ ","ENSG00000115816"
"NM_005762","TRIM28 ","ENSG00000130726"
"NM_005768","LPCAT3 ","ENSG00000111684"
"NM_005776","CNIH ","ENSG00000100528"
"NM_005777","RBM6 ","ENSG00000004534"
"NM_005778","RBM5 ","ENSG00000003756"
"NM_005782","ALYREF ","ENSG00000183684"
"NM_005783","TXNDC9 ","ENSG00000115514"
"NM_005789","PSME3 ","ENSG00000131467"
"NM_005791","MPHOSPH10 ","ENSG00000124383"
"NM_005793","NME6 ","ENSG00000172113"
"NM_005796","NUTF2 ","ENSG00000102898"
"NM_005801","EIF1 ","ENSG00000173812"
"NM_005802","TOPORS ","ENSG00000197579"
"NM_005803","FLOT1 ","ENSG00000232280"
"NM_005803","FLOT1 ","ENSG00000223654"
"NM_005803","FLOT1 ","ENSG00000206480"
"NM_005803","FLOT1 ","ENSG00000206379"
"NM_005803","FLOT1 ","ENSG00000224740"
"NM_005803","FLOT1 ","ENSG00000137312"
"NM_005803","FLOT1 ","ENSG00000230143"
"NM_005805","PSMD14 ","ENSG00000115233"
"NM_005809","PRDX2 ","ENSG00000167815"
"NM_005817","PLIN3 ","ENSG00000105355"
"NM_005826","HNRNPR ","ENSG00000125944"
"NM_005826","HNRNPR ","ENSG00000282958"
"NM_005827","SLC35B1 ","ENSG00000121073"
"NM_005828","DCAF7 ","ENSG00000136485"
"NM_005829","AP3S2 ","ENSG00000157823"
"NM_005830","MRPS31 ","ENSG00000102738"
"NM_005831","CALCOCO2 ","ENSG00000136436"
"NM_005833","RABEPK ","ENSG00000136933"
"NM_005834","TIMM17B ","ENSG00000292215"
"NM_005834","TIMM17B ","ENSG00000126768"
"NM_005837","POP7 ","ENSG00000172336"
"NM_005839","SRRM1 ","ENSG00000133226"
"NM_005843","STAM2 ","ENSG00000115145"
"NM_005848","DENND4A ","ENSG00000174485"
"NM_005850","SF3B4 ","ENSG00000143368"
"NM_005857","ZMPSTE24 ","ENSG00000084073"
"NM_005858","AKAP8 ","ENSG00000105127"
"NM_005859","PURA ","ENSG00000185129"
"NM_005861","STUB1 ","ENSG00000103266"
"NM_005866","SIGMAR1 ","ENSG00000147955"
"NM_005870","SAP18 ","ENSG00000150459"
"NM_005871","SMNDC1 ","ENSG00000119953"
"NM_005872","BCAS2 ","ENSG00000116752"
"NM_005875","EIF1B ","ENSG00000114784"
"NM_005877","SF3A1 ","ENSG00000099995"
"NM_005880","DNAJA2 ","ENSG00000069345"
"NM_005881","BCKDK ","ENSG00000103507"
"NM_005882","MAEA ","ENSG00000090316"
"NM_005885","6-Mar","ENSG00000145495"
"NM_005895","GOLGA3 ","ENSG00000090615"
"NM_005898","CAPRIN1 ","ENSG00000135387"
"NM_005899","NBR1 ","ENSG00000188554"
"NM_005901","SMAD2 ","ENSG00000175387"
"NM_005903","SMAD5 ","ENSG00000113658"
"NM_005916","MCM7 ","ENSG00000166508"
"NM_005926","MFAP1 ","ENSG00000140259"
"NM_005927","MFAP3 ","ENSG00000037749"
"NM_005930","CTAGE5 ","ENSG00000150527"
"NM_005934","MLLT1 ","ENSG00000130382"
"NM_005962","MXI1 ","ENSG00000119950"
"NM_005968","HNRNPM ","ENSG00000099783"
"NM_005969","NAP1L4 ","ENSG00000273562"
"NM_005969","NAP1L4 ","ENSG00000205531"
"NM_005973","PRCC ","ENSG00000143294"
"NM_005977","RNF6 ","ENSG00000127870"
"NM_005981","TSPAN31 ","ENSG00000135452"
"NM_005993","TBCD ","ENSG00000278759"
"NM_005993","TBCD ","ENSG00000141556"
"NM_005997","VPS72 ","ENSG00000163159"
"NM_005998","CCT3 ","ENSG00000163468"
"NM_005999","TSNAX ","ENSG00000116918"
"NM_006002","UCHL3 ","ENSG00000118939"
"NM_006007","ZFAND5 ","ENSG00000107372"
"NM_006012","CLPP ","ENSG00000125656"
"NM_006014","LAGE3 ","ENSG00000196976"
"NM_006016","CD164 ","ENSG00000135535"
"NM_006020","ALKBH1 ","ENSG00000100601"
"NM_006023","CDC123 ","ENSG00000151465"
"NM_006024","TAX1BP1 ","ENSG00000106052"
"NM_006026","H1FX ","ENSG00000184897"
"NM_006038","SPATA2 ","ENSG00000158480"
"NM_006044","HDAC6 ","ENSG00000094631"
"NM_006047","RBM12 ","ENSG00000244462"
"NM_006048","UBE4B ","ENSG00000130939"
"NM_006049","SNAPC5 ","ENSG00000174446"
"NM_006052","DSCR3 ","ENSG00000157538"
"NM_006058","TNIP1 ","ENSG00000145901"
"NM_006066","AKR1A1 ","ENSG00000117448"
"NM_006067","EMC8 ","ENSG00000131148"
"NM_006070","TFG ","ENSG00000114354"
"NM_006077","MICU1 ","ENSG00000107745"
"NM_006082","TUBA1B ","ENSG00000123416"
"NM_006085","BPNT1 ","ENSG00000162813"
"NM_006107","LUC7L3 ","ENSG00000108848"
"NM_006109","PRMT5 ","ENSG00000100462"
"NM_006112","PPIE ","ENSG00000084072"
"NM_006114","TOMM40 ","ENSG00000130204"
"NM_006116","TAB1 ","ENSG00000100324"
"NM_006117","ECI2 ","ENSG00000198721"
"NM_006118","HAX1 ","ENSG00000143575"
"NM_006122","MAN2A2 ","ENSG00000196547"
"NM_006134","TMEM50B ","ENSG00000142188"
"NM_006134","TMEM50B ","ENSG00000263160"
"NM_006136","CAPZA2 ","ENSG00000198898"
"NM_006153","NCK1 ","ENSG00000158092"
"NM_006156","NEDD8 ","ENSG00000285246"
"NM_006156","NEDD8 ","ENSG00000129559"
"NM_006164","NFE2L2 ","ENSG00000116044"
"NM_006166","NFYB ","ENSG00000120837"
"NM_006170","NOP2 ","ENSG00000111641"
"NM_006184","NUCB1 ","ENSG00000104805"
"NM_006191","PA2G4 ","ENSG00000170515"
"NM_006196","PCBP1 ","ENSG00000169564"
"NM_006197","PCM1 ","ENSG00000078674"
"NM_006201","CDK16 ","ENSG00000102225"
"NM_006219","PIK3CB ","ENSG00000051382"
"NM_006221","PIN1 ","ENSG00000127445"
"NM_006224","PITPNA ","ENSG00000174238"
"NM_006230","POLD2 ","ENSG00000106628"
"NM_006232","POLR2H ","ENSG00000163882"
"NM_006233","POLR2I ","ENSG00000105258"
"NM_006234","POLR2J ","ENSG00000005075"
"NM_006238","PPARD ","ENSG00000112033"
"NM_006243","PPP2R5A ","ENSG00000066027"
"NM_006244","PPP2R5B ","ENSG00000068971"
"NM_006245","PPP2R5D ","ENSG00000112640"
"NM_006246","PPP2R5E ","ENSG00000154001"
"NM_006247","PPP5C ","ENSG00000011485"
"NM_006251","PRKAA1 ","ENSG00000132356"
"NM_006253","PRKAB1 ","ENSG00000111725"
"NM_006260","DNAJC3 ","ENSG00000102580"
"NM_006263","PSME1 ","ENSG00000092010"
"NM_006263","PSME1 ","ENSG00000284916"
"NM_006267","RANBP2 ","ENSG00000153201"
"NM_006284","TAF10 ","ENSG00000166337"
"NM_006292","TSG101 ","ENSG00000074319"
"NM_006294","UQCRB ","ENSG00000156467"
"NM_006296","VRK2 ","ENSG00000028116"
"NM_006302","MOGS ","ENSG00000115275"
"NM_006305","ANP32A ","ENSG00000140350"
"NM_006306","SMC1A ","ENSG00000072501"
"NM_006311","NCOR1 ","ENSG00000141027"
"NM_006319","CDIPT ","ENSG00000103502"
"NM_006320","PGRMC2 ","ENSG00000164040"
"NM_006321","ARIH2 ","ENSG00000177479"
"NM_006323","SEC24B ","ENSG00000138802"
"NM_006325","RAN ","ENSG00000132341"
"NM_006328","RBM14 ","ENSG00000239306"
"NM_006331","EMG1 ","ENSG00000126749"
"NM_006335","TIMM17A ","ENSG00000134375"
"NM_006337","MCRS1 ","ENSG00000187778"
"NM_006339","HMG20B ","ENSG00000064961"
"NM_006341","MAD2L2 ","ENSG00000116670"
"NM_006345","SLC30A9 ","ENSG00000014824"
"NM_006347","PPIH ","ENSG00000171960"
"NM_006349","ZNHIT1 ","ENSG00000106400"
"NM_006351","TIMM44 ","ENSG00000104980"
"NM_006352","ZBTB18 ","ENSG00000179456"
"NM_006354","TADA3 ","ENSG00000171148"
"NM_006356","ATP5H ","ENSG00000167863"
"NM_006357","UBE2E3 ","ENSG00000170035"
"NM_006360","EIF3M ","ENSG00000149100"
"NM_006362","NXF1 ","ENSG00000162231"
"NM_006364","SEC23A ","ENSG00000100934"
"NM_006368","CREB3 ","ENSG00000107175"
"NM_006369","LRRC41 ","ENSG00000132128"
"NM_006370","VTI1B ","ENSG00000100568"
"NM_006372","SYNCRIP ","ENSG00000135316"
"NM_006384","CIB1 ","ENSG00000185043"
"NM_006386","DDX17 ","ENSG00000100201"
"NM_006387","CHERP ","ENSG00000085872"
"NM_006388","KAT5 ","ENSG00000172977"
"NM_006389","HYOU1 ","ENSG00000149428"
"NM_006389","HYOU1 ","ENSG00000280682"
"NM_006390","IPO8 ","ENSG00000133704"
"NM_006391","IPO7 ","ENSG00000205339"
"NM_006392","NOP56 ","ENSG00000101361"
"NM_006395","ATG7 ","ENSG00000197548"
"NM_006396","SSSCA1 ","ENSG00000173465"
"NM_006400","DCTN2 ","ENSG00000175203"
"NM_006401","ANP32B ","ENSG00000136938"
"NM_006402","LAMTOR5 ","ENSG00000134248"
"NM_006405","TM9SF1 ","ENSG00000285465"
"NM_006405","TM9SF1 ","ENSG00000100926"
"NM_006409","ARPC1A ","ENSG00000241685"
"NM_006410","HTATIP2 ","ENSG00000109854"
"NM_006411","AGPAT1 ","ENSG00000228892"
"NM_006411","AGPAT1 ","ENSG00000227642"
"NM_006411","AGPAT1 ","ENSG00000236873"
"NM_006411","AGPAT1 ","ENSG00000204310"
"NM_006411","AGPAT1 ","ENSG00000235758"
"NM_006411","AGPAT1 ","ENSG00000226467"
"NM_006411","AGPAT1 ","ENSG00000206324"
"NM_006413","RPP30 ","ENSG00000148688"
"NM_006414","RPP38 ","ENSG00000152464"
"NM_006420","ARFGEF2 ","ENSG00000124198"
"NM_006427","SIVA1 ","ENSG00000184990"
"NM_006428","MRPL28 ","ENSG00000086504"
"NM_006429","CCT7 ","ENSG00000135624"
"NM_006430","CCT4 ","ENSG00000115484"
"NM_006432","NPC2 ","ENSG00000119655"
"NM_006442","DRAP1 ","ENSG00000175550"
"NM_006445","PRPF8 ","ENSG00000174231"
"NM_006445","PRPF8 ","ENSG00000274442"
"NM_006447","USP16 ","ENSG00000291527"
"NM_006447","USP16 ","ENSG00000156256"
"NM_006451","PAIP1 ","ENSG00000172239"
"NM_006452","PAICS ","ENSG00000128050"
"NM_006454","MXD4 ","ENSG00000123933"
"NM_006458","TRIM3 ","ENSG00000110171"
"NM_006460","HEXIM1 ","ENSG00000186834"
"NM_006462","RBCK1 ","ENSG00000125826"
"NM_006463","STAMBP ","ENSG00000124356"
"NM_006464","TGOLN2 ","ENSG00000152291"
"NM_006464","TGOLN2 ","ENSG00000292253"
"NM_006468","POLR3C ","ENSG00000186141"
"NM_006469","IVNS1ABP ","ENSG00000116679"
"NM_006476","ATP5L ","ENSG00000167283"
"NM_006502","POLH ","ENSG00000170734"
"NM_006503","PSMC4 ","ENSG00000281221"
"NM_006503","PSMC4 ","ENSG00000013275"
"NM_006510","TRIM27 ","ENSG00000237071"
"NM_006510","TRIM27 ","ENSG00000204713"
"NM_006510","TRIM27 ","ENSG00000234495"
"NM_006510","TRIM27 ","ENSG00000215641"
"NM_006510","TRIM27 ","ENSG00000237462"
"NM_006510","TRIM27 ","ENSG00000229006"
"NM_006511","RSC1A1 ","ENSG00000215695"
"NM_006513","SARS ","ENSG00000031698"
"NM_006519","DYNLT1 ","ENSG00000146425"
"NM_006521","TFE3 ","ENSG00000292217"
"NM_006521","TFE3 ","ENSG00000068323"
"NM_006541","GLRX3 ","ENSG00000108010"
"NM_006542","SPHAR ",NA
"NM_006545","NPRL2 ","ENSG00000114388"
"NM_006554","MTX2 ","ENSG00000128654"
"NM_006555","YKT6 ","ENSG00000106636"
"NM_006556","PMVK ","ENSG00000163344"
"NM_006559","KHDRBS1 ","ENSG00000121774"
"NM_006560","CELF1 ","ENSG00000149187"
"NM_006565","CTCF ","ENSG00000102974"
"NM_006567","FARS2 ","ENSG00000145982"
"NM_006570","RRAGA ","ENSG00000155876"
"NM_006571","DCTN6 ","ENSG00000104671"
"NM_006585","CCT8 ","ENSG00000291533"
"NM_006585","CCT8 ","ENSG00000156261"
"NM_006590","USP39 ","ENSG00000168883"
"NM_006594","AP4B1 ","ENSG00000134262"
"NM_006595","API5 ","ENSG00000166181"
"NM_006597","HSPA8 ","ENSG00000109971"
"NM_006600","NUDC ","ENSG00000090273"
"NM_006601","PTGES3 ","ENSG00000110958"
"NM_006620","HBS1L ","ENSG00000112339"
"NM_006624","ZMYND11 ","ENSG00000015171"
"NM_006625","SRSF10 ","ENSG00000188529"
"NM_006626","ZBTB6 ","ENSG00000186130"
"NM_006627","POP4 ","ENSG00000105171"
"NM_006634","VAMP5 ","ENSG00000168899"
"NM_006642","SDCCAG8 ","ENSG00000276111"
"NM_006642","SDCCAG8 ","ENSG00000054282"
"NM_006643","SDCCAG3 ","ENSG00000165689"
"NM_006649","UTP14A ","ENSG00000156697"
"NM_006659","TUBGCP2 ","ENSG00000130640"
"NM_006660","CLPX ","ENSG00000166855"
"NM_006677","USP19 ","ENSG00000172046"
"NM_006693","CPSF4 ","ENSG00000160917"
"NM_006694","JTB ","ENSG00000143543"
"NM_006699","MAN1A2 ","ENSG00000198162"
"NM_006701","TXNL4A ","ENSG00000141759"
"NM_006702","PNPLA6 ","ENSG00000032444"
"NM_006703","NUDT3 ","ENSG00000272325"
"NM_006704","SUGT1 ","ENSG00000165416"
"NM_006706","TCERG1 ","ENSG00000113649"
"NM_006708","GLO1 ","ENSG00000124767"
"NM_006710","COPS8 ","ENSG00000198612"
"NM_006712","FASTK ","ENSG00000164896"
"NM_006713","SUB1 ","ENSG00000113387"
"NM_006715","MAN2C1 ","ENSG00000140400"
"NM_006742","PSKH1 ","ENSG00000159792"
"NM_006753","SURF6 ","ENSG00000148296"
"NM_006753","SURF6 ","ENSG00000281309"
"NM_006754","SYPL1 ","ENSG00000008282"
"NM_006755","TALDO1 ","ENSG00000177156"
"NM_006758","U2AF1 ","ENSG00000160201"
"NM_006759","UGP2 ","ENSG00000169764"
"NM_006761","YWHAE ","ENSG00000274474"
"NM_006761","YWHAE ","ENSG00000108953"
"NM_006767","LZTR1 ","ENSG00000099949"
"NM_006769","LMO4 ","ENSG00000143013"
"NM_006773","DDX18 ","ENSG00000088205"
"NM_006777","ZBTB33 ","ENSG00000177485"
"NM_006782","ZFPL1 ","ENSG00000162300"
"NM_006784","WDR3 ","ENSG00000065183"
"NM_006788","RALBP1 ","ENSG00000017797"
"NM_006793","PRDX3 ","ENSG00000165672"
"NM_006800","MSL3 ","ENSG00000005302"
"NM_006802","SF3A3 ","ENSG00000183431"
"NM_006804","STARD3 ","ENSG00000131748"
"NM_006805","HNRNPA0 ","ENSG00000177733"
"NM_006808","SEC61B ","ENSG00000106803"
"NM_006811","SERINC3 ","ENSG00000132824"
"NM_006812","OS9 ","ENSG00000135506"
"NM_006814","PSMF1 ","ENSG00000125818"
"NM_006815","TMED2 ","ENSG00000086598"
"NM_006819","STIP1 ","ENSG00000168439"
"NM_006824","EBNA1BP2 ","ENSG00000117395"
"NM_006825","CKAP4 ","ENSG00000136026"
"NM_006827","TMED10 ","ENSG00000170348"
"NM_006828","ASCC3 ","ENSG00000112249"
"NM_006830","UQCR11 ","ENSG00000127540"
"NM_006831","CLP1 ","ENSG00000172409"
"NM_006833","COPS6 ","ENSG00000168090"
"NM_006837","COPS5 ","ENSG00000121022"
"NM_006838","METAP2 ","ENSG00000111142"
"NM_006839","IMMT ","ENSG00000132305"
"NM_006842","SF3B2 ","ENSG00000087365"
"NM_006844","ILVBL ","ENSG00000105135"
"NM_006857","SNRNP27 ","ENSG00000124380"
"NM_006858","TMED1 ","ENSG00000099203"
"NM_006859","LIAS ","ENSG00000121897"
"NM_006860","IFT27 ","ENSG00000100360"
"NM_006874","ELF2 ","ENSG00000109381"
"NM_006888","CALM1 ","ENSG00000198668"
"NM_006893","EIF2D ","ENSG00000143486"
"NM_006899","IDH3B ","ENSG00000101365"
"NM_006913","RNF5 ","ENSG00000225452"
"NM_006913","RNF5 ","ENSG00000228907"
"NM_006913","RNF5 ","ENSG00000223767"
"NM_006913","RNF5 ","ENSG00000228405"
"NM_006913","RNF5 ","ENSG00000183574"
"NM_006913","RNF5 ","ENSG00000204308"
"NM_006913","RNF5 ","ENSG00000227277"
"NM_006923","SDF2 ","ENSG00000132581"
"NM_006924","SRSF1 ","ENSG00000136450"
"NM_006927","ST3GAL2 ","ENSG00000157350"
"NM_006929","SKIV2L ","ENSG00000232616"
"NM_006929","SKIV2L ","ENSG00000204351"
"NM_006929","SKIV2L ","ENSG00000223493"
"NM_006929","SKIV2L ","ENSG00000225737"
"NM_006929","SKIV2L ","ENSG00000206353"
"NM_006929","SKIV2L ","ENSG00000228896"
"NM_006930","SKP1 ","ENSG00000113558"
"NM_006936","SUMO3 ","ENSG00000184900"
"NM_006938","SNRPD1 ","ENSG00000167088"
"NM_006947","SRP72 ","ENSG00000174780"
"NM_006954","ZNF33A ","ENSG00000189180"
"NM_006963","ZNF22 ","ENSG00000165512"
"NM_006965","ZNF24 ","ENSG00000172466"
"NM_006973","ZNF32 ","ENSG00000169740"
"NM_006977","ZBTB25 ","ENSG00000089775"
"NM_006978","RNF113A ","ENSG00000125352"
"NM_006979","SLC39A7 ","ENSG00000226614"
"NM_006979","SLC39A7 ","ENSG00000229802"
"NM_006979","SLC39A7 ","ENSG00000227402"
"NM_006979","SLC39A7 ","ENSG00000206288"
"NM_006979","SLC39A7 ","ENSG00000112473"
"NM_006979","SLC39A7 ","ENSG00000224399"
"NM_006986","MAGED1 ","ENSG00000179222"
"NM_006991","ZNF197 ","ENSG00000186448"
"NM_006991","ZNF197 ","ENSG00000281709"
"NM_006999","PAPD7 ","ENSG00000112941"
"NM_007006","NUDT21 ","ENSG00000167005"
"NM_007007","CPSF6 ","ENSG00000111605"
"NM_007008","RTN4 ","ENSG00000115310"
"NM_007013","WWP1 ","ENSG00000123124"
"NM_007014","WWP2 ","ENSG00000198373"
"NM_007024","TMEM115 ","ENSG00000126062"
"NM_007026","DUSP14 ","ENSG00000276023"
"NM_007026","DUSP14 ","ENSG00000275932"
"NM_007033","RER1 ","ENSG00000157916"
"NM_007040","HNRNPUL1 ","ENSG00000105323"
"NM_007041","ATE1 ","ENSG00000107669"
"NM_007042","RPP14 ","ENSG00000163684"
"NM_007043","KRR1 ","ENSG00000111615"
"NM_007051","FAF1 ","ENSG00000185104"
"NM_007062","PWP1 ","ENSG00000136045"
"NM_007065","CDC37 ","ENSG00000105401"
"NM_007075","WDR45 ","ENSG00000292221"
"NM_007075","WDR45 ","ENSG00000196998"
"NM_007076","FICD ","ENSG00000198855"
"NM_007080","LSM6 ","ENSG00000164167"
"NM_007103","NDUFV1 ","ENSG00000167792"
"NM_007104","RPL10A ","ENSG00000198755"
"NM_007106","UBL3 ","ENSG00000122042"
"NM_007107","SSR3 ","ENSG00000114850"
"NM_007108","TCEB2 ","ENSG00000103363"
"NM_007111","TFDP1 ","ENSG00000198176"
"NM_007114","TMF1 ","ENSG00000144747"
"NM_007121","NR1H2 ","ENSG00000131408"
"NM_007126","VCP ","ENSG00000165280"
"NM_007130","ZNF41 ","ENSG00000147124"
"NM_007145","ZNF146 ","ENSG00000167635"
"NM_007152","ZNF195 ","ENSG00000005801"
"NM_007156","ZXDA ","ENSG00000198205"
"NM_007157","ZXDB ","ENSG00000198455"
"NM_007166","PICALM ","ENSG00000073921"
"NM_007171","POMT1 ","ENSG00000130714"
"NM_007176","C14orf1 ","ENSG00000133935"
"NM_007178","STRAP ","ENSG00000023734"
"NM_007187","WBP4 ","ENSG00000120688"
"NM_007190","SEC23IP ","ENSG00000107651"
"NM_007198","PROSC ","ENSG00000147471"
"NM_007208","MRPL3 ","ENSG00000114686"
"NM_007209","RPL35 ","ENSG00000136942"
"NM_007214","SEC63 ","ENSG00000025796"
"NM_007221","PMF1 ","ENSG00000160783"
"NM_007222","ZHX1 ","ENSG00000165156"
"NM_007229","PACSIN2 ","ENSG00000100266"
"NM_007234","DCTN3 ","ENSG00000137100"
"NM_007235","XPOT ","ENSG00000184575"
"NM_007236","CHP1 ","ENSG00000187446"
"NM_007238","PXMP4 ","ENSG00000101417"
"NM_007241","SNF8 ","ENSG00000159210"
"NM_007242","DDX19B ","ENSG00000157349"
"NM_007245","ATXN2L ","ENSG00000168488"
"NM_007254","PNKP ","ENSG00000039650"
"NM_007255","B4GALT7 ","ENSG00000027847"
"NM_007262","PARK7 ","ENSG00000116288"
"NM_007263","COPE ","ENSG00000105669"
"NM_007265","ECD ","ENSG00000122882"
"NM_007266","GPN1 ","ENSG00000198522"
"NM_007269","STXBP3 ","ENSG00000116266"
"NM_007275","TUSC2 ","ENSG00000114383"
"NM_007276","CBX3 ","ENSG00000122565"
"NM_007277","EXOC3 ","ENSG00000180104"
"NM_007278","GABARAP ","ENSG00000170296"
"NM_007279","U2AF2 ","ENSG00000063244"
"NM_007282","RNF13 ","ENSG00000082996"
"NM_007285","GABARAPL2 ","ENSG00000034713"
"NM_007342","NUPL2 ","ENSG00000136243"
"NM_007346","OGFR ","ENSG00000060491"
"NM_007348","ATF6 ","ENSG00000118217"
"NM_007357","COG2 ","ENSG00000135775"
"NM_007359","CASC3 ","ENSG00000108349"
"NM_007362","NCBP2 ","ENSG00000114503"
"NM_007363","NONO ","ENSG00000147140"
"NM_007367","RALY ","ENSG00000125970"
"NM_007370","RFC5 ","ENSG00000111445"
"NM_007372","DDX42 ","ENSG00000198231"
"NM_007373","SHOC2 ","ENSG00000108061"
"NM_007375","TARDBP ","ENSG00000120948"
"NM_012071","COMMD3 ","ENSG00000148444"
"NM_012073","CCT5 ","ENSG00000150753"
"NM_012081","ELL2 ","ENSG00000118985"
"NM_012086","GTF3C3 ","ENSG00000119041"
"NM_012087","GTF3C5 ","ENSG00000148308"
"NM_012088","PGLS ","ENSG00000130313"
"NM_012089","ABCB10 ","ENSG00000135776"
"NM_012094","PRDX5 ","ENSG00000126432"
"NM_012095","AP3M1 ","ENSG00000185009"
"NM_012097","ARL5A ","ENSG00000162980"
"NM_012111","AHSA1 ","ENSG00000100591"
"NM_012117","CBX5 ","ENSG00000094916"
"NM_012123","MTO1 ","ENSG00000135297"
"NM_012135","FAM50B ","ENSG00000145945"
"NM_012138","AATF ","ENSG00000276072"
"NM_012138","AATF ","ENSG00000275700"
"NM_012139","SERGEF ","ENSG00000129158"
"NM_012142","CCNDBP1 ","ENSG00000166946"
"NM_012143","TFIP11 ","ENSG00000100109"
"NM_012158","FBXL3 ","ENSG00000005812"
"NM_012160","FBXL4 ","ENSG00000112234"
"NM_012161","FBXL5 ","ENSG00000118564"
"NM_012162","FBXL6 ","ENSG00000285442"
"NM_012162","FBXL6 ","ENSG00000182325"
"NM_012164","FBXW2 ","ENSG00000119402"
"NM_012170","FBXO22 ","ENSG00000167196"
"NM_012171","TSPAN17 ","ENSG00000048140"
"NM_012175","FBXO3 ","ENSG00000110429"
"NM_012179","FBXO7 ","ENSG00000100225"
"NM_012181","FKBP8 ","ENSG00000105701"
"NM_012192","TIMM10B ","ENSG00000132286"
"NM_012201","GLG1 ","ENSG00000090863"
"NM_012203","GRHPR ","ENSG00000137106"
"NM_012208","HARS2 ","ENSG00000112855"
"NM_012225","NUBP2 ","ENSG00000095906"
"NM_012228","MSRB2 ","ENSG00000148450"
"NM_012233","RAB3GAP1 ","ENSG00000115839"
"NM_012235","SCAP ","ENSG00000114650"
"NM_012237","SIRT2 ","ENSG00000283100"
"NM_012237","SIRT2 ","ENSG00000068903"
"NM_012239","SIRT3 ","ENSG00000142082"
"NM_012241","SIRT5 ","ENSG00000124523"
"NM_012245","SNW1 ","ENSG00000100603"
"NM_012247","SEPHS1 ","ENSG00000086475"
"NM_012257","HBP1 ","ENSG00000283847"
"NM_012257","HBP1 ","ENSG00000105856"
"NM_012262","HS2ST1 ","ENSG00000153936"
"NM_012265","RHBDD3 ","ENSG00000100263"
"NM_012267","HSPBP1 ","ENSG00000133265"
"NM_012268","PLD3 ","ENSG00000105223"
"NM_012280","FTSJ1 ","ENSG00000068438"
"NM_012286","MORF4L2 ","ENSG00000123562"
"NM_012290","TLK1 ","ENSG00000198586"
"NM_012300","FBXW11 ","ENSG00000072803"
"NM_012305","AP2A2 ","ENSG00000183020"
"NM_012305","AP2A2 ","ENSG00000280759"
"NM_012305","AP2A2 ","ENSG00000281385"
"NM_012308","KDM2A ","ENSG00000173120"
"NM_012318","LETM1 ","ENSG00000168924"
"NM_012321","LSM4 ","ENSG00000130520"
"NM_012322","LSM5 ","ENSG00000106355"
"NM_012328","DNAJB9 ","ENSG00000128590"
"NM_012331","MSRA ","ENSG00000175806"
"NM_012331","MSRA ","ENSG00000285250"
"NM_012336","NARF ","ENSG00000141562"
"NM_012341","GTPBP4 ","ENSG00000107937"
"NM_012346","NUP62 ","ENSG00000213024"
"NM_012382","TTC33 ","ENSG00000113638"
"NM_012388","BLOC1S6 ","ENSG00000104164"
"NM_012392","PEF1 ","ENSG00000162517"
"NM_012394","PFDN2 ","ENSG00000143256"
"NM_012399","PITPNB ","ENSG00000180957"
"NM_012402","ARFIP2 ","ENSG00000132254"
"NM_012403","ANP32C ",NA
"NM_012405","ICMT ","ENSG00000116237"
"NM_012406","PRDM4 ","ENSG00000110851"
"NM_012407","PICK1 ","ENSG00000100151"
"NM_012412","H2AFV ","ENSG00000105968"
"NM_012414","RAB3GAP2 ","ENSG00000118873"
"NM_012416","RANBP6 ","ENSG00000137040"
"NM_012426","SF3B3 ","ENSG00000189091"
"NM_012432","SETDB1 ","ENSG00000143379"
"NM_012433","SF3B1 ","ENSG00000115524"
"NM_012437","SNAPIN ","ENSG00000143553"
"NM_012456","TIMM10 ","ENSG00000134809"
"NM_012458","TIMM13 ","ENSG00000099800"
"NM_012459","TIMM8B ","ENSG00000150779"
"NM_012460","TIMM9 ","ENSG00000100575"
"NM_012461","TINF2 ","ENSG00000284915"
"NM_012461","TINF2 ","ENSG00000092330"
"NM_012463","ATP6V0A2 ","ENSG00000185344"
"NM_012469","PRPF6 ","ENSG00000101161"
"NM_012470","TNPO3 ","ENSG00000064419"
"NM_012473","TXN2 ","ENSG00000100348"
"NM_012474","UCK2 ","ENSG00000143179"
"NM_012478","WBP2 ","ENSG00000132471"
"NM_012482","ZNF281 ","ENSG00000162702"
"NM_013232","PDCD6 ","ENSG00000249915"
"NM_013234","EIF3K ","ENSG00000282986"
"NM_013234","EIF3K ","ENSG00000178982"
"NM_013235","DROSHA ","ENSG00000113360"
"NM_013236","ATXN10 ","ENSG00000130638"
"NM_013245","VPS4A ","ENSG00000132612"
"NM_013247","HTRA2 ","ENSG00000115317"
"NM_013248","NXT1 ","ENSG00000132661"
"NM_013254","TBK1 ","ENSG00000183735"
"NM_013255","MKLN1 ","ENSG00000128585"
"NM_013260","SAP30BP ","ENSG00000161526"
"NM_013263","BRD7 ","ENSG00000166164"
"NM_013265","VPS51 ","ENSG00000149823"
"NM_013274","POLL ","ENSG00000166169"
"NM_013283","MAT2B ","ENSG00000038274"
"NM_013284","POLM ","ENSG00000122678"
"NM_013285","GNL2 ","ENSG00000134697"
"NM_013286","RBM15B ","ENSG00000259956"
"NM_013293","TRA2A ","ENSG00000164548"
"NM_013316","CNOT4 ","ENSG00000080802"
"NM_013318","PRRC2B ","ENSG00000288701"
"NM_013319","UBIAD1 ","ENSG00000120942"
"NM_013325","ATG4B ","ENSG00000168397"
"NM_013326","C18orf8 ","ENSG00000141452"
"NM_013328","PYCR2 ","ENSG00000143811"
"NM_013329","PAXBP1 ","ENSG00000159086"
"NM_013329","PAXBP1 ","ENSG00000263141"
"NM_013333","EPN1 ","ENSG00000063245"
"NM_013335","GMPPA ","ENSG00000144591"
"NM_013336","SEC61A1 ","ENSG00000058262"
"NM_013337","TIMM22 ","ENSG00000277649"
"NM_013337","TIMM22 ","ENSG00000278501"
"NM_013337","TIMM22 ","ENSG00000177370"
"NM_013338","ALG5 ","ENSG00000120697"
"NM_013341","OLA1 ","ENSG00000138430"
"NM_013342","TFPT ","ENSG00000276504"
"NM_013342","TFPT ","ENSG00000276263"
"NM_013342","TFPT ","ENSG00000276323"
"NM_013342","TFPT ","ENSG00000105619"
"NM_013342","TFPT ","ENSG00000278161"
"NM_013342","TFPT ","ENSG00000274073"
"NM_013342","TFPT ","ENSG00000276022"
"NM_013342","TFPT ","ENSG00000273833"
"NM_013342","TFPT ","ENSG00000275086"
"NM_013342","TFPT ","ENSG00000276296"
"NM_013346","SNX12 ","ENSG00000147164"
"NM_013349","NENF ","ENSG00000117691"
"NM_013354","CNOT7 ","ENSG00000198791"
"NM_013366","ANAPC2 ","ENSG00000176248"
"NM_013373","ZDHHC8 ","ENSG00000099904"
"NM_013374","PDCD6IP ","ENSG00000170248"
"NM_013375","ABT1 ","ENSG00000146109"
"NM_013375","ABT1 ","ENSG00000292169"
"NM_013379","DPP7 ","ENSG00000176978"
"NM_013387","UQCR10 ","ENSG00000184076"
"NM_013388","PREB ","ENSG00000138073"
"NM_013392","NRBP1 ","ENSG00000115216"
"NM_013393","FTSJ2 ","ENSG00000122687"
"NM_013396","USP25 ","ENSG00000155313"
"NM_013399","CDIP1 ","ENSG00000089486"
"NM_013399","CDIP1 ","ENSG00000274336"
"NM_013400","REPIN1 ","ENSG00000214022"
"NM_013438","UBQLN1 ","ENSG00000135018"
"NM_013442","STOML2 ","ENSG00000165283"
"NM_013443","ST6GALNAC6 ","ENSG00000160408"
"NM_013444","UBQLN2 ","ENSG00000188021"
"NM_014003","DHX38 ","ENSG00000140829"
"NM_014008","CCDC22 ","ENSG00000101997"
"NM_014014","SNRNP200 ","ENSG00000144028"
"NM_014015","DEXI ","ENSG00000182108"
"NM_014017","LAMTOR2 ","ENSG00000116586"
"NM_014018","MRPS28 ","ENSG00000147586"
"NM_014028","OSTM1 ","ENSG00000081087"
"NM_014034","ASF1A ","ENSG00000111875"
"NM_014041","SPCS1 ","ENSG00000114902"
"NM_014042","ANAPC15 ","ENSG00000110200"
"NM_014043","CHMP2B ","ENSG00000083937"
"NM_014044","UNC50 ","ENSG00000115446"
"NM_014046","MRPS18B ","ENSG00000223775"
"NM_014046","MRPS18B ","ENSG00000227420"
"NM_014046","MRPS18B ","ENSG00000229861"
"NM_014046","MRPS18B ","ENSG00000233813"
"NM_014046","MRPS18B ","ENSG00000226111"
"NM_014046","MRPS18B ","ENSG00000203624"
"NM_014046","MRPS18B ","ENSG00000204568"
"NM_014047","C19orf53 ","ENSG00000104979"
"NM_014049","ACAD9 ","ENSG00000177646"
"NM_014050","MRPL42 ","ENSG00000198015"
"NM_014056","HIGD1A ","ENSG00000181061"
"NM_014060","MCTS1 ","ENSG00000232119"
"NM_014062","NOB1 ","ENSG00000141101"
"NM_014064","NTMT1 ","ENSG00000148335"
"NM_014066","COMMD5 ","ENSG00000170619"
"NM_014071","NCOA6 ","ENSG00000198646"
"NM_014077","FAM32A ","ENSG00000105058"
"NM_014078","MRPL13 ","ENSG00000172172"
"NM_014106","ZNF770 ","ENSG00000198146"
"NM_014117","C16orf72 ","ENSG00000182831"
"NM_014140","SMARCAL1 ","ENSG00000138375"
"NM_014145","TMEM230 ","ENSG00000089063"
"NM_014153","ZC3H7A ","ENSG00000122299"
"NM_014154","ARMC8 ","ENSG00000114098"
"NM_014155","ZBTB44 ","ENSG00000196323"
"NM_014159","SETD2 ","ENSG00000181555"
"NM_014160","MKRN2 ","ENSG00000075975"
"NM_014161","MRPL18 ","ENSG00000112110"
"NM_014165","NDUFAF4 ","ENSG00000123545"
"NM_014166","MED4 ","ENSG00000136146"
"NM_014167","CCDC59 ","ENSG00000133773"
"NM_014168","METTL5 ","ENSG00000138382"
"NM_014169","CHMP4A ","ENSG00000285302"
"NM_014169","CHMP4A ","ENSG00000254505"
"NM_014170","GTPBP8 ","ENSG00000163607"
"NM_014171","CRIPT ","ENSG00000119878"
"NM_014172","PHPT1 ","ENSG00000054148"
"NM_014173","BABAM1 ","ENSG00000105393"
"NM_014174","THYN1 ","ENSG00000151500"
"NM_014175","MRPL15 ","ENSG00000137547"
"NM_014177","TIMM21 ","ENSG00000075336"
"NM_014180","MRPL22 ","ENSG00000082515"
"NM_014181","LGALSL ","ENSG00000119862"
"NM_014182","ORMDL2 ","ENSG00000123353"
"NM_014183","DYNLRB1 ","ENSG00000125971"
"NM_014184","CNIH4 ","ENSG00000143771"
"NM_014186","COMMD9 ","ENSG00000110442"
"NM_014188","SSU72 ","ENSG00000160075"
"NM_014203","AP2A1 ","ENSG00000196961"
"NM_014206","TMEM258 ","ENSG00000134825"
"NM_014216","ITPK1 ","ENSG00000274958"
"NM_014216","ITPK1 ","ENSG00000100605"
"NM_014222","NDUFA8 ","ENSG00000119421"
"NM_014223","NFYC ","ENSG00000066136"
"NM_014225","PPP2R1A ","ENSG00000105568"
"NM_014230","SRP68 ","ENSG00000167881"
"NM_014233","UBTF ","ENSG00000108312"
"NM_014235","UBL4A ","ENSG00000102178"
"NM_014236","GNPAT ","ENSG00000116906"
"NM_014239","EIF2B2 ","ENSG00000119718"
"NM_014245","RNF7 ","ENSG00000114125"
"NM_014247","RAPGEF2 ","ENSG00000109756"
"NM_014248","RBX1 ","ENSG00000100387"
"NM_014254","TMEM5 ","ENSG00000118600"
"NM_014260","PFDN6 ","ENSG00000235692"
"NM_014260","PFDN6 ","ENSG00000206283"
"NM_014260","PFDN6 ","ENSG00000224782"
"NM_014260","PFDN6 ","ENSG00000237335"
"NM_014260","PFDN6 ","ENSG00000204220"
"NM_014263","YME1L1 ","ENSG00000136758"
"NM_014267","C11orf58 ","ENSG00000110696"
"NM_014268","MAPRE2 ","ENSG00000166974"
"NM_014275","MGAT4B ","ENSG00000161013"
"NM_014275","MGAT4B ","ENSG00000284501"
"NM_014280","DNAJC8 ","ENSG00000126698"
"NM_014281","PUF60 ","ENSG00000179950"
"NM_014285","EXOSC2 ","ENSG00000130713"
"NM_014296","CAPN7 ","ENSG00000131375"
"NM_014299","BRD4 ","ENSG00000141867"
"NM_014300","SEC11A ","ENSG00000140612"
"NM_014301","ISCU ","ENSG00000136003"
"NM_014302","SEC61G ","ENSG00000132432"
"NM_014303","PES1 ","ENSG00000100029"
"NM_014306","C22orf28 ","ENSG00000100220"
"NM_014311","SMUG1 ","ENSG00000123415"
"NM_014313","TMEM50A ","ENSG00000183726"
"NM_014315","KLHDC2 ","ENSG00000165516"
"NM_014323","PATZ1 ","ENSG00000100105"
"NM_014325","CORO1C ","ENSG00000110880"
"NM_014329","EDC4 ","ENSG00000038358"
"NM_014341","MTCH1 ","ENSG00000137409"
"NM_014342","MTCH2 ","ENSG00000285121"
"NM_014342","MTCH2 ","ENSG00000109919"
"NM_014346","TBC1D22A ","ENSG00000054611"
"NM_014366","GNL3 ","ENSG00000163938"
"NM_014367","FAM162A ","ENSG00000114023"
"NM_014372","RNF11 ","ENSG00000123091"
"NM_014377","DNAJC2 ","ENSG00000105821"
"NM_014382","ATP2C1 ","ENSG00000017260"
"NM_014388","DIEXF ","ENSG00000117597"
"NM_014389","PELP1 ","ENSG00000141456"
"NM_014390","SND1 ","ENSG00000197157"
"NM_014393","STAU2 ","ENSG00000040341"
"NM_014394","GHITM ","ENSG00000165678"
"NM_014402","UQCRQ ","ENSG00000164405"
"NM_014408","TRAPPC3 ","ENSG00000054116"
"NM_014409","TAF5L ","ENSG00000135801"
"NM_014413","EIF2AK1 ","ENSG00000086232"
"NM_014415","ZBTB11 ","ENSG00000066422"
"NM_014423","AFF4 ","ENSG00000072364"
"NM_014425","INVS ","ENSG00000119509"
"NM_014426","SNX5 ","ENSG00000089006"
"NM_014437","SLC39A1 ","ENSG00000143570"
"NM_014444","TUBGCP4 ","ENSG00000137822"
"NM_014447","ARFIP1 ","ENSG00000164144"
"NM_014453","CHMP2A ","ENSG00000130724"
"NM_014455","RNF115 ","ENSG00000265491"
"NM_014458","KLHL20 ","ENSG00000076321"
"NM_014462","LSM1 ","ENSG00000175324"
"NM_014463","LSM3 ","ENSG00000170860"
"NM_014473","DIMT1 ","ENSG00000086189"
"NM_014478","CRCP ","ENSG00000241258"
"NM_014481","APEX2 ","ENSG00000169188"
"NM_014487","ZNF330 ","ENSG00000109445"
"NM_014494","TNRC6A ","ENSG00000090905"
"NM_014497","ZNF638 ","ENSG00000075292"
"NM_014502","PRPF19 ","ENSG00000110107"
"NM_014504","RABGEF1 ","ENSG00000154710"
"NM_014506","TOR1B ","ENSG00000136816"
"NM_014507","MCAT ","ENSG00000100294"
"NM_014515","CNOT2 ","ENSG00000111596"
"NM_014516","CNOT3 ","ENSG00000277600"
"NM_014516","CNOT3 ","ENSG00000277114"
"NM_014516","CNOT3 ","ENSG00000274616"
"NM_014516","CNOT3 ","ENSG00000274176"
"NM_014516","CNOT3 ","ENSG00000277615"
"NM_014516","CNOT3 ","ENSG00000274941"
"NM_014516","CNOT3 ","ENSG00000275979"
"NM_014516","CNOT3 ","ENSG00000088038"
"NM_014516","CNOT3 ","ENSG00000276082"
"NM_014516","CNOT3 ","ENSG00000273943"
"NM_014517","UBP1 ","ENSG00000153560"
"NM_014519","ZNF232 ","ENSG00000167840"
"NM_014520","MYBBP1A ","ENSG00000132382"
"NM_014551","NCAPH2 ","ENSG00000025770"
"NM_014570","ARFGAP3 ","ENSG00000242247"
"NM_014574","STRN3 ","ENSG00000196792"
"NM_014584","ERO1L ","ENSG00000197930"
"NM_014593","CXXC1 ","ENSG00000154832"
"NM_014595","NT5C ","ENSG00000125458"
"NM_014596","ZNRD1 ","ENSG00000066379"
"NM_014596","ZNRD1 ","ENSG00000235176"
"NM_014596","ZNRD1 ","ENSG00000206502"
"NM_014596","ZNRD1 ","ENSG00000224859"
"NM_014596","ZNRD1 ","ENSG00000235443"
"NM_014596","ZNRD1 ","ENSG00000236949"
"NM_014596","ZNRD1 ","ENSG00000236808"
"NM_014596","ZNRD1 ","ENSG00000233795"
"NM_014597","DNTTIP2 ","ENSG00000067334"
"NM_014602","PIK3R4 ","ENSG00000196455"
"NM_014607","UBXN4 ","ENSG00000144224"
"NM_014608","CYFIP1 ","ENSG00000273749"
"NM_014608","CYFIP1 ","ENSG00000288461"
"NM_014608","CYFIP1 ","ENSG00000280618"
"NM_014612","FAM120A ","ENSG00000048828"
"NM_014613","FAF2 ","ENSG00000113194"
"NM_014628","MAD2L1BP ","ENSG00000124688"
"NM_014630","ZNF592 ","ENSG00000166716"
"NM_014637","MTFR1 ","ENSG00000066855"
"NM_014639","TTC37 ","ENSG00000198677"
"NM_014641","MDC1 ","ENSG00000228575"
"NM_014641","MDC1 ","ENSG00000206481"
"NM_014641","MDC1 ","ENSG00000234012"
"NM_014641","MDC1 ","ENSG00000225589"
"NM_014641","MDC1 ","ENSG00000237095"
"NM_014641","MDC1 ","ENSG00000224587"
"NM_014641","MDC1 ","ENSG00000137337"
"NM_014641","MDC1 ","ENSG00000231135"
"NM_014655","SLC25A44 ","ENSG00000160785"
"NM_014657","TTI1 ","ENSG00000101407"
"NM_014663","KDM4A ","ENSG00000066135"
"NM_014665","LRRC14 ","ENSG00000160959"
"NM_014666","CLINT1 ","ENSG00000113282"
"NM_014670","BZW1 ","ENSG00000082153"
"NM_014671","UBE3C ","ENSG00000009335"
"NM_014672","KIAA0391 ","ENSG00000100890"
"NM_014673","EMC2 ","ENSG00000104412"
"NM_014676","PUM1 ","ENSG00000134644"
"NM_014678","PPP6R2 ","ENSG00000100239"
"NM_014680","KIAA0100 ","ENSG00000007202"
"NM_014685","HERPUD1 ","ENSG00000051108"
"NM_014704","CEP104 ","ENSG00000116198"
"NM_014706","SART3 ","ENSG00000075856"
"NM_014713","LAPTM4A ","ENSG00000068697"
"NM_014730","MLEC ","ENSG00000110917"
"NM_014738","KIAA0195 ","ENSG00000177728"
"NM_014739","BCLAF1 ","ENSG00000029363"
"NM_014740","EIF4A3 ","ENSG00000291508"
"NM_014740","EIF4A3 ","ENSG00000141543"
"NM_014741","ATG13 ","ENSG00000175224"
"NM_014742","TM9SF4 ","ENSG00000101337"
"NM_014743","KIAA0232 ","ENSG00000170871"
"NM_014748","SNX17 ","ENSG00000115234"
"NM_014751","MTSS1 ","ENSG00000170873"
"NM_014753","BMS1 ","ENSG00000165733"
"NM_014754","PTDSS1 ","ENSG00000156471"
"NM_014755","SERTAD2 ","ENSG00000179833"
"NM_014758","SNX19 ","ENSG00000120451"
"NM_014760","TATDN2 ","ENSG00000157014"
"NM_014763","MRPL19 ","ENSG00000115364"
"NM_014765","TOMM20 ","ENSG00000173726"
"NM_014771","RNF40 ","ENSG00000103549"
"NM_014773","KIAA0141 ","ENSG00000081791"
"NM_014774","EFCAB14 ","ENSG00000159658"
"NM_014781","RB1CC1 ","ENSG00000023287"
"NM_014784","ARHGEF11 ","ENSG00000132694"
"NM_014789","ZNF623 ","ENSG00000183309"
"NM_014789","ZNF623 ","ENSG00000276340"
"NM_014798","PLEKHM1 ","ENSG00000276358"
"NM_014798","PLEKHM1 ","ENSG00000225190"
"NM_014798","PLEKHM1 ","ENSG00000277111"
"NM_014803","ZNF518A ","ENSG00000177853"
"NM_014805","EPM2AIP1 ","ENSG00000178567"
"NM_014814","PSMD6 ","ENSG00000163636"
"NM_014815","MED24 ","ENSG00000008838"
"NM_014820","TOMM70A ","ENSG00000154174"
"NM_014827","ZC3H11A ","ENSG00000058673"
"NM_014828","TOX4 ","ENSG00000092203"
"NM_014829","DDX46 ","ENSG00000145833"
"NM_014830","ZBTB39 ","ENSG00000166860"
"NM_014835","OSBPL2 ","ENSG00000130703"
"NM_014838","ZBED4 ","ENSG00000100426"
"NM_014846","KIAA0196 ","ENSG00000164961"
"NM_014847","UBAP2L ","ENSG00000143569"
"NM_014860","SUPT7L ","ENSG00000119760"
"NM_014864","FAM20B ","ENSG00000116199"
"NM_014866","SEC16A ","ENSG00000148396"
"NM_014868","RNF10 ","ENSG00000022840"
"NM_014872","ZBTB5 ","ENSG00000168795"
"NM_014877","HELZ ","ENSG00000198265"
"NM_014885","ANAPC10 ","ENSG00000164162"
"NM_014886","NSA2 ","ENSG00000164346"
"NM_014887","N4BP2L2 ","ENSG00000244754"
"NM_014889","PITRM1 ","ENSG00000107959"
"NM_014891","PDAP1 ","ENSG00000106244"
"NM_014892","SCAF8 ","ENSG00000213079"
"NM_014908","DOLK ","ENSG00000175283"
"NM_014910","ZNF507 ","ENSG00000168813"
"NM_014920","ICK ","ENSG00000112144"
"NM_014923","FNDC3A ","ENSG00000102531"
"NM_014925","R3HDM2 ","ENSG00000179912"
"NM_014929","FASTKD2 ","ENSG00000118246"
"NM_014933","SEC31A ",NA
"NM_014939","TRAPPC8 ","ENSG00000153339"
"NM_014941","MORC2 ","ENSG00000133422"
"NM_014943","ZHX2 ","ENSG00000178764"
"NM_014948","UBOX5 ","ENSG00000185019"
"NM_014950","ZBTB1 ","ENSG00000126804"
"NM_014952","BAHD1 ","ENSG00000140320"
"NM_014953","DIS3 ","ENSG00000083520"
"NM_014955","METTL13 ","ENSG00000010165"
"NM_014966","DHX30 ","ENSG00000132153"
"NM_014972","TCF25 ","ENSG00000141002"
"NM_014977","ACIN1 ","ENSG00000100813"
"NM_014982","PCNX ","ENSG00000100731"
"NM_014983","HMGXB3 ","ENSG00000113716"
"NM_014999","RAB21 ","ENSG00000080371"
"NM_015001","SPEN ","ENSG00000065526"
"NM_015004","EXOSC7 ","ENSG00000075914"
"NM_015012","TMEM41B ","ENSG00000166471"
"NM_015014","RBM34 ","ENSG00000188739"
"NM_015017","USP33 ","ENSG00000077254"
"NM_015023","WDTC1 ","ENSG00000142784"
"NM_015024","XPO7 ","ENSG00000130227"
"NM_015026","MON2 ","ENSG00000061987"
"NM_015035","ZHX3 ","ENSG00000174306"
"NM_015037","ZSWIM8 ","ENSG00000214655"
"NM_015038","KIAA0754 ",NA
"NM_015043","TBC1D9B ","ENSG00000197226"
"NM_015043","TBC1D9B ","ENSG00000284400"
"NM_015045","WAPAL ","ENSG00000062650"
"NM_015047","EMC1 ","ENSG00000127463"
"NM_015050","FTSJD2 ","ENSG00000137200"
"NM_015051","ERP44 ","ENSG00000023318"
"NM_015054","UHRF1BP1L ","ENSG00000111647"
"NM_015070","ZC3H13 ","ENSG00000123200"
"NM_015083","CDK12 ","ENSG00000167258"
"NM_015084","MRPS27 ","ENSG00000113048"
"NM_015093","TAB2 ","ENSG00000055208"
"NM_015099","CAMTA2 ","ENSG00000108509"
"NM_015104","ATG2A ","ENSG00000110046"
"NM_015110","SMC5 ","ENSG00000198887"
"NM_015115","DCUN1D4 ","ENSG00000109184"
"NM_015117","ZC3H3 ","ENSG00000014164"
"NM_015124","GRAMD4 ","ENSG00000075240"
"NM_015125","CIC ","ENSG00000079432"
"NM_015127","CLCC1 ","ENSG00000121940"
"NM_015131","WDR43 ","ENSG00000163811"
"NM_015132","SNX13 ","ENSG00000071189"
"NM_015137","EFR3A ","ENSG00000132294"
"NM_015143","METAP1 ","ENSG00000164024"
"NM_015160","PMPCA ","ENSG00000165688"
"NM_015167","JMJD6 ","ENSG00000070495"
"NM_015169","RRS1 ","ENSG00000179041"
"NM_015173","TBC1D1 ","ENSG00000065882"
"NM_015176","FBXO28 ","ENSG00000143756"
"NM_015190","DNAJC9 ","ENSG00000213551"
"NM_015219","EXOC7 ","ENSG00000182473"
"NM_015235","CSTF2T ","ENSG00000177613"
"NM_015246","MGRN1 ","ENSG00000102858"
"NM_015251","ATMIN ","ENSG00000291953"
"NM_015251","ATMIN ","ENSG00000166454"
"NM_015255","UBR2 ","ENSG00000024048"
"NM_015269","ZCCHC11 ","ENSG00000134744"
"NM_015274","MAN2B2 ","ENSG00000013288"
"NM_015276","USP22 ","ENSG00000124422"
"NM_015299","KHNYN ","ENSG00000100441"
"NM_015315","LARP1 ","ENSG00000155506"
"NM_015317","PUM2 ","ENSG00000055917"
"NM_015323","UFL1 ","ENSG00000014123"
"NM_015324","RRP8 ","ENSG00000132275"
"NM_015325","KIAA0947 ","ENSG00000164151"
"NM_015327","SMG5 ","ENSG00000198952"
"NM_015330","SPECC1L ","ENSG00000100014"
"NM_015331","NCSTN ","ENSG00000162736"
"NM_015339","ADNP ","ENSG00000101126"
"NM_015340","LARS2 ","ENSG00000011376"
"NM_015342","PPWD1 ","ENSG00000113593"
"NM_015348","TMEM131 ","ENSG00000075568"
"NM_015348","TMEM131 ","ENSG00000291574"
"NM_015352","POFUT1 ","ENSG00000101346"
"NM_015355","SUZ12 ","ENSG00000178691"
"NM_015356","SCRIB ","ENSG00000274287"
"NM_015356","SCRIB ","ENSG00000180900"
"NM_015360","SKIV2L2 ","ENSG00000039123"
"NM_015367","BCL2L13 ","ENSG00000099968"
"NM_015368","PANX1 ","ENSG00000110218"
"NM_015374","SUN2 ","ENSG00000100242"
"NM_015380","SAMM50 ","ENSG00000100347"
"NM_015384","NIPBL ","ENSG00000164190"
"NM_015386","COG4 ","ENSG00000103051"
"NM_015387","MOB4 ","ENSG00000115540"
"NM_015388","YIPF3 ","ENSG00000137207"
"NM_015391","ANAPC13 ","ENSG00000129055"
"NM_015397","DCAF12 ","ENSG00000198876"
"NM_015399","BRMS1 ","ENSG00000174744"
"NM_015407","ABHD14A ","ENSG00000248487"
"NM_015412","C3orf17 ","ENSG00000163608"
"NM_015415","MPC2 ","ENSG00000143158"
"NM_015416","LETMD1 ","ENSG00000050426"
"NM_015420","DCAF13 ","ENSG00000164934"
"NM_015421","TMEM186 ","ENSG00000184857"
"NM_015423","AASDHPPT ","ENSG00000149313"
"NM_015436","RCHY1 ","ENSG00000163743"
"NM_015449","C1orf43 ","ENSG00000143612"
"NM_015453","THUMPD3 ","ENSG00000134077"
"NM_015454","LARP7 ","ENSG00000174720"
"NM_015456","NELFB ","ENSG00000188986"
"NM_015457","ZDHHC5 ","ENSG00000156599"
"NM_015462","NOL11 ","ENSG00000130935"
"NM_015466","PTPN23 ","ENSG00000076201"
"NM_015473","HEATR5A ","ENSG00000129493"
"NM_015475","FAM98A ","ENSG00000119812"
"NM_015483","KBTBD2 ","ENSG00000170852"
"NM_015484","SYF2 ","ENSG00000117614"
"NM_015485","RWDD3 ","ENSG00000122481"
"NM_015491","PNISR ","ENSG00000132424"
"NM_015496","KIAA1429 ","ENSG00000164944"
"NM_015509","NECAP1 ","ENSG00000089818"
"NM_015510","DHRS7B ","ENSG00000109016"
"NM_015511","AAR2 ","ENSG00000131043"
"NM_015513","CRELD1 ","ENSG00000163703"
"NM_015514","NGDN ","ENSG00000129460"
"NM_015517","HINFP ","ENSG00000172273"
"NM_015525","IBTK ","ENSG00000283068"
"NM_015525","IBTK ","ENSG00000005700"
"NM_015528","RNF167 ","ENSG00000108523"
"NM_015530","GORASP2 ","ENSG00000115806"
"NM_015534","ZZZ3 ","ENSG00000036549"
"NM_015542","UPF2 ","ENSG00000151461"
"NM_015545","PTCD1 ","ENSG00000106246"
"NM_015554","GLCE ","ENSG00000138604"
"NM_015560","OPA1 ","ENSG00000198836"
"NM_015571","SENP6 ","ENSG00000112701"
"NM_015578","LSM14A ","ENSG00000257103"
"NM_015578","LSM14A ","ENSG00000262860"
"NM_015584","POLDIP2 ","ENSG00000004142"
"NM_015590","GPATCH4 ","ENSG00000160818"
"NM_015600","ABHD12 ","ENSG00000100997"
"NM_015601","HERC4 ","ENSG00000148634"
"NM_015607","CHTOP ","ENSG00000160679"
"NM_015610","WIPI2 ","ENSG00000157954"
"NM_015629","PRPF31 ","ENSG00000277154"
"NM_015629","PRPF31 ","ENSG00000277707"
"NM_015629","PRPF31 ","ENSG00000276421"
"NM_015629","PRPF31 ","ENSG00000105618"
"NM_015629","PRPF31 ","ENSG00000277953"
"NM_015629","PRPF31 ","ENSG00000274651"
"NM_015629","PRPF31 ","ENSG00000274144"
"NM_015629","PRPF31 ","ENSG00000274894"
"NM_015629","PRPF31 ","ENSG00000275117"
"NM_015629","PRPF31 ","ENSG00000275885"
"NM_015631","TCTN3 ","ENSG00000119977"
"NM_015633","FGFR1OP2 ","ENSG00000111790"
"NM_015635","GAPVD1 ","ENSG00000165219"
"NM_015636","EIF2B4 ","ENSG00000115211"
"NM_015638","TRPC4AP ","ENSG00000100991"
"NM_015640","SERBP1 ","ENSG00000142864"
"NM_015649","IRF2BP1 ","ENSG00000170604"
"NM_015652","C10orf12 ",NA
"NM_015658","NOC2L ","ENSG00000188976"
"NM_015659","RSL1D1 ","ENSG00000171490"
"NM_015665","AAAS ","ENSG00000291836"
"NM_015665","AAAS ","ENSG00000094914"
"NM_015666","GTPBP5 ","ENSG00000101181"
"NM_015670","SENP3 ","ENSG00000161956"
"NM_015676","TMEM251 ","ENSG00000275947"
"NM_015676","TMEM251 ","ENSG00000153485"
"NM_015679","TRUB2 ","ENSG00000167112"
"NM_015684","ATP5S ","ENSG00000125375"
"NM_015694","ZNF777 ","ENSG00000196453"
"NM_015695","BRPF3 ","ENSG00000096070"
"NM_015697","COQ2 ","ENSG00000173085"
"NM_015698","GPKOW ","ENSG00000292204"
"NM_015698","GPKOW ","ENSG00000068394"
"NM_015700","NFU1 ","ENSG00000169599"
"NM_015701","ERLEC1 ","ENSG00000068912"
"NM_015702","MMADHC ","ENSG00000168288"
"NM_015703","RRP7A ","ENSG00000189306"
"NM_015704","DESI1 ","ENSG00000100418"
"NM_015705","SGSM3 ","ENSG00000100359"
"NM_015723","PNPLA8 ","ENSG00000135241"
"NM_015726","DCAF8 ","ENSG00000132716"
"NM_015836","WARS2 ","ENSG00000116874"
"NM_015859","GTF2A1 ","ENSG00000165417"
"NM_015871","ZNF593 ","ENSG00000142684"
"NM_015878","AZIN1 ","ENSG00000155096"
"NM_015884","MBTPS2 ","ENSG00000012174"
"NM_015885","PCF11 ","ENSG00000165494"
"NM_015891","CDC40 ","ENSG00000168438"
"NM_015898","ZBTB7A ","ENSG00000178951"
"NM_015904","EIF5B ","ENSG00000158417"
"NM_015907","LAP3 ","ENSG00000002549"
"NM_015911","ZNF691 ","ENSG00000164011"
"NM_015913","TXNDC12 ","ENSG00000117862"
"NM_015914","TXNDC11 ","ENSG00000153066"
"NM_015918","POP5 ","ENSG00000167272"
"NM_015919","ZNF226 ","ENSG00000167380"
"NM_015920","RPS27L ","ENSG00000185088"
"NM_015921","CUTA ","ENSG00000112514"
"NM_015921","CUTA ","ENSG00000226492"
"NM_015922","NSDHL ","ENSG00000292192"
"NM_015922","NSDHL ","ENSG00000147383"
"NM_015926","TEX264 ","ENSG00000164081"
"NM_015929","LIPT1 ","ENSG00000144182"
"NM_015932","POMP ","ENSG00000132963"
"NM_015934","NOP58 ","ENSG00000055044"
"NM_015937","PIGT ","ENSG00000124155"
"NM_015938","NMD3 ","ENSG00000169251"
"NM_015941","ATP6V1H ","ENSG00000047249"
"NM_015942","MTERFD1 ","ENSG00000156469"
"NM_015945","SLC35C2 ","ENSG00000080189"
"NM_015946","PELO ","ENSG00000152684"
"NM_015949","GET4 ","ENSG00000239857"
"NM_015950","MRPL2 ","ENSG00000112651"
"NM_015952","RWDD1 ","ENSG00000111832"
"NM_015954","DERA ","ENSG00000023697"
"NM_015955","MEMO1 ","ENSG00000162959"
"NM_015956","MRPL4 ","ENSG00000105364"
"NM_015957","APIP ","ENSG00000149089"
"NM_015958","DPH5 ","ENSG00000117543"
"NM_015959","TMX2 ","ENSG00000213593"
"NM_015962","FCF1 ","ENSG00000119616"
"NM_015963","THAP4 ","ENSG00000176946"
"NM_015965","NDUFA13 ","ENSG00000186010"
"NM_015966","ERGIC3 ","ENSG00000125991"
"NM_015969","MRPS17 ","ENSG00000239789"
"NM_015971","MRPS7 ","ENSG00000125445"
"NM_015972","POLR1D ","ENSG00000186184"
"NM_015983","UBE2D4 ","ENSG00000078967"
"NM_015984","UCHL5 ","ENSG00000116750"
"NM_015987","HEBP1 ","ENSG00000013583"
"NM_015990","KLHL5 ","ENSG00000109790"
"NM_015994","ATP6V1D ","ENSG00000100554"
"NM_015997","RRNAD1 ","ENSG00000143303"
"NM_015999","ADIPOR1 ","ENSG00000159346"
"NM_016009","SH3GLB1 ","ENSG00000097033"
"NM_016014","FAM108B1 ","ENSG00000107362"
"NM_016016","SLC25A39 ","ENSG00000013306"
"NM_016018","PHF20L1 ","ENSG00000129292"
"NM_016019","LUC7L2 ","ENSG00000146963"
"NM_016020","TFB1M ","ENSG00000029639"
"NM_016021","UBE2J1 ","ENSG00000198833"
"NM_016022","APH1A ","ENSG00000117362"
"NM_016028","SUV420H1 ","ENSG00000110066"
"NM_016030","TRAPPC12 ","ENSG00000171853"
"NM_016030","TRAPPC12 ","ENSG00000274891"
"NM_016033","RMDN1 ","ENSG00000176623"
"NM_016034","MRPS2 ","ENSG00000122140"
"NM_016035","COQ4 ","ENSG00000167113"
"NM_016037","UTP11L ","ENSG00000183520"
"NM_016038","SBDS ","ENSG00000126524"
"NM_016039","C14orf166 ","ENSG00000087302"
"NM_016040","TMED5 ","ENSG00000117500"
"NM_016041","DERL2 ","ENSG00000072849"
"NM_016045","SLMO2 ","ENSG00000101166"
"NM_016046","EXOSC1 ","ENSG00000171311"
"NM_016047","SF3B14 ","ENSG00000115128"
"NM_016049","EMC9 ","ENSG00000100908"
"NM_016049","EMC9 ","ENSG00000285377"
"NM_016050","MRPL11 ","ENSG00000174547"
"NM_016055","MRPL48 ","ENSG00000175581"
"NM_016056","TMBIM4 ","ENSG00000155957"
"NM_016057","COPZ1 ","ENSG00000111481"
"NM_016058","TPRKB ","ENSG00000144034"
"NM_016058","TPRKB ","ENSG00000291480"
"NM_016060","MED31 ","ENSG00000108590"
"NM_016062","FAM96B ","ENSG00000166595"
"NM_016065","MRPS16 ","ENSG00000182180"
"NM_016067","MRPS18C ","ENSG00000163319"
"NM_016068","FIS1 ","ENSG00000214253"
"NM_016069","PAM16 ","ENSG00000217930"
"NM_016069","PAM16 ","ENSG00000282228"
"NM_016070","MRPS23 ","ENSG00000181610"
"NM_016071","MRPS33 ","ENSG00000090263"
"NM_016072","GOLT1B ","ENSG00000111711"
"NM_016074","BOLA1 ","ENSG00000178096"
"NM_016075","VPS36 ","ENSG00000136100"
"NM_016077","PTRH2 ","ENSG00000141378"
"NM_016078","TVP23B ","ENSG00000171928"
"NM_016082","CDK5RAP1 ","ENSG00000101391"
"NM_016085","ATRAID ","ENSG00000138085"
"NM_016086","STYXL1 ","ENSG00000127952"
"NM_016090","RBM7 ","ENSG00000076053"
"NM_016091","EIF3L ","ENSG00000100129"
"NM_016093","RPL26L1 ","ENSG00000037241"
"NM_016096","ZNF706 ","ENSG00000120963"
"NM_016097","IER3IP1 ","ENSG00000134049"
"NM_016099","GOLGA7 ","ENSG00000147533"
"NM_016100","NAA20 ","ENSG00000173418"
"NM_016101","NIP7 ","ENSG00000132603"
"NM_016106","SCFD1 ","ENSG00000092108"
"NM_016107","ZFR ","ENSG00000056097"
"NM_016111","TELO2 ","ENSG00000100726"
"NM_016118","NUB1 ","ENSG00000013374"
"NM_016127","TMEM66 ","ENSG00000133872"
"NM_016128","COPG1 ","ENSG00000181789"
"NM_016129","COPS4 ","ENSG00000138663"
"NM_016131","RAB10 ","ENSG00000084733"
"NM_016133","INSIG2 ","ENSG00000125629"
"NM_016139","CHCHD2 ","ENSG00000106153"
"NM_016141","DYNC1LI1 ","ENSG00000144635"
"NM_016142","HSD17B12 ","ENSG00000149084"
"NM_016143","NSFL1C ","ENSG00000088833"
"NM_016144","COMMD10 ","ENSG00000145781"
"NM_016145","WDR83OS ","ENSG00000105583"
"NM_016146","TRAPPC4 ","ENSG00000280495"
"NM_016146","TRAPPC4 ","ENSG00000196655"
"NM_016166","PIAS1 ","ENSG00000033800"
"NM_016167","NOL7 ","ENSG00000225921"
"NM_016173","HEMK1 ","ENSG00000114735"
"NM_016176","SDF4 ","ENSG00000078808"
"NM_016183","MRTO4 ","ENSG00000053372"
"NM_016196","RBM19 ","ENSG00000122965"
"NM_016199","LSM7 ","ENSG00000130332"
"NM_016200","NAA38 ","ENSG00000128534"
"NM_016202","ZNF580 ","ENSG00000213015"
"NM_016205","PDGFC ","ENSG00000145431"
"NM_016208","VPS28 ","ENSG00000160948"
"NM_016208","VPS28 ","ENSG00000285339"
"NM_016209","TRAPPC2L ","ENSG00000167515"
"NM_016213","TRIP4 ","ENSG00000103671"
"NM_016218","POLK ","ENSG00000122008"
"NM_016219","MAN1B1 ","ENSG00000177239"
"NM_016221","DCTN4 ","ENSG00000132912"
"NM_016222","DDX41 ","ENSG00000183258"
"NM_016224","SNX9 ","ENSG00000130340"
"NM_016226","VPS29 ","ENSG00000111237"
"NM_016237","ANAPC5 ","ENSG00000089053"
"NM_016238","ANAPC7 ","ENSG00000196510"
"NM_016255","FAM8A1 ","ENSG00000137414"
"NM_016258","YTHDF2 ","ENSG00000198492"
"NM_016263","FZR1 ","ENSG00000105325"
"NM_016275","SELT ","ENSG00000198843"
"NM_016282","AK3 ","ENSG00000147853"
"NM_016284","CNOT1 ","ENSG00000125107"
"NM_016287","HP1BP3 ","ENSG00000127483"
"NM_016289","CAB39 ","ENSG00000135932"
"NM_016297","PCYOX1 ","ENSG00000116005"
"NM_016299","HSPA14 ","ENSG00000187522"
"NM_016301","GPN3 ","ENSG00000111231"
"NM_016302","CRBN ","ENSG00000113851"
"NM_016305","SS18L2 ","ENSG00000008324"
"NM_016306","DNAJB11 ","ENSG00000090520"
"NM_016308","CMPK1 ","ENSG00000162368"
"NM_016310","POLR3K ","ENSG00000161980"
"NM_016311","ATPIF1 ","ENSG00000130770"
"NM_016311","ATPIF1 ","ENSG00000285390"
"NM_016312","WBP11 ","ENSG00000084463"
"NM_016319","COPS7A ","ENSG00000111652"
"NM_016322","RAB14 ","ENSG00000119396"
"NM_016324","ZNF274 ","ENSG00000171606"
"NM_016331","ZNF639 ","ENSG00000121864"
"NM_016353","ZDHHC2 ","ENSG00000104219"
"NM_016355","DDX47 ","ENSG00000213782"
"NM_016360","TACO1 ","ENSG00000136463"
"NM_016376","ANKFY1 ","ENSG00000185722"
"NM_016391","NOP16 ","ENSG00000048162"
"NM_016399","TRIAP1 ","ENSG00000170855"
"NM_016400","HYPK ","ENSG00000242028"
"NM_016401","C11orf73 ","ENSG00000149196"
"NM_016403","CWC15 ","ENSG00000150316"
"NM_016404","TRMT112 ","ENSG00000173113"
"NM_016406","UFC1 ","ENSG00000143222"
"NM_016407","RTFDC1 ","ENSG00000022277"
"NM_016410","CHMP5 ","ENSG00000086065"
"NM_016417","GLRX5 ","ENSG00000182512"
"NM_016422","RNF141 ","ENSG00000110315"
"NM_016433","GLTP ","ENSG00000139433"
"NM_016440","VRK3 ","ENSG00000105053"
"NM_016442","ERAP1 ","ENSG00000164307"
"NM_016451","COPB1 ","ENSG00000129083"
"NM_016453","NCKIPSD ","ENSG00000213672"
"NM_016454","EMC4 ","ENSG00000128463"
"NM_016456","TMEM9 ","ENSG00000116857"
"NM_016462","TMEM14C ","ENSG00000284936"
"NM_016462","TMEM14C ","ENSG00000111843"
"NM_016463","CXXC5 ","ENSG00000171604"
"NM_016466","ANKRD39 ","ENSG00000213337"
"NM_016467","ORMDL1 ","ENSG00000128699"
"NM_016468","COX16 ","ENSG00000133983"
"NM_016470","C20orf111 ","ENSG00000132823"
"NM_016474","CCDC174 ","ENSG00000154781"
"NM_016475","JKAMP ","ENSG00000050130"
"NM_016476","ANAPC11 ","ENSG00000141552"
"NM_016480","PAIP2 ","ENSG00000120727"
"NM_016484","PDZD11 ","ENSG00000120509"
"NM_016485","VTA1 ","ENSG00000009844"
"NM_016486","TMEM69 ","ENSG00000159596"
"NM_016488","PPHLN1 ","ENSG00000134283"
"NM_016489","NT5C3 ","ENSG00000122643"
"NM_016491","MRPL37 ","ENSG00000116221"
"NM_016492","RANGRF ","ENSG00000108961"
"NM_016494","RNF181 ","ENSG00000168894"
"NM_016495","TBC1D7 ","ENSG00000145979"
"NM_016496","2-Mar","ENSG00000099785"
"NM_016497","MRPL51 ","ENSG00000111639"
"NM_016500","PBDC1 ","ENSG00000102390"
"NM_016504","MRPL27 ","ENSG00000108826"
"NM_016506","KBTBD4 ","ENSG00000284900"
"NM_016506","KBTBD4 ","ENSG00000123444"
"NM_016520","C9orf78 ","ENSG00000136819"
"NM_016525","UBAP1 ","ENSG00000165006"
"NM_016531","KLF3 ","ENSG00000109787"
"NM_016532","INPP5K ","ENSG00000132376"
"NM_016558","SCAND1 ","ENSG00000171222"
"NM_016561","BFAR ","ENSG00000275618"
"NM_016561","BFAR ","ENSG00000103429"
"NM_016565","COA4 ","ENSG00000181924"
"NM_016567","BCCIP ","ENSG00000107949"
"NM_016570","ERGIC2 ","ENSG00000087502"
"NM_016576","GMPR2 ","ENSG00000100938"
"NM_016576","GMPR2 ","ENSG00000284752"
"NM_016579","CD320 ","ENSG00000167775"
"NM_016581","ECSIT ","ENSG00000130159"
"NM_016589","TIMMDC1 ","ENSG00000113845"
"NM_016598","ZDHHC3 ","ENSG00000163812"
"NM_016607","ARMCX3 ","ENSG00000102401"
"NM_016614","TDP2 ","ENSG00000111802"
"NM_016618","KRCC1 ","ENSG00000172086"
"NM_016620","ZNF644 ","ENSG00000122482"
"NM_016622","MRPL35 ","ENSG00000132313"
"NM_016625","RSRC1 ","ENSG00000174891"
"NM_016628","WAC ","ENSG00000095787"
"NM_016630","SPG21 ","ENSG00000090487"
"NM_016638","ARL6IP4 ","ENSG00000182196"
"NM_016640","MRPS30 ","ENSG00000112996"
"NM_016641","GDE1 ","ENSG00000006007"
"NM_016649","ESF1 ","ENSG00000089048"
"NM_016652","CRNKL1 ","ENSG00000101343"
"NM_016827","OGG1 ","ENSG00000114026"
"NM_017426","NUP54 ","ENSG00000138750"
"NM_017432","PTOV1 ","ENSG00000104960"
"NM_017437","CPSF2 ","ENSG00000165934"
"NM_017443","POLE3 ","ENSG00000148229"
"NM_017444","CHRAC1 ","ENSG00000104472"
"NM_017510","TMED9 ","ENSG00000184840"
"NM_017518","HAUS7 ",NA
"NM_017526","LEPROT ","ENSG00000213625"
"NM_017528","WBSCR22 ","ENSG00000071462"
"NM_017546","CNOT11 ","ENSG00000158435"
"NM_017547","FOXRED1 ","ENSG00000110074"
"NM_017548","CDV3 ","ENSG00000091527"
"NM_017580","ZRANB1 ","ENSG00000019995"
"NM_017582","UBE2Q1 ","ENSG00000160714"
"NM_017583","TRIM44 ","ENSG00000166326"
"NM_017590","ZC3H7B ","ENSG00000100403"
"NM_017592","MED29 ","ENSG00000063322"
"NM_017595","NKIRAS2 ","ENSG00000168256"
"NM_017599","VEZT ","ENSG00000028203"
"NM_017602","OTUD5 ","ENSG00000068308"
"NM_017602","OTUD5 ","ENSG00000292211"
"NM_017610","RNF111 ","ENSG00000157450"
"NM_017615","NSMCE4A ","ENSG00000107672"
"NM_017622","C17orf59 ","ENSG00000196544"
"NM_017623","CNNM3 ","ENSG00000168763"
"NM_017626","DNAJB12 ","ENSG00000148719"
"NM_017647","FTSJ3 ","ENSG00000108592"
"NM_017653","DYM ","ENSG00000141627"
"NM_017657","AFTPH ","ENSG00000119844"
"NM_017660","GATAD2A ","ENSG00000167491"
"NM_017661","ZNF280D ","ENSG00000137871"
"NM_017664","ANKRD10 ","ENSG00000088448"
"NM_017665","ZCCHC10 ","ENSG00000155329"
"NM_017670","OTUB1 ","ENSG00000167770"
"NM_017702","DEF8 ","ENSG00000140995"
"NM_017706","WDR55 ","ENSG00000120314"
"NM_017712","PGPEP1 ","ENSG00000130517"
"NM_017715","ZNF3 ","ENSG00000166526"
"NM_017721","CC2D1A ","ENSG00000132024"
"NM_017721","CC2D1A ","ENSG00000288293"
"NM_017722","TRMT1 ","ENSG00000104907"
"NM_017724","LRRFIP2 ","ENSG00000093167"
"NM_017727","TMEM214 ","ENSG00000119777"
"NM_017730","QRICH1 ","ENSG00000198218"
"NM_017733","PIGG ","ENSG00000174227"
"NM_017739","POMGNT1 ","ENSG00000085998"
"NM_017747","ANKHD1 ","ENSG00000131503"
"NM_017748","CWC25 ","ENSG00000276761"
"NM_017748","CWC25 ","ENSG00000273559"
"NM_017749","AMBRA1 ","ENSG00000110497"
"NM_017751","SMPD4 ","ENSG00000292130"
"NM_017751","SMPD4 ","ENSG00000136699"
"NM_017755","NSUN2 ","ENSG00000037474"
"NM_017758","ALKBH5 ","ENSG00000091542"
"NM_017761","PNRC2 ","ENSG00000189266"
"NM_017765","PQLC2 ","ENSG00000040487"
"NM_017768","LRRC40 ","ENSG00000066557"
"NM_017782","FAM208B ","ENSG00000108021"
"NM_017787","WBP1L ","ENSG00000166272"
"NM_017797","BTBD2 ","ENSG00000133243"
"NM_017798","YTHDF1 ","ENSG00000149658"
"NM_017802","HEATR2 ","ENSG00000164818"
"NM_017807","OSGEP ","ENSG00000092094"
"NM_017807","OSGEP ","ENSG00000291794"
"NM_017810","ZSCAN32 ","ENSG00000140987"
"NM_017811","UBE2R2 ","ENSG00000107341"
"NM_017812","CHCHD3 ","ENSG00000106554"
"NM_017813","IMPAD1 ","ENSG00000104331"
"NM_017814","TMEM161A ","ENSG00000064545"
"NM_017815","HAUS4 ","ENSG00000092036"
"NM_017819","TRMT10C ","ENSG00000174173"
"NM_017822","KANSL2 ","ENSG00000139620"
"NM_017824","5-Mar","ENSG00000198060"
"NM_017825","ADPRHL2 ","ENSG00000116863"
"NM_017829","CECR5 ","ENSG00000069998"
"NM_017830","OCIAD1 ","ENSG00000109180"
"NM_017832","FAM206A ","ENSG00000119328"
"NM_017836","SLC41A3 ","ENSG00000114544"
"NM_017838","NHP2 ","ENSG00000145912"
"NM_017840","MRPL16 ","ENSG00000166902"
"NM_017841","SDHAF2 ","ENSG00000167985"
"NM_017842","SLC48A1 ","ENSG00000211584"
"NM_017846","TRNAU1AP ","ENSG00000180098"
"NM_017849","TMEM127 ","ENSG00000135956"
"NM_017850","C1orf109 ","ENSG00000116922"
"NM_017853","TXNL4B ","ENSG00000140830"
"NM_017856","GEMIN8 ","ENSG00000046647"
"NM_017859","UCKL1 ","ENSG00000198276"
"NM_017861","PIGX ","ENSG00000163964"
"NM_017866","TMEM70 ","ENSG00000175606"
"NM_017867","C4orf27 ","ENSG00000056050"
"NM_017871","CPSF3L ","ENSG00000127054"
"NM_017875","SLC25A38 ","ENSG00000144659"
"NM_017881","NMRK1 ","ENSG00000106733"
"NM_017883","WDR13 ","ENSG00000101940"
"NM_017884","PINX1 ","ENSG00000284764"
"NM_017884","PINX1 ","ENSG00000254093"
"NM_017887","C1orf123 ","ENSG00000162384"
"NM_017892","PRPF40A ","ENSG00000196504"
"NM_017895","DDX27 ","ENSG00000124228"
"NM_017896","GID8 ","ENSG00000101193"
"NM_017900","AURKAIP1 ","ENSG00000175756"
"NM_017901","TPCN1 ","ENSG00000186815"
"NM_017905","TMCO3 ","ENSG00000150403"
"NM_017906","PAK1IP1 ","ENSG00000285226"
"NM_017906","PAK1IP1 ","ENSG00000111845"
"NM_017907","LAMTOR1 ","ENSG00000149357"
"NM_017908","ZNF446 ","ENSG00000083838"
"NM_017909","RMND1 ","ENSG00000155906"
"NM_017913","CDC37L1 ","ENSG00000106993"
"NM_017916","PIH1D1 ","ENSG00000104872"
"NM_017917","PPP2R3C ","ENSG00000092020"
"NM_017919","STX17 ","ENSG00000136874"
"NM_017921","NPLOC4 ","ENSG00000182446"
"NM_017924","C14orf119 ","ENSG00000179933"
"NM_017929","PEX26 ","ENSG00000215193"
"NM_017944","USP47 ","ENSG00000170242"
"NM_017948","NOL8 ","ENSG00000198000"
"NM_017948","NOL8 ","ENSG00000291347"
"NM_017952","PTCD3 ","ENSG00000132300"
"NM_017956","TRMT12 ","ENSG00000183665"
"NM_017969","IWS1 ","ENSG00000163166"
"NM_017970","NRDE2 ","ENSG00000119720"
"NM_017971","MRPL20 ","ENSG00000242485"
"NM_017974","ATG16L1 ","ENSG00000281089"
"NM_017974","ATG16L1 ","ENSG00000085978"
"NM_017988","SCYL2 ","ENSG00000136021"
"NM_017994","TMEM248 ","ENSG00000106609"
"NM_017999","RNF31 ","ENSG00000092098"
"NM_017999","RNF31 ","ENSG00000285152"
"NM_018028","SAMD4B ","ENSG00000179134"
"NM_018031","WDR6 ","ENSG00000178252"
"NM_018034","WDR70 ","ENSG00000082068"
"NM_018035","ATP5SL ","ENSG00000105341"
"NM_018036","ATG2B ","ENSG00000066739"
"NM_018044","NSUN5 ","ENSG00000130305"
"NM_018045","BSDC1 ","ENSG00000160058"
"NM_018046","AGGF1 ","ENSG00000164252"
"NM_018049","PLEKHJ1 ","ENSG00000104886"
"NM_018052","VAC14 ","ENSG00000103043"
"NM_018060","IARS2 ","ENSG00000067704"
"NM_018064","AKIRIN2 ","ENSG00000135334"
"NM_018066","GPN2 ","ENSG00000142751"
"NM_018071","ARHGEF40 ","ENSG00000165801"
"NM_018074","CCDC94 ","ENSG00000105248"
"NM_018077","RBM28 ","ENSG00000106344"
"NM_018081","WRAP53 ","ENSG00000141499"
"NM_018085","IPO9 ","ENSG00000198700"
"NM_018091","ELP3 ","ENSG00000134014"
"NM_018093","WDR74 ","ENSG00000133316"
"NM_018094","GSPT2 ","ENSG00000189369"
"NM_018106","ZDHHC4 ","ENSG00000136247"
"NM_018107","RBM23 ","ENSG00000100461"
"NM_018109","MTPAP ","ENSG00000107951"
"NM_018114","DALRD3 ","ENSG00000178149"
"NM_018115","SDAD1 ","ENSG00000198301"
"NM_018119","POLR3E ","ENSG00000058600"
"NM_018119","POLR3E ","ENSG00000284282"
"NM_018120","ARMC1 ","ENSG00000104442"
"NM_018122","DARS2 ","ENSG00000117593"
"NM_018125","ARHGEF10L ","ENSG00000074964"
"NM_018126","TMEM33 ","ENSG00000109133"
"NM_018127","ELAC2 ","ENSG00000006744"
"NM_018128","TSR1 ","ENSG00000167721"
"NM_018129","PNPO ","ENSG00000108439"
"NM_018135","MRPS18A ","ENSG00000096080"
"NM_018138","TBCCD1 ","ENSG00000113838"
"NM_018139","DNAAF2 ","ENSG00000165506"
"NM_018141","MRPS10 ","ENSG00000048544"
"NM_018142","INTS10 ","ENSG00000104613"
"NM_018145","RMDN3 ","ENSG00000137824"
"NM_018146","RNMTL1 ","ENSG00000171861"
"NM_018149","SMG8 ","ENSG00000167447"
"NM_018150","RNF220 ","ENSG00000187147"
"NM_018163","DNAJC17 ","ENSG00000104129"
"NM_018164","ASUN ","ENSG00000064102"
"NM_018171","APPL2 ","ENSG00000136044"
"NM_018179","ATF7IP ","ENSG00000171681"
"NM_018180","DHX32 ","ENSG00000089876"
"NM_018184","ARL8B ","ENSG00000134108"
"NM_018188","ATAD3A ","ENSG00000197785"
"NM_018195","C11orf57 ","ENSG00000150776"
"NM_018196","TMLHE ","ENSG00000185973"
"NM_018198","DNAJC11 ","ENSG00000007923"
"NM_018199","EXD2 ","ENSG00000081177"
"NM_018200","HMG20A ","ENSG00000140382"
"NM_018202","TMEM57 ","ENSG00000204178"
"NM_018210","CARKD ","ENSG00000213995"
"NM_018216","PANK4 ","ENSG00000157881"
"NM_018216","PANK4 ","ENSG00000273494"
"NM_018224","COA1 ","ENSG00000106603"
"NM_018225","SMU1 ","ENSG00000122692"
"NM_018229","AP5M1 ","ENSG00000053770"
"NM_018230","NUP133 ","ENSG00000069248"
"NM_018233","OGFOD1 ","ENSG00000087263"
"NM_018237","CCAR1 ","ENSG00000060339"
"NM_018241","TMEM184C ","ENSG00000164168"
"NM_018244","UQCC ","ENSG00000101019"
"NM_018246","CCDC25 ","ENSG00000147419"
"NM_018247","TMEM30A ","ENSG00000112697"
"NM_018253","YY1AP1 ","ENSG00000163374"
"NM_018255","ELP2 ","ENSG00000134759"
"NM_018256","WDR12 ","ENSG00000138442"
"NM_018259","TTC17 ","ENSG00000052841"
"NM_018261","EXOC1 ","ENSG00000090989"
"NM_018264","TYW1 ","ENSG00000198874"
"NM_018266","TMEM39A ","ENSG00000176142"
"NM_018268","WDR41 ","ENSG00000164253"
"NM_018269","ADI1 ","ENSG00000182551"
"NM_018269","ADI1 ","ENSG00000280830"
"NM_018279","TMEM19 ","ENSG00000139291"
"NM_018283","NUDT15 ","ENSG00000136159"
"NM_018285","IMP3 ","ENSG00000177971"
"NM_018288","PHF10 ","ENSG00000130024"
"NM_018289","VPS53 ","ENSG00000283883"
"NM_018289","VPS53 ","ENSG00000141252"
"NM_018292","QRSL1 ","ENSG00000130348"
"NM_018293","ZNF654 ",NA
"NM_018297","NGLY1 ","ENSG00000151092"
"NM_018299","UBE2W ","ENSG00000104343"
"NM_018301","RBM41 ","ENSG00000089682"
"NM_018303","EXOC2 ","ENSG00000112685"
"NM_018307","RHOT1 ","ENSG00000126858"
"NM_018309","TBC1D23 ","ENSG00000036054"
"NM_018310","BRF2 ","ENSG00000104221"
"NM_018312","PPP6R3 ","ENSG00000110075"
"NM_018320","RNF121 ","ENSG00000137522"
"NM_018321","BRIX1 ","ENSG00000113460"
"NM_018332","DDX19A ","ENSG00000168872"
"NM_018337","ZNF444 ","ENSG00000167685"
"NM_018339","RFK ","ENSG00000135002"
"NM_018343","RIOK2 ","ENSG00000058729"
"NM_018346","RSAD1 ","ENSG00000136444"
"NM_018348","FTSJD1 ","ENSG00000180917"
"NM_018348","FTSJD1 ","ENSG00000292378"
"NM_018358","ABCF3 ","ENSG00000161204"
"NM_018359","UFSP2 ","ENSG00000109775"
"NM_018360","TXLNG ","ENSG00000086712"
"NM_018362","LIN7C ","ENSG00000148943"
"NM_018366","BLOC1S4 ","ENSG00000186222"
"NM_018368","LMBRD1 ","ENSG00000168216"
"NM_018373","SYNJ2BP ","ENSG00000213463"
"NM_018374","TMEM106B ","ENSG00000106460"
"NM_018379","FAM63A ","ENSG00000143409"
"NM_018383","WDR33 ","ENSG00000136709"
"NM_018385","LSG1 ","ENSG00000041802"
"NM_018386","PCID2 ","ENSG00000126226"
"NM_018394","ABHD10 ","ENSG00000144827"
"NM_018396","METTL2B ","ENSG00000165055"
"NM_018412","ST7 ","ENSG00000004866"
"NM_018425","PI4K2A ","ENSG00000155252"
"NM_018426","TMEM63B ","ENSG00000137216"
"NM_018427","RRN3 ","ENSG00000278494"
"NM_018427","RRN3 ","ENSG00000085721"
"NM_018428","UTP6 ","ENSG00000108651"
"NM_018438","FBXO6 ","ENSG00000116663"
"NM_018445","VIMP ","ENSG00000131871"
"NM_018446","GLT8D1 ","ENSG00000016864"
"NM_018447","EMC3 ","ENSG00000125037"
"NM_018452","TMEM242 ","ENSG00000215712"
"NM_018453","EAPP ","ENSG00000129518"
"NM_018461","PPP2R2D ","ENSG00000175470"
"NM_018462","BRK1 ","ENSG00000254999"
"NM_018464","CISD1 ","ENSG00000122873"
"NM_018465","PLGRKT ","ENSG00000107020"
"NM_018467","USE1 ","ENSG00000053501"
"NM_018469","TEX2 ","ENSG00000136478"
"NM_018471","ZC3H15 ","ENSG00000065548"
"NM_018473","ACOT13 ","ENSG00000112304"
"NM_018477","ACTR10 ","ENSG00000131966"
"NM_018486","HDAC8 ","ENSG00000147099"
"NM_018509","LRRC59 ","ENSG00000108829"
"NM_018559","KIAA1704 ","ENSG00000133114"
"NM_018590","CSGALNACT2 ","ENSG00000169826"
"NM_018622","PARL ","ENSG00000175193"
"NM_018639","WSB2 ","ENSG00000176871"
"NM_018641","CHST12 ","ENSG00000136213"
"NM_018648","NOP10 ","ENSG00000182117"
"NM_018648","NOP10 ","ENSG00000291996"
"NM_018656","SLC35E3 ","ENSG00000175782"
"NM_018657","MYNN ","ENSG00000085274"
"NM_018686","CMAS ","ENSG00000111726"
"NM_018691","FAM114A2 ","ENSG00000055147"
"NM_018714","COG1 ","ENSG00000166685"
"NM_018835","RC3H2 ","ENSG00000056586"
"NM_018838","NDUFA12 ","ENSG00000184752"
"NM_018840","C20orf24 ","ENSG00000101084"
"NM_018844","BCAP29 ","ENSG00000075790"
"NM_018844","BCAP29 ","ENSG00000283852"
"NM_018848","MKKS ","ENSG00000125863"
"NM_018946","NANS ","ENSG00000095380"
"NM_018955","UBB ","ENSG00000170315"
"NM_018959","DAZAP1 ","ENSG00000071626"
"NM_018975","TERF2IP ","ENSG00000166848"
"NM_018976","SLC38A2 ","ENSG00000134294"
"NM_018981","DNAJC10 ","ENSG00000077232"
"NM_018982","YIPF1 ","ENSG00000058799"
"NM_018989","RBM27 ","ENSG00000091009"
"NM_018993","RIN2 ","ENSG00000132669"
"NM_018994","FBXO42 ","ENSG00000291375"
"NM_018994","FBXO42 ","ENSG00000037637"
"NM_018997","MRPS21 ","ENSG00000266472"
"NM_018998","FBXW5 ","ENSG00000159069"
"NM_019006","ZFAND6 ","ENSG00000086666"
"NM_019008","SMCR7L ","ENSG00000100335"
"NM_019009","TOLLIP ","ENSG00000078902"
"NM_019009","TOLLIP ","ENSG00000291426"
"NM_019023","PRMT7 ","ENSG00000132600"
"NM_019026","TMCO1 ","ENSG00000143183"
"NM_019030","DHX29 ","ENSG00000067248"
"NM_019037","EXOSC4 ","ENSG00000178896"
"NM_019040","ELP4 ","ENSG00000109911"
"NM_019042","PUS7 ","ENSG00000091127"
"NM_019045","WDR44 ","ENSG00000131725"
"NM_019048","ASNSD1 ","ENSG00000138381"
"NM_019051","MRPL50 ","ENSG00000136897"
"NM_019054","FAM35A ","ENSG00000122376"
"NM_019056","NDUFB11 ","ENSG00000147123"
"NM_019059","TOMM7 ","ENSG00000196683"
"NM_019069","WDR5B ","ENSG00000196981"
"NM_019070","DDX49 ","ENSG00000105671"
"NM_019082","DDX56 ","ENSG00000136271"
"NM_019088","PAF1 ","ENSG00000006712"
"NM_019095","CRLS1 ","ENSG00000088766"
"NM_019100","DMAP1 ","ENSG00000178028"
"NM_019103","ZMAT5 ","ENSG00000100319"
"NM_019104","LIN37 ","ENSG00000267796"
"NM_019116","UBFD1 ","ENSG00000103353"
"NM_019121","PPP1R37 ","ENSG00000104866"
"NM_019556","MOSPD1 ","ENSG00000101928"
"NM_019557","MTFR1L ","ENSG00000117640"
"NM_019594","LRRC8A ","ENSG00000136802"
"NM_019597","HNRNPH2 ","ENSG00000126945"
"NM_019606","MEPCE ","ENSG00000146834"
"NM_019610","RBMXL1 ","ENSG00000213516"
"NM_019613","WDR45B ","ENSG00000141580"
"NM_019852","METTL3 ","ENSG00000165819"
"NM_019884","GSK3A ","ENSG00000105723"
"NM_019886","CHST7 ","ENSG00000147119"
"NM_019887","DIABLO ","ENSG00000184047"
"NM_019896","POLE4 ","ENSG00000115350"
"NM_020122","KCMF1 ","ENSG00000176407"
"NM_020123","TM9SF3 ","ENSG00000077147"
"NM_020131","UBQLN4 ","ENSG00000160803"
"NM_020132","AGPAT3 ","ENSG00000160216"
"NM_020135","WRNIP1 ","ENSG00000124535"
"NM_020137","GRIPAP1 ","ENSG00000292219"
"NM_020137","GRIPAP1 ","ENSG00000068400"
"NM_020141","TMEM167B ","ENSG00000215717"
"NM_020143","PNO1 ","ENSG00000115946"
"NM_020150","SAR1A ","ENSG00000079332"
"NM_020151","STARD7 ","ENSG00000084090"
"NM_020154","EMC7 ","ENSG00000134153"
"NM_020156","C1GALT1 ","ENSG00000106392"
"NM_020162","DHX33 ","ENSG00000005100"
"NM_020166","MCCC1 ","ENSG00000078070"
"NM_020170","NCLN ","ENSG00000125912"
"NM_020177","FEM1C ","ENSG00000145780"
"NM_020185","DUSP22 ","ENSG00000112679"
"NM_020187","C3orf37 ","ENSG00000183624"
"NM_020188","CMC2 ","ENSG00000103121"
"NM_020188","CMC2 ","ENSG00000291948"
"NM_020189","ENY2 ","ENSG00000120533"
"NM_020191","MRPS22 ","ENSG00000175110"
"NM_020194","MFF ","ENSG00000168958"
"NM_020195","SDR39U1 ","ENSG00000100445"
"NM_020198","CCDC47 ","ENSG00000108588"
"NM_020199","C5orf15 ","ENSG00000113583"
"NM_020202","NIT2 ","ENSG00000114021"
"NM_020216","RNPEP ","ENSG00000176393"
"NM_020218","ATXN7L3 ",NA
"NM_020230","PPAN ","ENSG00000130810"
"NM_020232","PSMG2 ","ENSG00000128789"
"NM_020233","ADPRM ","ENSG00000170222"
"NM_020234","DTWD1 ","ENSG00000104047"
"NM_020236","MRPL1 ","ENSG00000169288"
"NM_020243","TOMM22 ","ENSG00000100216"
"NM_020244","CHPT1 ","ENSG00000111666"
"NM_020248","CTNNBIP1 ","ENSG00000178585"
"NM_020307","CCNL1 ","ENSG00000163660"
"NM_020314","C16orf62 ","ENSG00000103544"
"NM_020320","RARS2 ","ENSG00000146282"
"NM_020362","PITHD1 ","ENSG00000057757"
"NM_020365","EIF2B3 ","ENSG00000070785"
"NM_020368","UTP3 ","ENSG00000132467"
"NM_020375","C12orf5 ","ENSG00000078237"
"NM_020382","SETD8 ","ENSG00000183955"
"NM_020383","XPNPEP1 ","ENSG00000108039"
"NM_020395","INTS12 ","ENSG00000138785"
"NM_020399","GOPC ","ENSG00000047932"
"NM_020401","NUP107 ","ENSG00000111581"
"NM_020408","LYRM4 ","ENSG00000214113"
"NM_020409","MRPL47 ","ENSG00000136522"
"NM_020414","DDX24 ","ENSG00000089737"
"NM_020414","DDX24 ","ENSG00000273761"
"NM_020423","SCYL3 ","ENSG00000000457"
"NM_020424","LYRM1 ","ENSG00000102897"
"NM_020425","SMIM8 ","ENSG00000111850"
"NM_020442","VARS2 ","ENSG00000206476"
"NM_020442","VARS2 ","ENSG00000234032"
"NM_020442","VARS2 ","ENSG00000236178"
"NM_020442","VARS2 ","ENSG00000137411"
"NM_020442","VARS2 ","ENSG00000223494"
"NM_020442","VARS2 ","ENSG00000230985"
"NM_020444","KIAA1191 ","ENSG00000122203"
"NM_020456","SPRYD7 ","ENSG00000123178"
"NM_020463","SMEK2 ","ENSG00000275052"
"NM_020470","YIF1A ","ENSG00000174851"
"NM_020474","GALNT1 ","ENSG00000141429"
"NM_020533","MCOLN1 ","ENSG00000090674"
"NM_020536","CSRP2BP ","ENSG00000149474"
"NM_020642","AKIP1 ","ENSG00000166452"
"NM_020644","TMEM9B ","ENSG00000175348"
"NM_020662","MRS2 ","ENSG00000124532"
"NM_020673","RAB22A ","ENSG00000124209"
"NM_020679","MIF4GD ","ENSG00000125457"
"NM_020680","SCYL1 ","ENSG00000142186"
"NM_020690","ANKHD1-EIF4EBP3 ","ENSG00000254996"
"NM_020695","REXO1 ","ENSG00000079313"
"NM_020696","KIAA1143 ","ENSG00000163807"
"NM_020696","KIAA1143 ","ENSG00000281665"
"NM_020699","GATAD2B ","ENSG00000143614"
"NM_020699","GATAD2B ","ENSG00000261992"
"NM_020701","ISY1 ","ENSG00000240682"
"NM_020706","SCAF4 ","ENSG00000156304"
"NM_020710","LRRC47 ","ENSG00000130764"
"NM_020727","ZBTB21 ","ENSG00000173276"
"NM_020745","AARS2 ","ENSG00000124608"
"NM_020755","SERINC1 ","ENSG00000111897"
"NM_020772","NUFIP2 ","ENSG00000108256"
"NM_020774","MIB1 ","ENSG00000101752"
"NM_020781","ZNF398 ","ENSG00000197024"
"NM_020786","PDP2 ","ENSG00000172840"
"NM_020803","KLHL8 ","ENSG00000145332"
"NM_020806","GPHN ","ENSG00000171723"
"NM_020827","KIAA1430 ","ENSG00000164323"
"NM_020832","ZNF687 ","ENSG00000143373"
"NM_020857","VPS18 ","ENSG00000104142"
"NM_020865","DHX36 ","ENSG00000281763"
"NM_020865","DHX36 ","ENSG00000174953"
"NM_020889","PHF12 ","ENSG00000109118"
"NM_020901","PHRF1 ","ENSG00000274780"
"NM_020901","PHRF1 ","ENSG00000070047"
"NM_020905","RDH14 ","ENSG00000240857"
"NM_020919","ALS2 ","ENSG00000003393"
"NM_020920","CHD8 ","ENSG00000100888"
"NM_020931","KIAA1586 ","ENSG00000168116"
"NM_020940","FAM160B1 ","ENSG00000151553"
"NM_020943","CWC22 ","ENSG00000163510"
"NM_020944","GBA2 ","ENSG00000070610"
"NM_020946","DENND1A ","ENSG00000119522"
"NM_020960","GPR107 ","ENSG00000148358"
"NM_020961","METTL14 ","ENSG00000145388"
"NM_021003","PPM1A ","ENSG00000100614"
"NM_021009","UBC ","ENSG00000150991"
"NM_021074","NDUFV2 ","ENSG00000178127"
"NM_021079","NMT1 ","ENSG00000136448"
"NM_021090","MTMR3 ","ENSG00000100330"
"NM_021107","MRPS12 ","ENSG00000128626"
"NM_021107","MRPS12 ","ENSG00000283018"
"NM_021117","CRY2 ","ENSG00000121671"
"NM_021128","POLR2L ","ENSG00000177700"
"NM_021129","PPA1 ","ENSG00000180817"
"NM_021131","PPP2R4 ","ENSG00000119383"
"NM_021134","MRPL23 ","ENSG00000214026"
"NM_021134","MRPL23 ","ENSG00000288141"
"NM_021137","TNFAIP1 ","ENSG00000109079"
"NM_021141","XRCC5 ","ENSG00000079246"
"NM_021156","TMX4 ","ENSG00000125827"
"NM_021160","ABHD16A ","ENSG00000236063"
"NM_021160","ABHD16A ","ENSG00000204427"
"NM_021160","ABHD16A ","ENSG00000206403"
"NM_021160","ABHD16A ","ENSG00000231488"
"NM_021160","ABHD16A ","ENSG00000235676"
"NM_021160","ABHD16A ","ENSG00000224552"
"NM_021160","ABHD16A ","ENSG00000230475"
"NM_021163","RBAK ","ENSG00000146587"
"NM_021168","RAB40C ","ENSG00000197562"
"NM_021174","KIAA1967 ","ENSG00000158941"
"NM_021177","LSM2 ","ENSG00000236826"
"NM_021177","LSM2 ","ENSG00000204392"
"NM_021177","LSM2 ","ENSG00000231502"
"NM_021177","LSM2 ","ENSG00000225998"
"NM_021177","LSM2 ","ENSG00000172850"
"NM_021177","LSM2 ","ENSG00000224979"
"NM_021178","CCNB1IP1 ","ENSG00000291784"
"NM_021178","CCNB1IP1 ","ENSG00000100814"
"NM_021184","C6orf47 ","ENSG00000204439"
"NM_021184","C6orf47 ","ENSG00000235360"
"NM_021184","C6orf47 ","ENSG00000203623"
"NM_021184","C6orf47 ","ENSG00000226531"
"NM_021184","C6orf47 ","ENSG00000226103"
"NM_021184","C6orf47 ","ENSG00000228435"
"NM_021184","C6orf47 ","ENSG00000228177"
"NM_021188","ZNF410 ","ENSG00000119725"
"NM_021194","SLC30A1 ","ENSG00000170385"
"NM_021203","SRPRB ","ENSG00000144867"
"NM_021204","ENOPH1 ","ENSG00000145293"
"NM_021210","TRAPPC1 ","ENSG00000170043"
"NM_021215","RPRD1B ","ENSG00000101413"
"NM_021222","PRUNE ","ENSG00000143363"
"NM_021228","SCAF1 ","ENSG00000126461"
"NM_021237","SELK ","ENSG00000113811"
"NM_021241","WIZ ","ENSG00000011451"
"NM_021242","MID1IP1 ","ENSG00000165175"
"NM_021249","SNX6 ","ENSG00000129515"
"NM_021252","RAB18 ","ENSG00000099246"
"NM_021253","TRIM39 ","ENSG00000230308"
"NM_021253","TRIM39 ","ENSG00000226437"
"NM_021253","TRIM39 ","ENSG00000224994"
"NM_021253","TRIM39 ","ENSG00000232839"
"NM_021253","TRIM39 ","ENSG00000204599"
"NM_021253","TRIM39 ","ENSG00000206495"
"NM_021253","TRIM39 ","ENSG00000229929"
"NM_021254","C21orf59 ","ENSG00000159079"
"NM_021260","ZFYVE1 ","ENSG00000165861"
"NM_021622","PLEKHA1 ","ENSG00000107679"
"NM_021627","SENP2 ","ENSG00000163904"
"NM_021639","GPBP1L1 ","ENSG00000159592"
"NM_021640","C12orf10 ","ENSG00000139637"
"NM_021640","C12orf10 ","ENSG00000291835"
"NM_021645","UTP14C ","ENSG00000253797"
"NM_021806","FAM3A ","ENSG00000071889"
"NM_021807","EXOC4 ","ENSG00000131558"
"NM_021818","SAV1 ","ENSG00000151748"
"NM_021821","MRPS35 ","ENSG00000061794"
"NM_021824","NIF3L1 ","ENSG00000196290"
"NM_021826","FASTKD5 ","ENSG00000215251"
"NM_021830","C10orf2 ","ENSG00000107815"
"NM_021928","SPCS3 ","ENSG00000129128"
"NM_021930","RINT1 ","ENSG00000135249"
"NM_021932","RIC8A ","ENSG00000177963"
"NM_021933","MIIP ","ENSG00000116691"
"NM_021934","C12orf44 ","ENSG00000123395"
"NM_021937","EEFSEC ","ENSG00000132394"
"NM_021937","EEFSEC ","ENSG00000284869"
"NM_021940","SMAP1 ","ENSG00000112305"
"NM_021942","TRAPPC11 ","ENSG00000168538"
"NM_021943","ZFAND3 ","ENSG00000156639"
"NM_021947","SRR ","ENSG00000167720"
"NM_021959","PPP1R11 ","ENSG00000206501"
"NM_021959","PPP1R11 ","ENSG00000236560"
"NM_021959","PPP1R11 ","ENSG00000233314"
"NM_021959","PPP1R11 ","ENSG00000234058"
"NM_021959","PPP1R11 ","ENSG00000237829"
"NM_021959","PPP1R11 ","ENSG00000204619"
"NM_021959","PPP1R11 ","ENSG00000237403"
"NM_021959","PPP1R11 ","ENSG00000227720"
"NM_021970","LAMTOR3 ","ENSG00000109270"
"NM_021974","POLR2F ","ENSG00000100142"
"NM_021975","RELA ","ENSG00000173039"
"NM_021976","RXRB ","ENSG00000204231"
"NM_021976","RXRB ","ENSG00000231321"
"NM_021976","RXRB ","ENSG00000235712"
"NM_021976","RXRB ","ENSG00000227322"
"NM_021976","RXRB ","ENSG00000228333"
"NM_021976","RXRB ","ENSG00000206289"
"NM_021982","SEC24A ","ENSG00000113615"
"NM_021988","UBE2V1 ","ENSG00000244687"
"NM_021994","ZNF277 ","ENSG00000198839"
"NM_021999","ITM2B ","ENSG00000136156"
"NM_022037","TIA1 ","ENSG00000116001"
"NM_022039","FBXW4 ","ENSG00000107829"
"NM_022060","ABHD4 ","ENSG00000100439"
"NM_022061","MRPL17 ","ENSG00000158042"
"NM_022063","FAM204A ","ENSG00000165669"
"NM_022075","CERS2 ","ENSG00000143418"
"NM_022095","ZNF335 ","ENSG00000198026"
"NM_022100","MRPS14 ","ENSG00000120333"
"NM_022104","PCIF1 ","ENSG00000100982"
"NM_022105","DIDO1 ","ENSG00000101191"
"NM_022110","FKBPL ","ENSG00000204315"
"NM_022110","FKBPL ","ENSG00000223666"
"NM_022110","FKBPL ","ENSG00000230907"
"NM_022110","FKBPL ","ENSG00000224200"
"NM_022126","LHPP ","ENSG00000107902"
"NM_022130","GOLPH3 ","ENSG00000113384"
"NM_022149","MAGEF1 ","ENSG00000177383"
"NM_022152","TMBIM1 ","ENSG00000135926"
"NM_022163","MRPL46 ","ENSG00000259494"
"NM_022167","XYLT2 ","ENSG00000015532"
"NM_022170","EIF4H ","ENSG00000106682"
"NM_022334","ITGB1BP1 ","ENSG00000119185"
"NM_022338","C11orf24 ","ENSG00000171067"
"NM_022347","TOR1AIP2 ","ENSG00000169905"
"NM_022362","MMS19 ","ENSG00000155229"
"NM_022366","TFB2M ","ENSG00000162851"
"NM_022371","TOR3A ","ENSG00000186283"
"NM_022372","MLST8 ","ENSG00000167965"
"NM_022373","HERPUD2 ","ENSG00000122557"
"NM_022374","ATL2 ","ENSG00000119787"
"NM_022453","RNF25 ","ENSG00000163481"
"NM_022455","NSD1 ","ENSG00000165671"
"NM_022457","RFWD2 ","ENSG00000143207"
"NM_022460","HS1BP3 ","ENSG00000118960"
"NM_022461","AZI2 ","ENSG00000163512"
"NM_022464","SIL1 ","ENSG00000120725"
"NM_022470","ZMAT3 ","ENSG00000172667"
"NM_022476","AKTIP ","ENSG00000166971"
"NM_022480","KLHL25 ","ENSG00000183655"
"NM_022482","GZF1 ","ENSG00000125812"
"NM_022484","TMEM168 ","ENSG00000146802"
"NM_022488","ATG3 ","ENSG00000144848"
"NM_022489","INF2 ","ENSG00000203485"
"NM_022490","POLR1E ","ENSG00000137054"
"NM_022493","NARFL ","ENSG00000103245"
"NM_022495","PCNXL4 ","ENSG00000126773"
"NM_022497","MRPS25 ","ENSG00000131368"
"NM_022553","VPS52 ","ENSG00000225590"
"NM_022553","VPS52 ","ENSG00000228425"
"NM_022553","VPS52 ","ENSG00000224455"
"NM_022553","VPS52 ","ENSG00000206286"
"NM_022553","VPS52 ","ENSG00000223618"
"NM_022553","VPS52 ","ENSG00000223501"
"NM_022553","VPS52 ","ENSG00000236014"
"NM_022575","VPS16 ","ENSG00000215305"
"NM_022717","SNRNP35 ","ENSG00000184209"
"NM_022719","DGCR14 ","ENSG00000100056"
"NM_022727","TRMT2A ","ENSG00000099899"
"NM_022730","COPS7B ","ENSG00000144524"
"NM_022731","NUCKS1 ","ENSG00000069275"
"NM_022734","METTL17 ","ENSG00000165792"
"NM_022735","ACBD3 ","ENSG00000182827"
"NM_022737","LPPR2 ","ENSG00000105520"
"NM_022749","FAM160B2 ","ENSG00000158863"
"NM_022752","ZNF574 ","ENSG00000105732"
"NM_022756","MEAF6 ","ENSG00000163875"
"NM_022758","C6orf106 ","ENSG00000196821"
"NM_022761","C11orf1 ","ENSG00000137720"
"NM_022762","RMND5B ","ENSG00000145916"
"NM_022766","CERK ","ENSG00000100422"
"NM_022768","RBM15 ","ENSG00000162775"
"NM_022771","TBC1D15 ","ENSG00000121749"
"NM_022780","RMND5A ","ENSG00000153561"
"NM_022786","ARV1 ","ENSG00000173409"
"NM_022821","ELOVL1 ","ENSG00000066322"
"NM_022826","7-Mar","ENSG00000136536"
"NM_022830","TUT1 ","ENSG00000149016"
"NM_022838","ARMCX5 ","ENSG00000125962"
"NM_022839","MRPS11 ","ENSG00000181991"
"NM_022899","ACTR8 ","ENSG00000113812"
"NM_022902","SLC30A5 ","ENSG00000145740"
"NM_022903","CCDC71 ","ENSG00000177352"
"NM_022913","GPBP1 ","ENSG00000062194"
"NM_022915","MRPL44 ","ENSG00000135900"
"NM_022916","VPS33A ","ENSG00000139719"
"NM_022917","NOL6 ","ENSG00000165271"
"NM_023007","JMJD4 ","ENSG00000081692"
"NM_023010","UPF3B ","ENSG00000125351"
"NM_023012","RSRC2 ","ENSG00000111011"
"NM_023015","INTS3 ","ENSG00000262826"
"NM_023015","INTS3 ","ENSG00000143624"
"NM_023074","ZNF649 ","ENSG00000198093"
"NM_023075","MPPE1 ","ENSG00000154889"
"NM_023077","SELRC1 ","ENSG00000162377"
"NM_023079","UBE2Z ","ENSG00000159202"
"NM_023080","C8orf33 ","ENSG00000182307"
"NM_023080","C8orf33 ","ENSG00000291362"
"NM_023923","PHACTR4 ","ENSG00000204138"
"NM_023924","BRD9 ","ENSG00000028310"
"NM_023929","ZBTB10 ","ENSG00000205189"
"NM_023933","FAM173A ","ENSG00000103254"
"NM_023934","FUNDC2 ","ENSG00000165775"
"NM_023935","DDRGK1 ","ENSG00000198171"
"NM_023936","MRPS34 ","ENSG00000074071"
"NM_023947","CHID1 ","ENSG00000177830"
"NM_024026","MRP63 ","ENSG00000173141"
"NM_024031","PRR14 ","ENSG00000156858"
"NM_024033","C7orf49 ","ENSG00000122783"
"NM_024038","C19orf43 ","ENSG00000123144"
"NM_024039","MIS12 ","ENSG00000167842"
"NM_024040","CUEDC2 ","ENSG00000107874"
"NM_024041","SCNM1 ","ENSG00000163156"
"NM_024042","METRN ","ENSG00000103260"
"NM_024047","NUDT9 ","ENSG00000170502"
"NM_024050","DDA1 ","ENSG00000130311"
"NM_024054","C7orf25 ","ENSG00000136197"
"NM_024056","TMEM106C ","ENSG00000134291"
"NM_024063","SPATA5L1 ","ENSG00000171763"
"NM_024066","ERI3 ","ENSG00000117419"
"NM_024067","C7orf26 ","ENSG00000146576"
"NM_024068","NABP2 ","ENSG00000139579"
"NM_024069","KXD1 ","ENSG00000105700"
"NM_024072","DDX54 ","ENSG00000123064"
"NM_024075","TSEN34 ","ENSG00000170892"
"NM_024075","TSEN34 ","ENSG00000274078"
"NM_024075","TSEN34 ","ENSG00000278712"
"NM_024075","TSEN34 ","ENSG00000274672"
"NM_024075","TSEN34 ","ENSG00000278622"
"NM_024075","TSEN34 ","ENSG00000274129"
"NM_024075","TSEN34 ","ENSG00000275165"
"NM_024075","TSEN34 ","ENSG00000274796"
"NM_024075","TSEN34 ","ENSG00000278605"
"NM_024075","TSEN34 ","ENSG00000273896"
"NM_024077","SECISBP2 ","ENSG00000187742"
"NM_024079","ALG8 ","ENSG00000159063"
"NM_024083","ASPSCR1 ","ENSG00000169696"
"NM_024086","METTL16 ","ENSG00000127804"
"NM_024093","C2orf49 ","ENSG00000135974"
"NM_024095","ASB8 ","ENSG00000177981"
"NM_024096","DCTPP1 ","ENSG00000179958"
"NM_024097","C1orf50 ","ENSG00000164008"
"NM_024098","CCDC86 ","ENSG00000110104"
"NM_024100","WDR18 ","ENSG00000065268"
"NM_024102","WDR77 ","ENSG00000116455"
"NM_024107","TMUB2 ","ENSG00000168591"
"NM_024112","C9orf16 ","ENSG00000171159"
"NM_024116","TAF1D ","ENSG00000166012"
"NM_024117","MAPKAP1 ","ENSG00000119487"
"NM_024121","TMEM185B ","ENSG00000226479"
"NM_024292","UBL5 ","ENSG00000198258"
"NM_024293","FAM134A ","ENSG00000144567"
"NM_024295","DERL1 ","ENSG00000136986"
"NM_024297","PHF23 ","ENSG00000040633"
"NM_024300","CHCHD7 ","ENSG00000170791"
"NM_024301","FKRP ","ENSG00000181027"
"NM_024311","MFSD11 ","ENSG00000092931"
"NM_024313","NOL12 ","ENSG00000273899"
"NM_024316","LENG1 ","ENSG00000277808"
"NM_024316","LENG1 ","ENSG00000277457"
"NM_024316","LENG1 ","ENSG00000278257"
"NM_024316","LENG1 ","ENSG00000276628"
"NM_024316","LENG1 ","ENSG00000276774"
"NM_024316","LENG1 ","ENSG00000105617"
"NM_024316","LENG1 ","ENSG00000276959"
"NM_024316","LENG1 ","ENSG00000278516"
"NM_024316","LENG1 ","ENSG00000278426"
"NM_024316","LENG1 ","ENSG00000275935"
"NM_024321","RBM42 ","ENSG00000126254"
"NM_024325","ZNF343 ","ENSG00000088876"
"NM_024326","FBXL15 ","ENSG00000107872"
"NM_024327","ZNF576 ","ENSG00000124444"
"NM_024328","THTPA ","ENSG00000259431"
"NM_024345","DCAF10 ","ENSG00000122741"
"NM_024407","NDUFS7 ","ENSG00000115286"
"NM_024496","IRF2BPL ","ENSG00000119669"
"NM_024509","LRFN3 ","ENSG00000126243"
"NM_024511","HAUS3 ","ENSG00000214367"
"NM_024515","WDR25 ","ENSG00000176473"
"NM_024516","PAGR1 ","ENSG00000280789"
"NM_024520","C2orf47 ","ENSG00000162972"
"NM_024523","GCC1 ","ENSG00000179562"
"NM_024527","ABHD8 ","ENSG00000127220"
"NM_024528","NKAP ","ENSG00000101882"
"NM_024537","CARS2 ","ENSG00000134905"
"NM_024540","MRPL24 ","ENSG00000143314"
"NM_024541","C10orf76 ","ENSG00000120029"
"NM_024544","MUL1 ","ENSG00000090432"
"NM_024551","ADIPOR2 ","ENSG00000006831"
"NM_024551","ADIPOR2 ","ENSG00000285070"
"NM_024556","FAM118B ","ENSG00000197798"
"NM_024562","TANGO6 ","ENSG00000103047"
"NM_024571","SNRNP25 ","ENSG00000161981"
"NM_024578","OCEL1 ","ENSG00000099330"
"NM_024580","EFTUD1 ","ENSG00000140598"
"NM_024583","SCRN3 ","ENSG00000144306"
"NM_024585","ARMC7 ","ENSG00000125449"
"NM_024586","OSBPL9 ","ENSG00000117859"
"NM_024591","CHMP6 ","ENSG00000176108"
"NM_024592","SRD5A3 ","ENSG00000128039"
"NM_024594","PANK3 ","ENSG00000120137"
"NM_024595","AKIRIN1 ","ENSG00000174574"
"NM_024598","USB1 ","ENSG00000103005"
"NM_024602","HECTD3 ","ENSG00000126107"
"NM_024604","RPAP3 ","ENSG00000005175"
"NM_024611","NARG2 ","ENSG00000128915"
"NM_024627","C22orf29 ","ENSG00000215012"
"NM_024630","ZDHHC14 ","ENSG00000175048"
"NM_024632","SAP30L ","ENSG00000164576"
"NM_024639","ZNF322 ","ENSG00000181315"
"NM_024640","YRDC ","ENSG00000196449"
"NM_024648","OGFOD3 ","ENSG00000181396"
"NM_024653","PRKRIP1 ","ENSG00000128563"
"NM_024661","CCDC51 ","ENSG00000164051"
"NM_024662","NAT10 ","ENSG00000135372"
"NM_024664","PPCS ","ENSG00000127125"
"NM_024666","AAGAB ","ENSG00000103591"
"NM_024678","NARS2 ","ENSG00000137513"
"NM_024683","TEFM ","ENSG00000172171"
"NM_024691","ZNF419 ","ENSG00000105136"
"NM_024699","ZFAND1 ","ENSG00000104231"
"NM_024705","DHRS12 ","ENSG00000102796"
"NM_024706","ZNF668 ","ENSG00000167394"
"NM_024707","GEMIN7 ","ENSG00000142252"
"NM_024710","ISOC2 ","ENSG00000063241"
"NM_024715","TXNDC15 ","ENSG00000113621"
"NM_024731","KLHL36 ","ENSG00000135686"
"NM_024740","ALG9 ","ENSG00000086848"
"NM_024741","ZNF408 ","ENSG00000175213"
"NM_024742","ARMC5 ","ENSG00000140691"
"NM_024747","HPS6 ","ENSG00000166189"
"NM_024755","SLTM ","ENSG00000137776"
"NM_024757","EHMT1 ","ENSG00000181090"
"NM_024805","RBFA ","ENSG00000101546"
"NM_024811","CPSF7 ","ENSG00000149532"
"NM_024818","UBA5 ","ENSG00000081307"
"NM_024819","DCAKD ","ENSG00000172992"
"NM_024834","MCMBP ","ENSG00000197771"
"NM_024835","GGNBP2 ","ENSG00000278311"
"NM_024835","GGNBP2 ","ENSG00000275099"
"NM_024836","ZNF672 ","ENSG00000171161"
"NM_024844","NUP85 ","ENSG00000125450"
"NM_024845","NAA60 ","ENSG00000122390"
"NM_024855","ACTR5 ","ENSG00000101442"
"NM_024864","MRM1 ","ENSG00000278619"
"NM_024864","MRM1 ","ENSG00000274853"
"NM_024874","KIAA0319L ","ENSG00000142687"
"NM_024876","ADCK4 ","ENSG00000123815"
"NM_024881","SLC35E1 ","ENSG00000127526"
"NM_024894","NOL10 ","ENSG00000115761"
"NM_024928","OBFC1 ","ENSG00000107960"
"NM_024941","TRAPPC13 ","ENSG00000113597"
"NM_024942","C10orf88 ","ENSG00000119965"
"NM_024945","RMI1 ","ENSG00000178966"
"NM_024946","FAM192A ","ENSG00000172775"
"NM_024954","UBTD1 ","ENSG00000165886"
"NM_024956","TMEM62 ","ENSG00000137842"
"NM_024960","PANK2 ","ENSG00000125779"
"NM_024996","GFM1 ","ENSG00000168827"
"NM_025029","MZT2B ","ENSG00000292119"
"NM_025029","MZT2B ","ENSG00000152082"
"NM_025065","RPF1 ","ENSG00000117133"
"NM_025072","PTGES2 ","ENSG00000148334"
"NM_025073","SIKE1 ","ENSG00000052723"
"NM_025075","THOC7 ","ENSG00000163634"
"NM_025076","UXS1 ","ENSG00000115652"
"NM_025078","PQLC1 ","ENSG00000122490"
"NM_025082","CENPT ","ENSG00000102901"
"NM_025083","EDC3 ","ENSG00000179151"
"NM_025115","TTI2 ","ENSG00000129696"
"NM_025124","TMEM134 ","ENSG00000172663"
"NM_025126","RNF34 ","ENSG00000170633"
"NM_025128","MUS81 ","ENSG00000172732"
"NM_025133","FBXO11 ","ENSG00000138081"
"NM_025136","OPA3 ","ENSG00000125741"
"NM_025137","SPG11 ","ENSG00000104133"
"NM_025140","CCDC92 ","ENSG00000275035"
"NM_025140","CCDC92 ","ENSG00000119242"
"NM_025141","TM2D3 ","ENSG00000184277"
"NM_025146","NAA50 ","ENSG00000121579"
"NM_025147","COQ10B ","ENSG00000115520"
"NM_025158","RUFY1 ","ENSG00000176783"
"NM_025158","RUFY1 ","ENSG00000284260"
"NM_025160","WDR26 ","ENSG00000162923"
"NM_025161","C17orf70 ","ENSG00000185504"
"NM_025180","CEP63 ","ENSG00000182923"
"NM_025181","SLC35F5 ","ENSG00000115084"
"NM_025191","EDEM3 ","ENSG00000116406"
"NM_025194","ITPKC ","ENSG00000086544"
"NM_025196","GRPEL1 ","ENSG00000109519"
"NM_025198","MTERFD3 ","ENSG00000120832"
"NM_025207","FLAD1 ","ENSG00000160688"
"NM_025209","EPC1 ","ENSG00000120616"
"NM_025219","DNAJC5 ","ENSG00000101152"
"NM_025230","DCAF11 ","ENSG00000284796"
"NM_025230","DCAF11 ","ENSG00000100897"
"NM_025233","COASY ","ENSG00000068120"
"NM_025234","WDR61 ","ENSG00000140395"
"NM_025235","TNKS2 ","ENSG00000107854"
"NM_025241","UBXN6 ","ENSG00000167671"
"NM_030571","NDFIP1 ","ENSG00000131507"
"NM_030573","THAP7 ","ENSG00000184436"
"NM_030577","TMEM177 ","ENSG00000144120"
"NM_030579","CYB5B ","ENSG00000103018"
"NM_030581","WDR59 ","ENSG00000103091"
"NM_030640","DUSP16 ","ENSG00000111266"
"NM_030640","DUSP16 ","ENSG00000280962"
"NM_030645","SH3BP5L ","ENSG00000175137"
"NM_030648","SETD7 ","ENSG00000145391"
"NM_030649","ACAP3 ","ENSG00000131584"
"NM_030650","KIAA1715 ","ENSG00000144320"
"NM_030662","MAP2K2 ","ENSG00000126934"
"NM_030752","TCP1 ","ENSG00000120438"
"NM_030755","TMX1 ","ENSG00000139921"
"NM_030768","ILKAP ","ENSG00000132323"
"NM_030780","SLC25A32 ","ENSG00000164933"
"NM_030782","CLPTM1L ","ENSG00000274811"
"NM_030782","CLPTM1L ","ENSG00000049656"
"NM_030790","ITFG1 ","ENSG00000129636"
"NM_030793","FBXO38 ","ENSG00000145868"
"NM_030794","TDRD3 ","ENSG00000083544"
"NM_030799","YIPF5 ","ENSG00000145817"
"NM_030808","NDEL1 ","ENSG00000166579"
"NM_030811","MRPS26 ","ENSG00000125901"
"NM_030818","CCDC130 ","ENSG00000104957"
"NM_030821","PLA2G12A ","ENSG00000123739"
"NM_030877","CTNNBL1 ","ENSG00000132792"
"NM_030882","APOL2 ","ENSG00000128335"
"NM_030912","TRIM8 ","ENSG00000171206"
"NM_030914","URM1 ","ENSG00000167118"
"NM_030917","FIP1L1 ","ENSG00000145216"
"NM_030920","ANP32E ","ENSG00000143401"
"NM_030922","NIPA2 ","ENSG00000140157"
"NM_030934","TRMT1L ","ENSG00000121486"
"NM_030937","CCNL2 ","ENSG00000221978"
"NM_030939","C6orf62 ","ENSG00000112308"
"NM_030953","TIGD6 ","ENSG00000164296"
"NM_030961","TRIM56 ","ENSG00000169871"
"NM_030963","RNF146 ","ENSG00000118518"
"NM_030969","TMEM14B ","ENSG00000137210"
"NM_030974","SHARPIN ","ENSG00000179526"
"NM_030978","ARPC5L ","ENSG00000136950"
"NM_030981","RAB1B ","ENSG00000174903"
"NM_031208","FAHD1 ","ENSG00000180185"
"NM_031209","QTRT1 ","ENSG00000213339"
"NM_031210","SLIRP ","ENSG00000119705"
"NM_031212","SLC25A28 ","ENSG00000155287"
"NM_031213","FAM108A1 ","ENSG00000129968"
"NM_031216","SEH1L ","ENSG00000085415"
"NM_031219","HDHD3 ","ENSG00000119431"
"NM_031280","MRPS15 ","ENSG00000116898"
"NM_031287","SF3B5 ","ENSG00000169976"
"NM_031288","INO80B ","ENSG00000115274"
"NM_031298","EMC6 ","ENSG00000127774"
"NM_031304","DOHH ","ENSG00000129932"
"NM_031307","PUS3 ","ENSG00000110060"
"NM_031372","HNRPDL ","ENSG00000152795"
"NM_031407","HUWE1 ","ENSG00000086758"
"NM_031417","MARK4 ","ENSG00000007047"
"NM_031420","MRPL9 ","ENSG00000143436"
"NM_031431","COG3 ","ENSG00000136152"
"NM_031432","UCK1 ","ENSG00000130717"
"NM_031434","TMUB1 ","ENSG00000164897"
"NM_031443","CCM2 ","ENSG00000136280"
"NM_031446","C18orf21 ","ENSG00000141428"
"NM_031454","SELO ","ENSG00000073169"
"NM_031462","CD99L2 ","ENSG00000102181"
"NM_031466","TRAPPC9 ","ENSG00000167632"
"NM_031472","TRPT1 ","ENSG00000149743"
"NM_031480","RIOK1 ","ENSG00000124784"
"NM_031483","ITCH ","ENSG00000078747"
"NM_031485","GRWD1 ","ENSG00000105447"
"NM_031488","L3MBTL2 ","ENSG00000100395"
"NM_031490","LONP2 ","ENSG00000102910"
"NM_031899","GORASP1 ","ENSG00000114745"
"NM_031902","MRPS5 ","ENSG00000144029"
"NM_031903","MRPL32 ","ENSG00000106591"
"NM_031905","ARMC10 ","ENSG00000170632"
"NM_031905","ARMC10 ","ENSG00000282813"
"NM_031922","REPS1 ","ENSG00000135597"
"NM_031925","TMEM120A ","ENSG00000189077"
"NM_031940","TM2D2 ","ENSG00000169490"
"NM_031953","SNX25 ",NA
"NM_032014","MRPS24 ","ENSG00000062582"
"NM_032015","RNF26 ","ENSG00000173456"
"NM_032025","EIF2A ","ENSG00000144895"
"NM_032027","TM2D1 ","ENSG00000162604"
"NM_032038","SPNS1 ","ENSG00000169682"
"NM_032039","ITFG3 ","ENSG00000167930"
"NM_032099","PCDHGB5 ","ENSG00000276547"
"NM_032102","SRSF8 ","ENSG00000263465"
"NM_032111","MRPL14 ","ENSG00000180992"
"NM_032112","MRPL43 ","ENSG00000055950"
"NM_032121","MAGT1 ","ENSG00000102158"
"NM_032125","TMEM222 ","ENSG00000186501"
"NM_032127","FAM160A2 ","ENSG00000051009"
"NM_032138","KBTBD7 ","ENSG00000120696"
"NM_032141","NSRP1 ","ENSG00000126653"
"NM_032164","ZNF394 ","ENSG00000160908"
"NM_032168","WDR75 ","ENSG00000115368"
"NM_032175","UTP15 ","ENSG00000164338"
"NM_032177","PHAX ","ENSG00000164902"
"NM_032182","FAM175B ","ENSG00000165660"
"NM_032188","KAT8 ","ENSG00000103510"
"NM_032193","RNASEH2C ","ENSG00000172922"
"NM_032194","RPF2 ","ENSG00000197498"
"NM_032195","SON ","ENSG00000159140"
"NM_032213","ELMOD3 ","ENSG00000115459"
"NM_032217","ANKRD17 ","ENSG00000132466"
"NM_032226","ZCCHC7 ","ENSG00000147905"
"NM_032231","FAM96A ","ENSG00000166797"
"NM_032233","SETD3 ","ENSG00000183576"
"NM_032237","SGK196 ","ENSG00000185900"
"NM_032259","WDR24 ","ENSG00000127580"
"NM_032271","TRAF7 ","ENSG00000131653"
"NM_032273","TMEM126A ","ENSG00000171202"
"NM_032276","RHBDD1 ","ENSG00000144468"
"NM_032280","ZCCHC9 ","ENSG00000131732"
"NM_032285","MRI1 ","ENSG00000037757"
"NM_032286","MED10 ","ENSG00000133398"
"NM_032286","MED10 ","ENSG00000291745"
"NM_032288","FYTTD1 ","ENSG00000122068"
"NM_032299","DCUN1D5 ","ENSG00000137692"
"NM_032302","PSMG3 ","ENSG00000157778"
"NM_032305","POLR3GL ","ENSG00000121851"
"NM_032307","C9orf64 ","ENSG00000165118"
"NM_032309","CHCHD5 ","ENSG00000125611"
"NM_032310","C9orf89 ","ENSG00000165233"
"NM_032311","POLDIP3 ","ENSG00000100227"
"NM_032312","YIPF4 ","ENSG00000119820"
"NM_032313","NOA1 ","ENSG00000084092"
"NM_032314","COQ5 ","ENSG00000110871"
"NM_032319","PRADC1 ","ENSG00000135617"
"NM_032324","NTPCR ","ENSG00000135778"
"NM_032325","EIF1AD ","ENSG00000175376"
"NM_032334","UTP23 ","ENSG00000147679"
"NM_032339","MIEN1 ","ENSG00000141741"
"NM_032340","MNF1 ","ENSG00000137288"
"NM_032344","NUDT22 ","ENSG00000149761"
"NM_032345","WIBG ","ENSG00000170473"
"NM_032350","C7orf50 ","ENSG00000146540"
"NM_032351","MRPL45 ","ENSG00000278845"
"NM_032351","MRPL45 ","ENSG00000277936"
"NM_032353","VPS25 ","ENSG00000131475"
"NM_032355","MON1A ","ENSG00000164077"
"NM_032356","LSMD1 ","ENSG00000183011"
"NM_032360","ACBD6 ","ENSG00000230124"
"NM_032364","DNAJC14 ","ENSG00000135392"
"NM_032366","C16orf13 ","ENSG00000130731"
"NM_032370","ZNF414 ","ENSG00000133250"
"NM_032373","PCGF5 ","ENSG00000180628"
"NM_032374","APOPT1 ",NA
"NM_032375","AKT1S1 ","ENSG00000204673"
"NM_032376","TMEM101 ","ENSG00000091947"
"NM_032382","COG8 ","ENSG00000213380"
"NM_032389","ARFGAP2 ","ENSG00000149182"
"NM_032390","MKI67IP ","ENSG00000155438"
"NM_032408","BAZ1B ","ENSG00000009954"
"NM_032409","PINK1 ","ENSG00000158828"
"NM_032431","SYVN1 ","ENSG00000162298"
"NM_032436","CHAMP1 ","ENSG00000198824"
"NM_032440","LCOR ","ENSG00000196233"
"NM_032448","FAM120B ","ENSG00000112584"
"NM_032448","FAM120B ","ENSG00000275333"
"NM_032449","CC2D1B ","ENSG00000154222"
"NM_032476","MRPS6 ","ENSG00000243927"
"NM_032477","MRPL41 ","ENSG00000182154"
"NM_032478","MRPL38 ","ENSG00000204316"
"NM_032479","MRPL36 ","ENSG00000171421"
"NM_032486","DCTN5 ","ENSG00000166847"
"NM_032490","C14orf142 ","ENSG00000170270"
"NM_032490","C14orf142 ","ENSG00000275619"
"NM_032492","JAGN1 ","ENSG00000171135"
"NM_032493","AP1M1 ","ENSG00000072958"
"NM_032509","MAK16 ","ENSG00000198042"
"NM_032520","GNPTG ","ENSG00000090581"
"NM_032527","ZGPAT ","ENSG00000197114"
"NM_032547","SCOC ","ENSG00000153130"
"NM_032557","USP38 ","ENSG00000170185"
"NM_032558","HIATL1 ","ENSG00000148110"
"NM_032560","SMEK1 ",NA
"NM_032569","GLYR1 ","ENSG00000140632"
"NM_032574","DPY30 ","ENSG00000162961"
"NM_032584","ZNF347 ","ENSG00000197937"
"NM_032593","HINT2 ","ENSG00000137133"
"NM_032601","MCEE ","ENSG00000124370"
"NM_032630","CINP ","ENSG00000100865"
"NM_032632","PAPOLA ","ENSG00000090060"
"NM_032635","TMEM147 ","ENSG00000105677"
"NM_032673","PCGF1 ","ENSG00000115289"
"NM_032683","MPV17L2 ","ENSG00000254858"
"NM_032704","TUBA1C ","ENSG00000167553"
"NM_032731","TXNDC17 ","ENSG00000129235"
"NM_032758","PHF5A ","ENSG00000100410"
"NM_032783","CBR4 ","ENSG00000145439"
"NM_032786","ZC3H10 ","ENSG00000135482"
"NM_032792","ZBTB45 ","ENSG00000119574"
"NM_032796","SYAP1 ","ENSG00000169895"
"NM_032804","ADO ","ENSG00000181915"
"NM_032806","GTDC2 ","ENSG00000144647"
"NM_032807","FBXO18 ","ENSG00000134452"
"NM_032809","FAM73B ","ENSG00000148343"
"NM_032810","ATAD1 ","ENSG00000138138"
"NM_032811","TBRG1 ","ENSG00000154144"
"NM_032815","NFATC2IP ","ENSG00000176953"
"NM_032822","FAM136A ","ENSG00000035141"
"NM_032830","CIRH1A ","ENSG00000262788"
"NM_032830","CIRH1A ","ENSG00000141076"
"NM_032833","PPP1R15B ","ENSG00000158615"
"NM_032836","FIZ1 ","ENSG00000179943"
"NM_032839","DIRC2 ","ENSG00000138463"
"NM_032840","SPRYD3 ","ENSG00000167778"
"NM_032847","C8orf76 ","ENSG00000189376"
"NM_032848","C12orf52 ","ENSG00000139405"
"NM_032850","ZFYVE19 ","ENSG00000166140"
"NM_032856","WDR73 ","ENSG00000291629"
"NM_032856","WDR73 ","ENSG00000177082"
"NM_032857","LACTB ","ENSG00000103642"
"NM_032859","ABHD13 ","ENSG00000139826"
"NM_032860","LTV1 ","ENSG00000135521"
"NM_032862","TIGD5 ","ENSG00000179886"
"NM_032862","TIGD5 ","ENSG00000278016"
"NM_032868","MPND ","ENSG00000008382"
"NM_032869","NUDCD1 ","ENSG00000120526"
"NM_032881","LSM10 ","ENSG00000181817"
"NM_032885","ATG4D ","ENSG00000130734"
"NM_032889","MFSD5 ","ENSG00000182544"
"NM_032901","COX14 ","ENSG00000178449"
"NM_032905","RBM17 ","ENSG00000134453"
"NM_032906","PYURF ","ENSG00000145337"
"NM_032907","UBL7 ","ENSG00000138629"
"NM_032907","UBL7 ","ENSG00000288408"
"NM_032927","TMEM128 ","ENSG00000132406"
"NM_032928","TMEM141 ","ENSG00000244187"
"NM_032936","TMEM60 ","ENSG00000135211"
"NM_032937","C9orf37 ",NA
"NM_032940","POLR2C ","ENSG00000102978"
"NM_032998","DEDD ","ENSG00000158796"
"NM_033055","HIAT1 ","ENSG00000156875"
"NM_033082","SARNP ","ENSG00000205323"
"NM_033083","EAF1 ","ENSG00000144597"
"NM_033089","ZCCHC3 ","ENSG00000247315"
"NM_033107","GTPBP10 ","ENSG00000105793"
"NM_033109","PNPT1 ","ENSG00000138035"
"NM_033112","RRP36 ","ENSG00000124541"
"NM_033114","ZCRB1 ","ENSG00000139168"
"NM_033116","NEK9 ","ENSG00000119638"
"NM_033117","RBM18 ","ENSG00000119446"
"NM_033161","SURF4 ","ENSG00000280951"
"NM_033161","SURF4 ","ENSG00000148248"
"NM_033177","GPANK1 ","ENSG00000223932"
"NM_033177","GPANK1 ","ENSG00000228605"
"NM_033177","GPANK1 ","ENSG00000232312"
"NM_033177","GPANK1 ","ENSG00000236011"
"NM_033177","GPANK1 ","ENSG00000206408"
"NM_033177","GPANK1 ","ENSG00000204438"
"NM_033177","GPANK1 ","ENSG00000233210"
"NM_033198","PIGS ","ENSG00000087111"
"NM_033200","LMF2 ","ENSG00000100258"
"NM_033224","PURB ","ENSG00000146676"
"NM_033257","DGCR6L ","ENSG00000128185"
"NM_033296","MRFAP1 ","ENSG00000179010"
"NM_033318","C22orf32 ","ENSG00000272901"
"NM_033318","C22orf32 ","ENSG00000183172"
"NM_033318","C22orf32 ","ENSG00000272835"
"NM_033318","C22orf32 ","ENSG00000274112"
"NM_033386","MICALL1 ","ENSG00000100139"
"NM_033408","TMEM205 ","ENSG00000105518"
"NM_033410","ZNF764 ","ENSG00000169951"
"NM_033414","ZNF622 ","ENSG00000173545"
"NM_033415","ARMC6 ","ENSG00000105676"
"NM_033416","IMP4 ","ENSG00000136718"
"NM_033418","METTL18 ","ENSG00000171806"
"NM_033420","TMEM259 ","ENSG00000182087"
"NM_033428","C9orf123 ","ENSG00000137038"
"NM_033453","ITPA ","ENSG00000125877"
"NM_033513","TPGS1 ","ENSG00000141933"
"NM_033540","MFN1 ","ENSG00000171109"
"NM_033542","SYS1 ","ENSG00000204070"
"NM_033546","MYL12B ","ENSG00000118680"
"NM_033547","INTS4 ","ENSG00000149262"
"NM_033549","TRIM41 ","ENSG00000146063"
"NM_033550","TP53RK ","ENSG00000172315"
"NM_033557","YIF1B ",NA
"NM_052849","C15orf57 ","ENSG00000128891"
"NM_052850","GADD45GIP1 ","ENSG00000179271"
"NM_052853","ADCK2 ","ENSG00000133597"
"NM_052857","ZNF830 ","ENSG00000198783"
"NM_052859","RFT1 ","ENSG00000163933"
"NM_052865","MGME1 ","ENSG00000125871"
"NM_052870","SNX18 ","ENSG00000178996"
"NM_052875","VPS26B ","ENSG00000151502"
"NM_052876","NACC1 ","ENSG00000160877"
"NM_052877","MED8 ","ENSG00000159479"
"NM_052879","LARP4 ","ENSG00000161813"
"NM_052927","PWWP2A ","ENSG00000170234"
"NM_052940","LRRC42 ","ENSG00000116212"
"NM_052951","DNTTIP1 ","ENSG00000101457"
"NM_052965","TSEN15 ","ENSG00000198860"
"NM_053023","ZFP91 ","ENSG00000186660"
"NM_053041","COMMD7 ","ENSG00000149600"
"NM_053043","RBM33 ","ENSG00000184863"
"NM_053045","TMEM203 ","ENSG00000187713"
"NM_053046","EGLN2 ","ENSG00000269858"
"NM_053050","MRPL53 ","ENSG00000204822"
"NM_053052","SNAP47 ","ENSG00000143740"
"NM_053053","TADA1 ","ENSG00000152382"
"NM_054027","ANKH ","ENSG00000154122"
"NM_057161","KLHDC3 ","ENSG00000124702"
"NM_057175","NAA15 ","ENSG00000164134"
"NM_058163","TSR2 ","ENSG00000158526"
"NM_058167","UBE2J2 ","ENSG00000160087"
"NM_058182","SMIM11 ","ENSG00000205670"
"NM_080391","PTP4A2 ","ENSG00000184007"
"NM_080476","PIGU ","ENSG00000101464"
"NM_080603","ZSWIM1 ","ENSG00000168612"
"NM_080604","TJAP1 ","ENSG00000137221"
"NM_080605","B3GALT6 ","ENSG00000176022"
"NM_080652","TMEM41A ","ENSG00000163900"
"NM_080655","MSANTD3 ","ENSG00000066697"
"NM_080666","WDR89 ","ENSG00000140006"
"NM_080670","SLC35A4 ","ENSG00000176087"
"NM_080677","DYNLL2 ","ENSG00000264364"
"NM_080678","UBE2F ","ENSG00000184182"
"NM_080748","ROMO1 ","ENSG00000125995"
"NM_080821","FAM210B ","ENSG00000124098"
"NM_080822","OVCA2 ","ENSG00000262664"
"NM_080861","SPSB3 ","ENSG00000162032"
"NM_080867","SOCS4 ","ENSG00000180008"
"NM_130466","UBE3B ","ENSG00000151148"
"NM_130809","PRRC1 ","ENSG00000164244"
"NM_133259","LRPPRC ","ENSG00000138095"
"NM_133368","RSPRY1 ","ENSG00000159579"
"NM_133370","YTHDC1 ","ENSG00000083896"
"NM_133370","YTHDC1 ","ENSG00000275272"
"NM_133444","ZNF526 ","ENSG00000167625"
"NM_133474","ZNF721 ","ENSG00000182903"
"NM_133476","ZNF384 ","ENSG00000126746"
"NM_133491","SAT2 ","ENSG00000141504"
"NM_138288","SPTSSA ","ENSG00000165389"
"NM_138300","PYGO2 ","ENSG00000163348"
"NM_138333","FAM122A ","ENSG00000187866"
"NM_138334","JOSD2 ","ENSG00000161677"
"NM_138343","KLC4 ","ENSG00000137171"
"NM_138346","KIAA2013 ","ENSG00000116685"
"NM_138352","SAMD1 ","ENSG00000141858"
"NM_138352","SAMD1 ","ENSG00000288488"
"NM_138361","LRSAM1 ","ENSG00000148356"
"NM_138362","FAM104B ","ENSG00000182518"
"NM_138369","BOD1 ","ENSG00000145919"
"NM_138381","OXNAD1 ","ENSG00000154814"
"NM_138385","TMEM129 ","ENSG00000168936"
"NM_138394","HNRPLL ","ENSG00000143889"
"NM_138395","MARS2 ","ENSG00000247626"
"NM_138400","NOM1 ","ENSG00000146909"
"NM_138408","GTF3C6 ","ENSG00000155115"
"NM_138417","KTI12 ","ENSG00000198841"
"NM_138423","CASC4 ","ENSG00000166734"
"NM_138425","C12orf57 ","ENSG00000111678"
"NM_138428","SMIM12 ","ENSG00000163866"
"NM_138431","MFSD3 ","ENSG00000167700"
"NM_138436","C8orf40 ","ENSG00000176209"
"NM_138442","CCDC124 ","ENSG00000007080"
"NM_138446","MALSU1 ","ENSG00000156928"
"NM_138457","FOXP4 ","ENSG00000137166"
"NM_138465","GLI4 ","ENSG00000250571"
"NM_138476","MDP1 ","ENSG00000285200"
"NM_138476","MDP1 ","ENSG00000213920"
"NM_138494","ZNF655 ","ENSG00000197343"
"NM_138496","CYHR1 ","ENSG00000291316"
"NM_138501","TECR ","ENSG00000099797"
"NM_138572","TAF8 ","ENSG00000137413"
"NM_138575","PGAM5 ","ENSG00000247077"
"NM_138701","MPLKIP ","ENSG00000168303"
"NM_138704","NDNL2 ","ENSG00000282130"
"NM_138704","NDNL2 ","ENSG00000185115"
"NM_138769","RHOT2 ","ENSG00000140983"
"NM_138773","SLC25A46 ","ENSG00000164209"
"NM_138777","MRRF ","ENSG00000148187"
"NM_138778","WDR85 ","ENSG00000148399"
"NM_138785","GINM1 ","ENSG00000055211"
"NM_138793","CANT1 ","ENSG00000171302"
"NM_138795","ARL8A ","ENSG00000143862"
"NM_138798","MITD1 ","ENSG00000158411"
"NM_138802","ZFAND2B ","ENSG00000158552"
"NM_138807","TAMM41 ","ENSG00000144559"
"NM_138807","TAMM41 ","ENSG00000279643"
"NM_138820","HIGD2A ","ENSG00000146066"
"NM_139015","SPPL3 ","ENSG00000157837"
"NM_139126","PPIL4 ","ENSG00000131013"
"NM_139178","ALKBH3 ","ENSG00000166199"
"NM_139179","DAGLB ","ENSG00000164535"
"NM_139242","MTFMT ","ENSG00000103707"
"NM_139246","TSTD2 ","ENSG00000136925"
"NM_139279","MCFD2 ","ENSG00000180398"
"NM_139280","ORMDL3 ","ENSG00000172057"
"NM_139281","WDR36 ","ENSG00000134987"
"NM_139321","ATRN ","ENSG00000088812"
"NM_144564","SLC39A3 ","ENSG00000141873"
"NM_144568","TMEM55B ","ENSG00000291802"
"NM_144568","TMEM55B ","ENSG00000165782"
"NM_144570","HN1L ","ENSG00000206053"
"NM_144574","WDR20 ","ENSG00000140153"
"NM_144578","MAPK1IP1L ","ENSG00000168175"
"NM_144582","TEX261 ","ENSG00000144043"
"NM_144588","ZFYVE27 ","ENSG00000155256"
"NM_144598","LRRC28 ","ENSG00000168904"
"NM_144600","FOPNL ","ENSG00000276914"
"NM_144600","FOPNL ","ENSG00000133393"
"NM_144604","ZC3H18 ","ENSG00000158545"
"NM_144606","FLCN ","ENSG00000154803"
"NM_144628","TBC1D20 ","ENSG00000125875"
"NM_144636","CHCHD4 ","ENSG00000163528"
"NM_144638","TMEM42 ","ENSG00000169964"
"NM_144638","TMEM42 ","ENSG00000280516"
"NM_144653","NACC2 ","ENSG00000148411"
"NM_144660","SAMD8 ","ENSG00000156671"
"NM_144684","ZNF480 ","ENSG00000198464"
"NM_144703","LSM14B ","ENSG00000149657"
"NM_144716","CCDC12 ","ENSG00000160799"
"NM_144723","ZMAT2 ","ENSG00000146007"
"NM_144772","APOA1BP ","ENSG00000163382"
"NM_144778","MBNL2 ","ENSG00000139793"
"NM_144987","U2AF1L4 ","ENSG00000161265"
"NM_145012","CCNY ","ENSG00000108100"
"NM_145029","C6orf136 ","ENSG00000233641"
"NM_145029","C6orf136 ","ENSG00000204564"
"NM_145029","C6orf136 ","ENSG00000237100"
"NM_145029","C6orf136 ","ENSG00000237012"
"NM_145029","C6orf136 ","ENSG00000233164"
"NM_145029","C6orf136 ","ENSG00000224120"
"NM_145029","C6orf136 ","ENSG00000206487"
"NM_145043","NEIL2 ","ENSG00000154328"
"NM_145043","NEIL2 ","ENSG00000292286"
"NM_145052","UPRT ","ENSG00000094841"
"NM_145055","C18orf25 ","ENSG00000152242"
"NM_145059","FUK ","ENSG00000157353"
"NM_145080","NSMCE1 ","ENSG00000169189"
"NM_145111","FAM200A ","ENSG00000221909"
"NM_145165","CHURC1 ","ENSG00000258289"
"NM_145203","CSNK1A1L ","ENSG00000180138"
"NM_145206","VTI1A ","ENSG00000151532"
"NM_145212","MRPL30 ","ENSG00000185414"
"NM_145246","FRA10AC1 ","ENSG00000148690"
"NM_145253","UBALD1 ","ENSG00000153443"
"NM_145255","MRPL10 ","ENSG00000159111"
"NM_145261","DNAJC19 ","ENSG00000205981"
"NM_145265","CCDC127 ","ENSG00000164366"
"NM_145266","NUDCD2 ","ENSG00000170584"
"NM_145267","C6orf57 ","ENSG00000154079"
"NM_145271","ZNF688 ","ENSG00000229809"
"NM_145280","METTL21A ","ENSG00000144401"
"NM_145648","SLC15A4 ","ENSG00000139370"
"NM_145691","ATPAF2 ","ENSG00000171953"
"NM_145693","LPIN1 ","ENSG00000134324"
"NM_145698","ACBD5 ","ENSG00000107897"
"NM_145914","ZSCAN21 ","ENSG00000166529"
"NM_147156","SGMS1 ","ENSG00000198964"
"NM_148178","RPP25L ","ENSG00000164967"
"NM_152261","C12orf23 ","ENSG00000151135"
"NM_152267","RNF185 ","ENSG00000138942"
"NM_152269","C12orf65 ","ENSG00000130921"
"NM_152274","FAM58A ","ENSG00000262919"
"NM_152289","ZNF561 ","ENSG00000171469"
"NM_152295","TARS ","ENSG00000113407"
"NM_152316","ARL14EP ","ENSG00000152219"
"NM_152318","C12orf45 ","ENSG00000151131"
"NM_152320","ZNF641 ","ENSG00000167528"
"NM_152348","WDR81 ","ENSG00000276021"
"NM_152348","WDR81 ","ENSG00000167716"
"NM_152356","ZNF491 ","ENSG00000177599"
"NM_152383","DIS3L2 ","ENSG00000144535"
"NM_152409","C5orf24 ","ENSG00000181904"
"NM_152415","VPS37A ","ENSG00000155975"
"NM_152437","ZNF664 ","ENSG00000179195"
"NM_152440","C12orf66 ","ENSG00000174206"
"NM_152449","LYSMD4 ","ENSG00000183060"
"NM_152455","ZSCAN29 ","ENSG00000140265"
"NM_152464","TMEM199 ","ENSG00000244045"
"NM_152516","COMMD1 ","ENSG00000173163"
"NM_152540","SCFD2 ","ENSG00000184178"
"NM_152551","SNRNP48 ","ENSG00000168566"
"NM_152600","ZNF579 ","ENSG00000218891"
"NM_152608","SDE2 ","ENSG00000143751"
"NM_152609","CNST ","ENSG00000162852"
"NM_152652","ZNF48 ","ENSG00000180035"
"NM_152653","UBE2E2 ","ENSG00000182247"
"NM_152699","SENP5 ","ENSG00000119231"
"NM_152713","STT3A ","ENSG00000134910"
"NM_152716","PATL1 ","ENSG00000166889"
"NM_152726","EFHA1 ","ENSG00000165487"
"NM_152727","CPNE2 ","ENSG00000140848"
"NM_152729","NT5DC1 ","ENSG00000178425"
"NM_152734","C6orf89 ","ENSG00000198663"
"NM_152740","HIBADH ","ENSG00000106049"
"NM_152743","BRAT1 ","ENSG00000106009"
"NM_152758","YTHDF3 ","ENSG00000185728"
"NM_152766","TMEM256 ","ENSG00000205544"
"NM_152766","TMEM256 ","ENSG00000283771"
"NM_152783","D2HGDH ","ENSG00000180902"
"NM_152833","C9orf69 ","ENSG00000238227"
"NM_152834","TMEM18 ","ENSG00000151353"
"NM_152902","TIPRL ","ENSG00000143155"
"NM_152906","TANGO2 ","ENSG00000183597"
"NM_152912","MTIF3 ","ENSG00000122033"
"NM_152988","SPPL2B ","ENSG00000005206"
"NM_153029","N4BP1 ","ENSG00000102921"
"NM_153035","TCEANC2 ","ENSG00000116205"
"NM_153232","EID2 ","ENSG00000176396"
"NM_153260","LRRC57 ","ENSG00000180979"
"NM_153273","IP6K1 ","ENSG00000176095"
"NM_153331","KCTD6 ","ENSG00000168301"
"NM_153339","PUSL1 ","ENSG00000169972"
"NM_153365","TAPT1 ","ENSG00000169762"
"NM_153369","KIAA1919 ","ENSG00000173214"
"NM_153371","LNX2 ","ENSG00000139517"
"NM_153450","MED19 ","ENSG00000156603"
"NM_153603","COG7 ","ENSG00000168434"
"NM_153681","PIGP ","ENSG00000185808"
"NM_153689","C2orf69 ","ENSG00000178074"
"NM_170607","MLX ","ENSG00000108788"
"NM_170746","C11orf31 ","ENSG00000211450"
"NM_170753","PGBD3 ",NA
"NM_172002","HSCB ","ENSG00000100209"
"NM_172020","POM121 ","ENSG00000196313"
"NM_172231","SUGP1 ","ENSG00000105705"
"NM_172250","MMAA ","ENSG00000151611"
"NM_172251","MRPL54 ","ENSG00000183617"
"NM_172341","PSENEN ","ENSG00000205155"
"NM_172350","CD46 ","ENSG00000117335"
"NM_173156","SMG7 ","ENSG00000116698"
"NM_173348","FAM149B1 ","ENSG00000138286"
"NM_173463","CCDC149 ","ENSG00000181982"
"NM_173471","SLC25A26 ","ENSG00000282739"
"NM_173471","SLC25A26 ","ENSG00000144741"
"NM_173473","ANAPC16 ","ENSG00000166295"
"NM_173474","NTAN1 ","ENSG00000275779"
"NM_173474","NTAN1 ","ENSG00000157045"
"NM_173475","DCUN1D3 ","ENSG00000188215"
"NM_173542","PLBD2 ","ENSG00000151176"
"NM_173547","TRIM65 ","ENSG00000141569"
"NM_173552","C3orf58 ","ENSG00000181744"
"NM_173562","KCTD20 ","ENSG00000112078"
"NM_173607","FAM177A1 ","ENSG00000151327"
"NM_173618","INO80E ","ENSG00000169592"
"NM_173620","HEXDC ","ENSG00000169660"
"NM_173659","RPUSD3 ","ENSG00000156990"
"NM_173685","NSMCE2 ","ENSG00000156831"
"NM_173791","PDZD8 ","ENSG00000165650"
"NM_173797","PAPD4 ","ENSG00000164329"
"NM_173802","METTL20 ","ENSG00000139160"
"NM_173809","BLOC1S2 ","ENSG00000196072"
"NM_173810","TTC9C ","ENSG00000162222"
"NM_173824","C3orf38 ","ENSG00000179021"
"NM_173826","TCAIM ","ENSG00000179152"
"NM_173829","SREK1IP1 ","ENSG00000153006"
"NM_173834","YIPF6 ","ENSG00000181704"
"NM_174889","NDUFAF2 ","ENSG00000164182"
"NM_174893","C17orf49 ","ENSG00000258315"
"NM_174894","TRAPPC5 ","ENSG00000181029"
"NM_174907","PPP4R2 ","ENSG00000163605"
"NM_174908","CCDC50 ","ENSG00000152492"
"NM_174913","NOP9 ","ENSG00000285326"
"NM_174913","NOP9 ","ENSG00000196943"
"NM_174917","ACSF3 ","ENSG00000176715"
"NM_174983","MFSD12 ","ENSG00000161091"
"NM_175063","EMC10 ","ENSG00000161671"
"NM_175069","APTX ","ENSG00000137074"
"NM_175614","NDUFA11 ","ENSG00000174886"
"NM_175614","NDUFA11 ","ENSG00000292058"
"NM_175732","PTPMT1 ","ENSG00000110536"
"NM_175748","UBR7 ","ENSG00000278787"
"NM_175748","UBR7 ","ENSG00000012963"
"NM_175852","TXLNA ","ENSG00000084652"
"NM_175876","EXOC8 ","ENSG00000116903"
"NM_175907","ZADH2 ","ENSG00000180011"
"NM_175918","CRIPAK ",NA
"NM_176812","CHMP4B ","ENSG00000101421"
"NM_176818","GATC ","ENSG00000257218"
"NM_176867","PPA2 ","ENSG00000138777"
"NM_176880","NR2C2AP ","ENSG00000184162"
"NM_177401","MIDN ","ENSG00000167470"
"NM_177452","TRAPPC6B ","ENSG00000182400"
"NM_177533","NUDT14 ","ENSG00000183828"
"NM_177938","P4HTM ","ENSG00000178467"
"NM_177966","PDE12 ","ENSG00000174840"
"NM_177967","UBAC2 ","ENSG00000134882"
"NM_178014","TUBB ","ENSG00000183311"
"NM_178014","TUBB ","ENSG00000224156"
"NM_178014","TUBB ","ENSG00000232421"
"NM_178014","TUBB ","ENSG00000232575"
"NM_178014","TUBB ","ENSG00000227739"
"NM_178014","TUBB ","ENSG00000235067"
"NM_178014","TUBB ","ENSG00000229684"
"NM_178014","TUBB ","ENSG00000196230"
"NM_178026","GGT7 ","ENSG00000131067"
"NM_178124","CXorf40A ","ENSG00000197620"
"NM_178126","FAM134C ","ENSG00000141699"
"NM_178148","SLC35B2 ","ENSG00000157593"
"NM_178167","ZNF598 ","ENSG00000292232"
"NM_178167","ZNF598 ","ENSG00000167962"
"NM_178336","MRPL52 ","ENSG00000172590"
"NM_178454","DRAM2 ","ENSG00000156171"
"NM_178508","C6orf1 ","ENSG00000186577"
"NM_178517","PIGW ","ENSG00000277161"
"NM_178517","PIGW ","ENSG00000275600"
"NM_178547","ZBTB8OS ","ENSG00000176261"
"NM_178812","MTDH ","ENSG00000147649"
"NM_178819","AGPAT6 ","ENSG00000158669"
"NM_178862","STT3B ","ENSG00000163527"
"NM_181336","LEMD2 ","ENSG00000161904"
"NM_181441","MRPL55 ","ENSG00000162910"
"NM_181503","EXOSC8 ","ENSG00000120699"
"NM_181504","PIK3R1 ","ENSG00000145675"
"NM_181514","MRPL21 ","ENSG00000197345"
"NM_181575","AUP1 ","ENSG00000115307"
"NM_181656","C17orf58 ","ENSG00000186665"
"NM_181672","OGT ","ENSG00000147162"
"NM_181713","UBXN2A ","ENSG00000173960"
"NM_181715","CRTC2 ","ENSG00000160741"
"NM_181725","METTL2A ","ENSG00000087995"
"NM_181785","SLC46A3 ","ENSG00000139508"
"NM_181836","TMED7 ","ENSG00000134970"
"NM_182476","COQ6 ","ENSG00000119723"
"NM_182501","MTERFD2 ","ENSG00000122085"
"NM_182523","CMC1 ","ENSG00000187118"
"NM_182529","THAP5 ","ENSG00000177683"
"NM_182543","NSUN6 ","ENSG00000241058"
"NM_182547","TMED4 ","ENSG00000158604"
"NM_182640","MRPS9 ","ENSG00000135972"
"NM_182752","TPRG1L ","ENSG00000158109"
"NM_182755","ZNF438 ","ENSG00000183621"
"NM_182916","TRNT1 ","ENSG00000072756"
"NM_182919","TICAM1 ","ENSG00000127666"
"NM_182972","IRF2BP2 ","ENSG00000168264"
"NM_182976","ZNF326 ","ENSG00000162664"
"NM_183006","DLGAP4 ","ENSG00000080845"
"NM_183075","CYP2U1 ","ENSG00000155016"
"NM_183352","SEC13 ","ENSG00000157020"
"NM_194280","TMEM219 ","ENSG00000149932"
"NM_194283","DNAJC21 ","ENSG00000168724"
"NM_194285","SPTY2D1 ","ENSG00000179119"
"NM_194326","RPS19BP1 ","ENSG00000187051"
"NM_194460","RNF126 ","ENSG00000070423"
"NM_197964","C7orf55 ","ENSG00000164898"
"NM_197977","ZNF189 ","ENSG00000136870"
"NM_198044","ZDHHC16 ","ENSG00000171307"
"NM_198066","GNPNAT1 ","ENSG00000100522"
"NM_198076","COX20 ","ENSG00000203667"
"NM_198077","C1orf52 ","ENSG00000162642"
"NM_198217","ING1 ","ENSG00000153487"
"NM_198243","ASB7 ","ENSG00000183475"
"NM_198273","LYSMD3 ","ENSG00000176018"
"NM_198318","PRMT1 ","ENSG00000126457"
"NM_198334","GANAB ","ENSG00000089597"
"NM_198401","ANKRD46 ","ENSG00000186106"
"NM_198446","C1orf122 ","ENSG00000197982"
"NM_198450","APOOL ","ENSG00000155008"
"NM_198467","RSBN1L ","ENSG00000187257"
"NM_198486","RPL7L1 ","ENSG00000146223"
"NM_198507","FAM174A ","ENSG00000174132"
"NM_198527","HDDC3 ","ENSG00000184508"
"NM_198551","MIA3 ","ENSG00000154305"
"NM_198841","FAM120AOS ","ENSG00000188938"
"NM_198976","NELFCD ","ENSG00000101158"
"NM_199069","NDUFAF3 ","ENSG00000178057"
"NM_199077","CNNM2 ","ENSG00000148842"
"NM_199129","TMEM189 ","ENSG00000240849"
"NM_199203","TMEM189-UBE2V1 ","ENSG00000124208"
"NM_199287","CCDC137 ","ENSG00000185298"
"NM_199290","NACA2 ","ENSG00000253506"
"NM_199337","TMEM179B ","ENSG00000185475"
"NM_199342","CCDC23 ","ENSG00000177868"
"NM_203288","RP9 ","ENSG00000164610"
"NM_203290","POLR1C ","ENSG00000171453"
"NM_203298","CHCHD1 ","ENSG00000172586"
"NM_203376","TMEM81 ","ENSG00000174529"
"NM_203390","RBM12B ","ENSG00000183808"
"NM_203397","MBLAC1 ","ENSG00000214309"
"NM_203462","MRFAP1L1 ","ENSG00000178988"
"NM_203495","COMMD6 ","ENSG00000188243"
"NM_205767","C19orf70 ","ENSG00000174917"
"NM_206831","DPH3 ","ENSG00000154813"
"NM_207005","USF1 ","ENSG00000158773"
"NM_207040","TCF12 ","ENSG00000140262"
"NM_207111","RNF216 ","ENSG00000011275"
"NM_207118","GTF2H5 ","ENSG00000272047"
"NM_207122","EXT2 ","ENSG00000151348"
"NM_207318","FAM199X ","ENSG00000123575"
"NM_207332","ERICH1 ","ENSG00000104714"
"NM_207356","C1orf174 ","ENSG00000198912"
"NM_212550","BLOC1S3 ","ENSG00000189114"
"NM_212551","LYSMD1 ","ENSG00000163155"
