"gene_id","weight"
"ENSG00000213741",0.508114141702855
"ENSG00000228253",0.435164266320472
"ENSG00000198840",0.35979445421492
"ENSG00000166441",0.200062696228208
"ENSG00000075624",0.189805598381032
"ENSG00000205542",0.17948309466673
"ENSG00000112306",0.157581254301726
"ENSG00000137818",0.1533483152119
"ENSG00000197756",0.128234960969329
"ENSG00000198712",0.124564934593087
"ENSG00000138326",0.115260189611716
"ENSG00000233927",0.103536608349245
"ENSG00000143947",0.10051799785414
"ENSG00000149806",0.0964308471383042
"ENSG00000161970",0.0953350408568978
"ENSG00000019582",0.0943265350547596
"ENSG00000198804",0.0929125885405195
"ENSG00000198763",0.0889424958821582
"ENSG00000133112",0.0875091794300816
"ENSG00000142534",0.0839760611511374
"ENSG00000142937",0.0838077518790096
"ENSG00000166710",0.0817549558438039
"ENSG00000137154",0.0797401156476702
"ENSG00000172809",0.0757450189316502
"ENSG00000144713",0.075639819531751
"ENSG00000149273",0.0714662336696459
"ENSG00000008988",0.0709276578984586
"ENSG00000125691",0.0681765878567322
"ENSG00000198899",0.0582698549599545
"ENSG00000145592",0.058248745410769
"ENSG00000105193",0.0562353345286461
"ENSG00000122406",0.0552177230380536
"ENSG00000182899",0.0531336711998948
"ENSG00000087086",0.0521688576916446
"ENSG00000171858",0.0519481240610704
"ENSG00000167658",0.0518248103353693
"ENSG00000177954",0.051424102975543
"ENSG00000034510",0.0496763109010944
"ENSG00000198727",0.0487833282414138
"ENSG00000142669",0.0460990576738237
"ENSG00000132475",0.0431369060472508
"ENSG00000111348",0.0421000334062208
"ENSG00000108518",0.0419517727195614
"ENSG00000198918",0.0406687915795933
"ENSG00000198886",0.0390689662309532
"ENSG00000063177",0.0389180654444461
"ENSG00000051523",0.038654322400626
"ENSG00000131469",0.037594787860256
"ENSG00000196924",0.0371748641701037
"ENSG00000156508",0.0355986508247955
"ENSG00000142676",0.0343625829798006
"ENSG00000198938",0.0339291007748952
"ENSG00000090382",0.0338179374309603
"ENSG00000148303",0.0327616112150145
"ENSG00000197746",0.0323881306802695
"ENSG00000108654",0.0319043340453478
"ENSG00000167283",0.0313207843520446
"ENSG00000142541",0.0308380053659765
"ENSG00000204628",0.0299597785118562
"ENSG00000130066",0.0297353223496503
"ENSG00000143546",0.0284834410651246
"ENSG00000071082",0.0280341212198095
"ENSG00000198242",0.0279639522260611
"ENSG00000164587",0.027405214910521
"ENSG00000187514",0.0239868966137378
"ENSG00000169442",0.0238472207857384
"ENSG00000108298",0.0236807560381578
"ENSG00000172757",0.0236396178806223
"ENSG00000105640",0.023559535417379
"ENSG00000120129",0.0229814186504612
"ENSG00000198034",0.0229003777451859
"ENSG00000108107",0.021749816521263
"ENSG00000069275",0.021242221042157
"ENSG00000011600",0.0209692918147361
"ENSG00000170345",0.0204388252536336
"ENSG00000183283",0.0199082402314547
"ENSG00000111640",0.0197463155014813
"ENSG00000171863",0.0194642872661322
"ENSG00000158869",0.019221100532836
"ENSG00000196683",0.0189805684893137
"ENSG00000124614",0.0186284682047327
"ENSG00000070756",0.0185737710278053
"ENSG00000198888",0.01850791721222
"ENSG00000231500",0.0180724392722353
"ENSG00000147649",0.0177466019526837
"ENSG00000143933",0.0177399011091042
"ENSG00000092841",0.0176144732054772
"ENSG00000147403",0.0172041114097981
"ENSG00000157514",0.0171020514170046
"ENSG00000221983",0.0170290881659011
"ENSG00000139644",0.0170174420862586
"ENSG00000115523",0.0169625871041823
"ENSG00000100316",0.0167779248265142
"ENSG00000136156",0.0165254058106015
"ENSG00000122026",0.0164915478172677
"ENSG00000170004",0.0164709025985947
"ENSG00000174444",0.0162690661871525
"ENSG00000197061",0.0153765912308887
"ENSG00000196262",0.0152843778882749
"ENSG00000136167",0.0151553840328311
"ENSG00000101608",0.0148635187046576
"ENSG00000105372",0.0147327983414979
"ENSG00000164346",0.0146356323836928
"ENSG00000173812",0.0143845749596723
"ENSG00000102879",0.0143756184846871
"ENSG00000101439",0.0135128552409415
"ENSG00000173575",0.0134320664641945
"ENSG00000171223",0.013168608106641
"ENSG00000107738",0.0124223934503433
"ENSG00000133226",0.0122894734107004
"ENSG00000140988",0.0121819821854758
"ENSG00000135046",0.012080630218665
"ENSG00000116754",0.0120430653025901
"ENSG00000163220",0.0119807966894046
"ENSG00000197956",0.011827968294383
"ENSG00000133872",0.0117542457729026
"ENSG00000167978",0.0117030899412965
"ENSG00000174748",0.011698491143501
"ENSG00000130255",0.0116421604835539
"ENSG00000156467",0.0115381224250065
"ENSG00000169714",0.0113952781321799
"ENSG00000147604",0.0112022985571375
"ENSG00000177600",0.0111612369747566
"ENSG00000175567",0.0110243367499405
"ENSG00000172543",0.0109373066700789
"ENSG00000092010",0.0107706835077729
"ENSG00000115935",0.010613330184167
"ENSG00000228474",0.0105926456381895
"ENSG00000103187",0.0104651948780801
"ENSG00000104904",0.0103759206596068
"ENSG00000265972",0.0103569958363916
"ENSG00000089157",0.0101366427893767
"ENSG00000116209",0.010111775778683
"ENSG00000182718",0.00979935882734223
"ENSG00000115268",0.00968472585563344
"ENSG00000167526",0.00957216264048692
"ENSG00000108848",0.00950537306098684
"ENSG00000074800",0.00940983184380946
"ENSG00000113140",0.00938325025749701
"ENSG00000204592",0.00929749426713173
"ENSG00000188404",0.00919496126803652
"ENSG00000244734",0.00912228883259661
"ENSG00000162511",0.00908702793103444
"ENSG00000110700",0.00906142273322119
"ENSG00000198755",0.00904657747184437
"ENSG00000140575",0.00903734293275826
"ENSG00000084234",0.00902380480269407
"ENSG00000120885",0.00896269155957014
"ENSG00000188846",0.00892110723491922
"ENSG00000134419",0.00888545444974322
"ENSG00000196154",0.0088380213249562
"ENSG00000168685",0.00882207944735637
"ENSG00000163682",0.00871136857598816
"ENSG00000109971",0.0086579373541048
"ENSG00000150991",0.00861363413771725
"ENSG00000198695",0.00858962904498678
"ENSG00000141002",0.00858071695270105
"ENSG00000134046",0.0085164055560903
"ENSG00000105374",0.00851206517378399
"ENSG00000115738",0.00848608085529464
"ENSG00000114942",0.00842407365742534
"ENSG00000116741",0.00838366222083971
"ENSG00000187109",0.00837668153111061
"ENSG00000197747",0.0083658426429498
"ENSG00000100650",0.00835942489938306
"ENSG00000111669",0.00833334544524893
"ENSG00000170458",0.00829866250578856
"ENSG00000111229",0.00827348173510692
"ENSG00000115524",0.00799622746542567
"ENSG00000143761",0.00799098262874641
"ENSG00000162244",0.00790260320515949
"ENSG00000135821",0.00787006386971995
"ENSG00000126264",0.00782576929079915
"ENSG00000110077",0.00773056401121948
"ENSG00000100300",0.0077108314277274
"ENSG00000100453",0.00769423267971286
"ENSG00000143119",0.00767860621587862
"ENSG00000118680",0.00767304233861741
"ENSG00000164733",0.00762761780353611
"ENSG00000112576",0.0076189446086044
"ENSG00000172531",0.00757808122467102
"ENSG00000110955",0.00747516851161574
"ENSG00000182866",0.00744503151501716
"ENSG00000169100",0.00743772165253135
"ENSG00000164924",0.00737500189281269
"ENSG00000130592",0.00736944946179142
"ENSG00000142227",0.00736427886972454
"ENSG00000143110",0.00721561989617936
"ENSG00000180353",0.00720881939625454
"ENSG00000109475",0.0071883957502132
"ENSG00000038427",0.00716988901858351
"ENSG00000067082",0.00712056059841465
"ENSG00000197958",0.0071187976104177
"ENSG00000128016",0.00708926625957797
"ENSG00000100906",0.00707459614563405
"ENSG00000130816",0.00703364702329404
"ENSG00000110719",0.00701186721626744
"ENSG00000082074",0.00697025338336479
"ENSG00000134333",0.00692452042364582
"ENSG00000164111",0.00692182367420211
"ENSG00000162704",0.00684694540121319
"ENSG00000158710",0.00683359719499844
"ENSG00000110321",0.0067555416092332
"ENSG00000163131",0.00669650084166312
"ENSG00000010256",0.00666178944331244
"ENSG00000131236",0.00662647523504724
"ENSG00000100911",0.00659492792998336
"ENSG00000198786",0.00658100673921664
"ENSG00000090621",0.00656478568831286
"ENSG00000132424",0.00653497395075443
"ENSG00000112695",0.0064760131596444
"ENSG00000154146",0.00645313866052044
"ENSG00000127184",0.00642658467352462
"ENSG00000136942",0.00637597335074931
"ENSG00000130755",0.006372935438361
"ENSG00000152234",0.00630310358486718
"ENSG00000131238",0.0062916823593334
"ENSG00000134884",0.00628815911611299
"ENSG00000186468",0.00627275424428166
"ENSG00000072818",0.00624392744010996
"ENSG00000125347",0.00617298241691557
"ENSG00000126247",0.00616994058210822
"ENSG00000204472",0.00616007456883195
"ENSG00000111142",0.00614329369800487
"ENSG00000080503",0.00614067450612947
"ENSG00000156482",0.00613711543604207
"ENSG00000110934",0.00603292733154063
"ENSG00000110876",0.00602849062256296
"ENSG00000213719",0.00600445589617148
"ENSG00000150459",0.0059846917416163
"ENSG00000110848",0.00596907798238873
"ENSG00000115875",0.00585301765087589
"ENSG00000143774",0.00584069808416002
"ENSG00000100353",0.00580780906372073
"ENSG00000104964",0.0057673308646756
"ENSG00000137575",0.00573665859654199
"ENSG00000006125",0.00573067351045295
"ENSG00000102144",0.00563484344278805
"ENSG00000002586",0.00563211585976166
"ENSG00000005339",0.0056082443355834
"ENSG00000116288",0.00557365485171169
"ENSG00000141867",0.00556996002715989
"ENSG00000113732",0.00556345459711216
"ENSG00000105373",0.0055563724038162
"ENSG00000172183",0.0055116141407942
"ENSG00000189043",0.00550298091024664
"ENSG00000117523",0.00550124690183376
"ENSG00000171530",0.00550048289393397
"ENSG00000271503",0.00549383760190668
"ENSG00000158050",0.00549374463557888
"ENSG00000121966",0.00547938294868241
"ENSG00000104763",0.0054706781251126
"ENSG00000058272",0.0054650820019338
"ENSG00000198843",0.00544591273362221
"ENSG00000072778",0.00544539956557644
"ENSG00000117410",0.0054392712476772
"ENSG00000077984",0.0054194563258039
"ENSG00000132341",0.00538396226415267
"ENSG00000147065",0.00538084827944802
"ENSG00000113387",0.00529692478007602
"ENSG00000051108",0.00527593889868735
"ENSG00000163191",0.00526760575324315
"ENSG00000204287",0.0052551810156619
"ENSG00000180573",0.00523406233176146
"ENSG00000109332",0.00522503245567801
"ENSG00000044574",0.00521676142669177
"ENSG00000171051",0.00517761920832361
"ENSG00000100219",0.00516879394720786
"ENSG00000065978",0.00516861259512344
"ENSG00000197448",0.00515726880210456
"ENSG00000180879",0.00515229963742026
"ENSG00000100450",0.00506834438002792
"ENSG00000106153",0.00503675830536272
"ENSG00000164104",0.00502679415632692
"ENSG00000113649",0.00502599054023696
"ENSG00000277791",0.00496993165148937
"ENSG00000124795",0.00492547807465032
"ENSG00000188186",0.00489133666022995
"ENSG00000187608",0.00486782006333021
"ENSG00000170776",0.00483696544007712
"ENSG00000030582",0.0048360320819117
"ENSG00000135940",0.00483183817450564
"ENSG00000147010",0.00482743858981191
"ENSG00000180644",0.00480752007330454
"ENSG00000167468",0.0047900074477159
"ENSG00000185885",0.00478498789347763
"ENSG00000118181",0.00475891561222123
"ENSG00000116459",0.00474428903904892
"ENSG00000170889",0.00471822149411462
"ENSG00000140319",0.0047106167000933
"ENSG00000008952",0.00470832838169705
"ENSG00000187239",0.00469440046344763
"ENSG00000122566",0.00467448471568914
"ENSG00000085265",0.00466116121986994
"ENSG00000061936",0.00466005294779271
"ENSG00000204397",0.00462855952569736
"ENSG00000124491",0.00462666831956248
"ENSG00000125970",0.00462431974013828
"ENSG00000156587",0.00460652317971502
"ENSG00000008018",0.0046009580652042
"ENSG00000128699",0.00459984148685326
"ENSG00000182220",0.00456413162108607
"ENSG00000135899",0.0045628550298828
"ENSG00000184009",0.00455255281321455
"ENSG00000139218",0.0045197585575124
"ENSG00000132465",0.00449515562645543
"ENSG00000048649",0.00449019079269631
"ENSG00000149187",0.00448351556535344
"ENSG00000167004",0.00447153475576258
"ENSG00000197249",0.00446316270507228
"ENSG00000136938",0.00445582383561979
"ENSG00000067225",0.00442336018019851
"ENSG00000122034",0.00442039647515213
"ENSG00000115091",0.00441183947259742
"ENSG00000165119",0.00441007330123895
"ENSG00000114353",0.00440904881806861
"ENSG00000104714",0.00438512571068248
"ENSG00000000938",0.00437861607704183
"ENSG00000105202",0.00433428896473572
"ENSG00000149781",0.0043071192303089
"ENSG00000130402",0.00430710567380896
"ENSG00000119535",0.00430120895201913
"ENSG00000131981",0.00429045399074067
"ENSG00000204642",0.00428520862259438
"ENSG00000008517",0.00428130442989997
"ENSG00000064666",0.00426488447374093
"ENSG00000189067",0.00426187542330926
"ENSG00000147443",0.00424623856644767
"ENSG00000141480",0.00423835662808758
"ENSG00000241837",0.0041979919121773
"ENSG00000177674",0.00415205425432697
"ENSG00000140264",0.00414471680665983
"ENSG00000127824",0.00414173499407583
"ENSG00000064601",0.00410232341527638
"ENSG00000189403",0.00409677491435463
"ENSG00000125356",0.00407697352808554
"ENSG00000166295",0.00406816240007073
"ENSG00000160593",0.00406761512400821
"ENSG00000071127",0.00405070117568746
"ENSG00000123146",0.00401573359559223
"ENSG00000162613",0.00399944994453613
"ENSG00000197728",0.0039966132117504
"ENSG00000163956",0.0039960457235778
"ENSG00000169020",0.00399173404811617
"ENSG00000156976",0.00399118954553125
"ENSG00000074695",0.00396654288706339
"ENSG00000116489",0.0039548744593288
"ENSG00000161203",0.00394911387918061
"ENSG00000115977",0.00394504591575836
"ENSG00000136527",0.00394331459938391
"ENSG00000136279",0.00394242590744963
"ENSG00000109670",0.00393546575403981
"ENSG00000196419",0.00390306301964191
"ENSG00000111237",0.0038979029087007
"ENSG00000196776",0.0038942715775208
"ENSG00000185825",0.00388826416423981
"ENSG00000182117",0.00388417088018493
"ENSG00000123136",0.00387681213675506
"ENSG00000100100",0.00387499912771689
"ENSG00000103657",0.00383675571530474
"ENSG00000101182",0.0038364133773245
"ENSG00000103363",0.00383486939316307
"ENSG00000110324",0.00383118486199063
"ENSG00000165502",0.00383106827833657
"ENSG00000168209",0.00382796448022887
"ENSG00000111775",0.00382168564949211
"ENSG00000005302",0.00381259142933102
"ENSG00000180370",0.00380287204798751
"ENSG00000158717",0.00380104013623441
"ENSG00000152518",0.00379796671308587
"ENSG00000083845",0.00378339632890114
"ENSG00000178741",0.00377739697412272
"ENSG00000159720",0.00376961860518694
"ENSG00000240065",0.00376664039743832
"ENSG00000115956",0.00375942847070599
"ENSG00000135535",0.00375213527585497
"ENSG00000075785",0.00375009340547442
"ENSG00000163565",0.00372563850785465
"ENSG00000100097",0.0037243479265249
"ENSG00000198502",0.0037187403781368
"ENSG00000075415",0.00371223646290851
"ENSG00000129353",0.00371126520139834
"ENSG00000149100",0.00369093969368803
"ENSG00000165168",0.00367784288297759
"ENSG00000198931",0.00366179009838486
"ENSG00000115307",0.00366158113725992
"ENSG00000146425",0.00365395348547222
"ENSG00000136490",0.00364887032501121
"ENSG00000112308",0.00364272194137419
"ENSG00000150593",0.00363655973497746
"ENSG00000107372",0.0036064146206705
"ENSG00000162894",0.00360240488913029
"ENSG00000100461",0.00357886877968039
"ENSG00000067560",0.00357669677976516
"ENSG00000060237",0.00356530896925223
"ENSG00000026025",0.00355862170090901
"ENSG00000101558",0.00355056683851349
"ENSG00000104870",0.00353538817788641
"ENSG00000039123",0.00352200445888869
"ENSG00000160654",0.00352069152467557
"ENSG00000134248",0.00351216443248451
"ENSG00000080824",0.00350811025627265
"ENSG00000165629",0.0034944042567507
"ENSG00000244038",0.00347340424378604
"ENSG00000038274",0.00345670209986896
"ENSG00000172349",0.0034548082138695
"ENSG00000160014",0.0034488037331509
"ENSG00000205937",0.00344766202471323
"ENSG00000076108",0.00344464333894594
"ENSG00000203747",0.00344119931229739
"ENSG00000165678",0.00342799612607481
"ENSG00000162909",0.00342210080596842
"ENSG00000118640",0.00341962434004129
"ENSG00000154723",0.00341504776619707
"ENSG00000137752",0.00341049291570599
"ENSG00000125534",0.00340613659202511
"ENSG00000188612",0.00340599570645094
"ENSG00000180448",0.00340510078602798
"ENSG00000185624",0.00340059529229081
"ENSG00000104660",0.00338440560454467
"ENSG00000096060",0.00338213747382414
"ENSG00000215301",0.00338164969288917
"ENSG00000062716",0.0033750204273719
"ENSG00000234745",0.00337494475502568
"ENSG00000111786",0.0033665552165771
"ENSG00000027697",0.00335336897691907
"ENSG00000102265",0.00335109535780363
"ENSG00000185201",0.0033410049200451
"ENSG00000092199",0.00333843461724319
"ENSG00000109062",0.00333782477565446
"ENSG00000141552",0.00333729581741224
"ENSG00000090686",0.00333396777504177
"ENSG00000005022",0.00333318649152498
"ENSG00000100941",0.00330916498538943
"ENSG00000135968",0.00330652191500573
"ENSG00000184752",0.00329984024746578
"ENSG00000111679",0.00329418855311069
"ENSG00000198898",0.00328712623179344
"ENSG00000142546",0.00328544415918752
"ENSG00000149923",0.00327314187620591
"ENSG00000129562",0.00327127830863477
"ENSG00000166794",0.00326756797076516
"ENSG00000112335",0.00323910260712524
"ENSG00000152558",0.00323859611672513
"ENSG00000084207",0.00323849981432384
"ENSG00000178952",0.00323826535741535
"ENSG00000173221",0.00323464007432775
"ENSG00000113810",0.0032305909109153
"ENSG00000119707",0.00323031469357768
"ENSG00000128524",0.00322889013861862
"ENSG00000060339",0.00322649954166593
"ENSG00000172270",0.00322575782404126
"ENSG00000099795",0.00321948853208846
"ENSG00000136003",0.00321605802455905
"ENSG00000212907",0.00321561678892751
"ENSG00000182944",0.00321342450802635
"ENSG00000132963",0.00320911472469803
"ENSG00000172053",0.00318855500943613
"ENSG00000106803",0.00318487992810959
"ENSG00000121316",0.00318044004615974
"ENSG00000134308",0.00317660511292698
"ENSG00000132965",0.00316193279526344
"ENSG00000143549",0.00313802430139583
"ENSG00000179091",0.00313710411837618
"ENSG00000169230",0.00313152505573195
"ENSG00000122122",0.00312107503262126
"ENSG00000187837",0.00311571782149654
"ENSG00000160075",0.00311291190856699
"ENSG00000119801",0.0031124300600509
"ENSG00000140105",0.0031060620184865
"ENSG00000164032",0.00310423834750234
"ENSG00000161016",0.00310361934545747
"ENSG00000266412",0.00310310955089809
"ENSG00000185043",0.0030977551714638
"ENSG00000129351",0.0030869643895357
"ENSG00000114391",0.00307673062200897
"ENSG00000119397",0.00307457626540182
"ENSG00000120963",0.00307271801014363
"ENSG00000205302",0.00307226471882878
"ENSG00000126709",0.00307053084263108
"ENSG00000114902",0.00306062990286073
"ENSG00000185129",0.0030517901748052
"ENSG00000143742",0.00304974777180476
"ENSG00000204120",0.00303419334759595
"ENSG00000185215",0.00302004390530675
"ENSG00000108639",0.00301723991304043
"ENSG00000143621",0.00301536502766881
"ENSG00000077380",0.00301312113114606
"ENSG00000100811",0.00300916530384816
"ENSG00000159674",0.00300900214120778
"ENSG00000105835",0.00300346733714589
"ENSG00000154473",0.0030015667203498
"ENSG00000151461",0.00299806124752271
"ENSG00000015285",0.00299102389818877
"ENSG00000108669",0.00298517374468162
"ENSG00000142507",0.00297725784538645
"ENSG00000035928",0.00296221826630481
"ENSG00000171222",0.00296030966168146
"ENSG00000197006",0.00295770868976597
"ENSG00000205352",0.00294538720139886
"ENSG00000101474",0.00294109280185377
"ENSG00000123104",0.00293323870348843
"ENSG00000172936",0.00293153029707529
"ENSG00000100664",0.0029307815993354
"ENSG00000146007",0.00292739075087615
"ENSG00000196126",0.00292610598371778
"ENSG00000101365",0.00292369451314809
"ENSG00000118855",0.00290421824967088
"ENSG00000124562",0.00290334810779175
"ENSG00000168899",0.00290171418592632
"ENSG00000122694",0.00289598683561101
"ENSG00000107581",0.00288817339942109
"ENSG00000159346",0.00287646387298274
"ENSG00000185862",0.00287429731114373
"ENSG00000167770",0.00287361919267046
"ENSG00000011422",0.00286054482345849
"ENSG00000005483",0.00285059934694889
"ENSG00000065357",0.00284485066983014
"ENSG00000179632",0.00284313141948538
"ENSG00000090905",0.00284071614140456
"ENSG00000168385",0.00284059614553432
"ENSG00000005810",0.00283898519971742
"ENSG00000142347",0.00282798188850298
"ENSG00000162231",0.00282316944078526
"ENSG00000163736",0.00280702759938975
"ENSG00000144895",0.00280699519459527
"ENSG00000137801",0.00280105073675818
"ENSG00000116560",0.00279970042284844
"ENSG00000148484",0.00279813513325643
"ENSG00000075142",0.00279225166180599
"ENSG00000115234",0.00278436462984738
"ENSG00000146701",0.00278205589834706
"ENSG00000106682",0.00277681165316236
"ENSG00000168002",0.00276759096299312
"ENSG00000178927",0.00276618063857515
"ENSG00000147526",0.00276272688437175
"ENSG00000163931",0.0027625175078645
"ENSG00000118515",0.00276241496995351
"ENSG00000078668",0.00275577457034729
"ENSG00000140968",0.00274364517859882
"ENSG00000132274",0.00274325470203341
"ENSG00000133574",0.00274143212761786
"ENSG00000167110",0.00273981554008033
"ENSG00000125818",0.00273877686445211
"ENSG00000166946",0.00273457593756013
"ENSG00000111011",0.00273166889673081
"ENSG00000173915",0.00272386442867968
"ENSG00000204569",0.00272328552734632
"ENSG00000142864",0.00271825657424977
"ENSG00000152082",0.00271526575884947
"ENSG00000100612",0.00269975724289096
"ENSG00000170906",0.00269862802827357
"ENSG00000099875",0.00269750796566334
"ENSG00000153310",0.00269511620064677
"ENSG00000197102",0.00269508153455837
"ENSG00000101745",0.00269328754307323
"ENSG00000131143",0.00268222631474054
"ENSG00000270170",0.00267737489505169
"ENSG00000159388",0.00267417523263525
"ENSG00000162645",0.00267076758441521
"ENSG00000108561",0.00267068411007972
"ENSG00000089053",0.00267034491068713
"ENSG00000159840",0.00266296151958489
"ENSG00000085224",0.00265662253143807
"ENSG00000132507",0.00265308852933708
"ENSG00000169223",0.00264386764408554
"ENSG00000126432",0.00264234014892288
"ENSG00000162434",0.00264063830829284
"ENSG00000183291",0.00263015358840563
"ENSG00000131171",0.00262585999764433
"ENSG00000120742",0.00262374565244181
"ENSG00000128294",0.00261924221393367
"ENSG00000138279",0.00261087613716993
"ENSG00000118503",0.00261041078716409
"ENSG00000142168",0.00260891341391592
"ENSG00000115760",0.00260835314001156
"ENSG00000204482",0.00260796580768498
"ENSG00000124762",0.00260633103616821
"ENSG00000015475",0.00258881213576053
"ENSG00000018280",0.00258866729895117
"ENSG00000159140",0.00257845314113449
"ENSG00000003056",0.00257505375806638
"ENSG00000177731",0.00257047036810552
"ENSG00000182054",0.00256756579786436
"ENSG00000086598",0.00256407119709486
"ENSG00000124177",0.00256220852808081
"ENSG00000100385",0.00255411808134787
"ENSG00000109171",0.00255273512843498
"ENSG00000117335",0.00254463565763057
"ENSG00000114857",0.00254460342517184
"ENSG00000130724",0.00253843389560108
"ENSG00000115085",0.0025341916085043
"ENSG00000175390",0.0025294511258102
"ENSG00000140941",0.00252859699762983
"ENSG00000091527",0.00252829950874911
"ENSG00000164713",0.00252290973943998
"ENSG00000241343",0.00252223896411551
"ENSG00000009790",0.00251998868057561
"ENSG00000183726",0.00251610207700456
"ENSG00000130811",0.0025092528239597
"ENSG00000158062",0.00250861765562827
"ENSG00000165672",0.00250703230512681
"ENSG00000175166",0.00250022826731302
"ENSG00000145649",0.00249752269264487
"ENSG00000104915",0.0024878747165898
"ENSG00000118058",0.00248463389931594
"ENSG00000132485",0.00248403349546827
"ENSG00000123329",0.00248349180192883
"ENSG00000148700",0.00248109177812987
"ENSG00000083642",0.00247514577429043
"ENSG00000089063",0.00247350248364607
"ENSG00000110442",0.00246688989667017
"ENSG00000171634",0.00245460442828199
"ENSG00000138398",0.00244961841015473
"ENSG00000227507",0.00244919348843096
"ENSG00000182087",0.0024468085891639
"ENSG00000071073",0.0024425390189191
"ENSG00000176978",0.00244139097148876
"ENSG00000004059",0.00243232721407782
"ENSG00000180096",0.00243232564695792
"ENSG00000180376",0.00242763212714744
"ENSG00000103811",0.00242695653363758
"ENSG00000122862",0.00242360032675858
"ENSG00000140307",0.00241819813739058
"ENSG00000100242",0.00241731797340089
"ENSG00000100129",0.00241498976639648
"ENSG00000205220",0.00241418807327307
"ENSG00000136888",0.00241092675735918
"ENSG00000117118",0.00240891657373617
"ENSG00000099331",0.00240332120541996
"ENSG00000196504",0.00240321296790384
"ENSG00000181036",0.00240027977344077
"ENSG00000130775",0.00239672219243132
"ENSG00000135372",0.00239661694237933
"ENSG00000011405",0.00239607369211686
"ENSG00000131174",0.00238885319461782
"ENSG00000120438",0.00238726288858756
"ENSG00000168214",0.00238467256102077
"ENSG00000155090",0.00238413219855222
"ENSG00000129625",0.0023809138583965
"ENSG00000099797",0.00237839289385355
"ENSG00000143727",0.00237329300965012
"ENSG00000114416",0.00236686879097966
"ENSG00000171476",0.00236406553694391
"ENSG00000102317",0.00236126071288696
"ENSG00000123106",0.00235422876570827
"ENSG00000164405",0.00235355597360036
"ENSG00000142634",0.00235240802610205
"ENSG00000148834",0.00235164835555703
"ENSG00000139641",0.00235155369836884
"ENSG00000130748",0.00234300714725318
"ENSG00000187118",0.00233459540803837
"ENSG00000197471",0.00231905672564426
"ENSG00000069849",0.0023189258597982
"ENSG00000106565",0.00231833378179683
"ENSG00000111678",0.00231752336055412
"ENSG00000131669",0.00231020022806749
"ENSG00000178988",0.00230711441777811
"ENSG00000118705",0.00230194341278429
"ENSG00000079459",0.00229400302930243
"ENSG00000116731",0.0022908091922722
"ENSG00000231389",0.00228865705244582
"ENSG00000099341",0.00228830122344327
"ENSG00000183648",0.00228461040070537
"ENSG00000110696",0.0022810676211268
"ENSG00000204370",0.00227750033763802
"ENSG00000119185",0.00227568507349081
"ENSG00000153147",0.00227501813301475
"ENSG00000132300",0.00226314583372105
"ENSG00000059377",0.00226274123722865
"ENSG00000100345",0.00226234017269822
"ENSG00000133606",0.00225892314841916
"ENSG00000092820",0.00225886824172076
"ENSG00000198851",0.00225677111839318
"ENSG00000109920",0.00225668252124799
"ENSG00000135677",0.00225544008351222
"ENSG00000126267",0.00225523457822336
"ENSG00000183696",0.00225298149318257
"ENSG00000177889",0.00225000375101869
"ENSG00000168329",0.00224767893092964
"ENSG00000159069",0.0022474016325571
"ENSG00000133639",0.00224662547787487
"ENSG00000162191",0.0022454296710862
"ENSG00000086730",0.00224126001227064
"ENSG00000266094",0.00222885404506262
"ENSG00000164919",0.00222833709536853
"ENSG00000138674",0.0022216847896956
"ENSG00000117676",0.00221903282302519
"ENSG00000134539",0.00221695794991834
"ENSG00000114127",0.00221505825147802
"ENSG00000104131",0.00221326241651224
"ENSG00000101336",0.0022094136940335
"ENSG00000198168",0.00220623557065186
"ENSG00000099624",0.0022023070133118
"ENSG00000167895",0.00220098957226064
"ENSG00000184203",0.00219733958519793
"ENSG00000099817",0.00218804242028977
"ENSG00000147684",0.00218479331057275
"ENSG00000185627",0.00218340676203165
"ENSG00000025708",0.00218251944927354
"ENSG00000113643",0.00217783582975994
"ENSG00000099860",0.0021758542398087
"ENSG00000147162",0.00217477863312322
"ENSG00000160410",0.00217377182818849
"ENSG00000100138",0.00217263589396289
"ENSG00000067167",0.00216567975848684
"ENSG00000137161",0.00216531869197063
"ENSG00000155368",0.00216353998252306
"ENSG00000090487",0.00216076047013978
"ENSG00000111716",0.00215923451141989
"ENSG00000118418",0.00215906831814562
"ENSG00000213983",0.00215654303955741
"ENSG00000115355",0.00215033288855042
"ENSG00000116478",0.00214936697393683
"ENSG00000115128",0.00214637242571019
"ENSG00000089693",0.00214613899249045
"ENSG00000181817",0.00214248505403889
"ENSG00000137776",0.00214194897020758
"ENSG00000105568",0.00213955048621766
"ENSG00000075292",0.00213160472266598
"ENSG00000204264",0.00212819584499076
"ENSG00000166888",0.00212632240919499
"ENSG00000142657",0.00212528125437831
"ENSG00000042493",0.00212462571115861
"ENSG00000179144",0.00212421935242373
"ENSG00000113269",0.00211484521091249
"ENSG00000169429",0.00211373323623632
"ENSG00000153827",0.00211293814212923
"ENSG00000132002",0.00210799393079975
"ENSG00000167815",0.00210590849717295
"ENSG00000174953",0.00209916025112624
"ENSG00000189091",0.0020979494249103
"ENSG00000174891",0.00209319958518347
"ENSG00000028137",0.00208996754876971
"ENSG00000023892",0.00208889517102286
"ENSG00000130638",0.00208753018855381
"ENSG00000099246",0.00208728699189485
"ENSG00000198730",0.00208598838551641
"ENSG00000118508",0.00208118715070601
"ENSG00000125148",0.00208106339919712
"ENSG00000116584",0.00207815367853432
"ENSG00000107099",0.00207695349406725
"ENSG00000138085",0.00207387379289611
"ENSG00000071553",0.00206903159869818
"ENSG00000081189",0.00206863802829524
"ENSG00000055609",0.0020685138615024
"ENSG00000173020",0.00206820714087023
"ENSG00000178449",0.00206120885632382
"ENSG00000106348",0.00205481891937531
"ENSG00000072501",0.00205231200356594
"ENSG00000153187",0.00205060757701776
"ENSG00000185787",0.00204948347144289
"ENSG00000151893",0.00204744685525625
"ENSG00000182179",0.00204647030767878
"ENSG00000158985",0.0020455377453132
"ENSG00000144746",0.00204488712548065
"ENSG00000087266",0.00204199711862381
"ENSG00000255302",0.00203838649056527
"ENSG00000153064",0.00203825320595378
"ENSG00000135486",0.00203810361695052
"ENSG00000101160",0.00203651699329992
"ENSG00000166501",0.00203549920177506
"ENSG00000134996",0.00202778354768998
"ENSG00000102007",0.0020274777985184
"ENSG00000107968",0.00202643363385562
"ENSG00000135218",0.00202461816102086
"ENSG00000153317",0.00202244558876838
"ENSG00000093010",0.00202048996424047
"ENSG00000087460",0.00202026344954961
"ENSG00000221978",0.00201924608609334
"ENSG00000169583",0.00201551274175954
"ENSG00000102316",0.00201234515237828
"ENSG00000112081",0.00201195663057505
"ENSG00000182004",0.00201100502436208
"ENSG00000168090",0.00200984872121849
"ENSG00000149932",0.00200362312498707
"ENSG00000136810",0.00200073888892427
"ENSG00000185404",0.00199939818865259
"ENSG00000261371",0.00199812773648548
"ENSG00000125107",0.00199609191638166
"ENSG00000090013",0.0019939607203515
"ENSG00000157916",0.00199288917619693
"ENSG00000116580",0.00199273210236526
"ENSG00000169508",0.00199116200763337
"ENSG00000162910",0.00198935981199827
"ENSG00000155508",0.00198523246740884
"ENSG00000091317",0.00198381112063023
"ENSG00000150776",0.00197767269831134
"ENSG00000069493",0.00197439931422752
"ENSG00000119616",0.00197430664560204
"ENSG00000089280",0.00196961273711618
"ENSG00000078140",0.00196866602645421
"ENSG00000100060",0.00196310678112592
"ENSG00000163902",0.0019631047800233
"ENSG00000167996",0.00195965417827478
"ENSG00000162654",0.00195895024026987
"ENSG00000104529",0.00195622501510881
"ENSG00000174917",0.00195535068593406
"ENSG00000127314",0.00194659084777087
"ENSG00000185650",0.00194107044606574
"ENSG00000132589",0.00194002268735535
"ENSG00000153551",0.00193614221756398
"ENSG00000128245",0.00193506793515937
"ENSG00000029363",0.00193315220566557
"ENSG00000103769",0.00193111828123323
"ENSG00000233276",0.00192990528668561
"ENSG00000135926",0.00192922454231352
"ENSG00000134186",0.00192415706095714
"ENSG00000172428",0.00192150904486957
"ENSG00000140299",0.00191874184617361
"ENSG00000113369",0.00191395225146533
"ENSG00000090266",0.00191180500443811
"ENSG00000005059",0.00191101368657404
"ENSG00000165525",0.00190809276121203
"ENSG00000168310",0.00190671227392832
"ENSG00000110880",0.00190545147062903
"ENSG00000241553",0.00190378203641326
"ENSG00000184840",0.00190027002612181
"ENSG00000166797",0.00190002525533022
"ENSG00000140455",0.00189979294631148
"ENSG00000198604",0.00189861311495332
"ENSG00000101162",0.00189842378888865
"ENSG00000115310",0.00189770691219455
"ENSG00000088448",0.00189683055468342
"ENSG00000136450",0.00189534073161151
"ENSG00000108946",0.00189149652042141
"ENSG00000125734",0.00188938712164903
"ENSG00000110717",0.00188935405201831
"ENSG00000182934",0.00188691639757164
"ENSG00000163563",0.00188641480442235
"ENSG00000124570",0.00188634587660128
"ENSG00000162368",0.00188608289746306
"ENSG00000078674",0.00188427450072695
"ENSG00000081154",0.00188254074445965
"ENSG00000074842",0.00188028636669426
"ENSG00000166340",0.00187994888653897
"ENSG00000235162",0.0018773529643107
"ENSG00000026508",0.00187625747073205
"ENSG00000146278",0.00187107781500244
"ENSG00000239713",0.0018710069801486
"ENSG00000135604",0.00186852787407639
"ENSG00000072849",0.00186842605944641
"ENSG00000197323",0.00186346371200193
"ENSG00000123636",0.00186073250503309
"ENSG00000180739",0.00186052097338069
"ENSG00000009307",0.00185763840019998
"ENSG00000105223",0.00185494856664026
"ENSG00000073614",0.00185440107481145
"ENSG00000196352",0.0018526787635691
"ENSG00000103994",0.0018523546475554
"ENSG00000149311",0.0018495389265758
"ENSG00000105171",0.00184504241684505
"ENSG00000196954",0.0018429812333394
"ENSG00000013364",0.00183843033150869
"ENSG00000170540",0.00182958394205027
"ENSG00000117592",0.00182607290007687
"ENSG00000111912",0.00182576835585208
"ENSG00000061273",0.00182316969164745
"ENSG00000109861",0.00181924407083091
"ENSG00000114126",0.00181923810515528
"ENSG00000198818",0.00181850590991164
"ENSG00000128951",0.00181096550342413
"ENSG00000170348",0.00180568115834775
"ENSG00000135624",0.00180300249358337
"ENSG00000116171",0.00179894234964749
"ENSG00000157540",0.00179815006033425
"ENSG00000129235",0.00179692006270322
"ENSG00000082068",0.00179657356291698
"ENSG00000138592",0.00179304425826563
"ENSG00000008294",0.00178953248906361
"ENSG00000117748",0.0017872024181984
"ENSG00000068697",0.00178654824616961
"ENSG00000157020",0.00178582405559852
"ENSG00000125835",0.0017848368643663
"ENSG00000116030",0.00178350524852138
"ENSG00000165916",0.0017796295636253
"ENSG00000080822",0.0017774734579855
"ENSG00000101596",0.00177417283416995
"ENSG00000135837",0.00176994930312111
"ENSG00000169919",0.0017696607243748
"ENSG00000187840",0.0017695388897565
"ENSG00000254999",0.00176623900820077
"ENSG00000126088",0.00176454277731986
"ENSG00000106003",0.00176436591724847
"ENSG00000130826",0.00176387201741235
"ENSG00000135390",0.00176310426809925
"ENSG00000148737",0.0017585502618801
"ENSG00000160932",0.00175497114705879
"ENSG00000185359",0.00175299996815773
"ENSG00000188177",0.00175127191956405
"ENSG00000153563",0.00175051652133388
"ENSG00000111644",0.00174933108404987
"ENSG00000087074",0.00174681352762311
"ENSG00000221869",0.00174485791129427
"ENSG00000176101",0.00174392096099051
"ENSG00000167286",0.00173853574397124
"ENSG00000068028",0.00173620171848766
"ENSG00000143799",0.00173487725365719
"ENSG00000128463",0.00173442966651458
"ENSG00000131626",0.00173356185003663
"ENSG00000023191",0.00173255484742074
"ENSG00000066322",0.00172898315410789
"ENSG00000137845",0.00172713320867262
"ENSG00000100201",0.00172579622843284
"ENSG00000104388",0.00172301081533182
"ENSG00000179335",0.00172273762008984
"ENSG00000099785",0.00172155860315704
"ENSG00000161011",0.00172092261994097
"ENSG00000168137",0.00171492022239349
"ENSG00000138029",0.00171465160310538
"ENSG00000129355",0.00171372260438779
"ENSG00000168374",0.00171225529374137
"ENSG00000144802",0.00171097947773388
"ENSG00000119013",0.00171057510596007
"ENSG00000138378",0.00171039436532415
"ENSG00000119335",0.00170851729972136
"ENSG00000158517",0.00170752146067181
"ENSG00000168461",0.00170629174547089
"ENSG00000105402",0.00170566474204868
"ENSG00000167851",0.00170520658435331
"ENSG00000116679",0.00170310959079908
"ENSG00000122359",0.00170118378950486
"ENSG00000131116",0.00170085770671414
"ENSG00000103479",0.00170081030630512
"ENSG00000114978",0.0016982436596163
"ENSG00000087088",0.00169772643136585
"ENSG00000115652",0.00169635935000852
"ENSG00000104814",0.00169577311205593
"ENSG00000105968",0.00169443890348694
"ENSG00000171700",0.00169262120928085
"ENSG00000140990",0.00169007917734364
"ENSG00000100225",0.00168771832873263
"ENSG00000113851",0.00168526788852282
"ENSG00000057608",0.00168417811298831
"ENSG00000127947",0.00168303297749509
"ENSG00000165233",0.00168161955797009
"ENSG00000125995",0.00168139051675837
"ENSG00000115216",0.001680313970535
"ENSG00000137100",0.00167806014817904
"ENSG00000124226",0.00167717366292401
"ENSG00000131446",0.00167434190608266
"ENSG00000131408",0.0016712907897412
"ENSG00000163479",0.00167121015691494
"ENSG00000145216",0.00166797126686585
"ENSG00000169976",0.00166479776934989
"ENSG00000064012",0.00166437570334329
"ENSG00000106605",0.00166374399258063
"ENSG00000128815",0.00166346973393095
"ENSG00000085662",0.0016605967034792
"ENSG00000168421",0.00166041260765989
"ENSG00000150753",0.00166000219959224
"ENSG00000216937",0.00165989559211975
"ENSG00000205581",0.00165899600319376
"ENSG00000100982",0.00165852001475263
"ENSG00000105401",0.00165777562744172
"ENSG00000175899",0.00165695314467923
"ENSG00000032219",0.00165421809255615
"ENSG00000187051",0.00165174778865973
"ENSG00000142599",0.00165109934216399
"ENSG00000168175",0.00164976846293969
"ENSG00000196199",0.00164820958203993
"ENSG00000105701",0.00164742630210429
"ENSG00000167792",0.001645245940743
"ENSG00000140374",0.00164316497779843
"ENSG00000121064",0.00163939606454455
"ENSG00000014641",0.00163873872522015
"ENSG00000125354",0.00163763581627477
"ENSG00000115053",0.0016339180859247
"ENSG00000165775",0.00163319865402968
"ENSG00000155506",0.00163248045668417
"ENSG00000103365",0.00163111801827797
"ENSG00000118363",0.00163099599443157
"ENSG00000186298",0.00162840182859994
"ENSG00000115204",0.00162826027886065
"ENSG00000106609",0.00162803034177099
"ENSG00000131876",0.00162778279368905
"ENSG00000084070",0.0016166394423906
"ENSG00000160213",0.00161640644537628
"ENSG00000104886",0.00161600855761917
"ENSG00000163636",0.001613607117413
"ENSG00000145247",0.00161341008125476
"ENSG00000060971",0.00161317349463512
"ENSG00000007255",0.00161232404863694
"ENSG00000185324",0.00160596840613914
"ENSG00000198408",0.00160489649869731
"ENSG00000043462",0.00160451550425154
"ENSG00000108021",0.00160430053781999
"ENSG00000147274",0.00160385640951472
"ENSG00000100764",0.00160334450888136
"ENSG00000116161",0.00160263288844689
"ENSG00000175309",0.00159941364358206
"ENSG00000213445",0.00159931413997072
"ENSG00000089127",0.00159701238620706
"ENSG00000169554",0.00159669890022224
"ENSG00000169057",0.00159616934165895
"ENSG00000147324",0.00159575747005428
"ENSG00000170989",0.00159416880803616
"ENSG00000165527",0.00158984942918368
"ENSG00000135018",0.00158864147640994
"ENSG00000167522",0.00158550999924077
"ENSG00000125753",0.00158479656628034
"ENSG00000074370",0.00158397495186976
"ENSG00000059378",0.00158334477827154
"ENSG00000108671",0.00158149445406133
"ENSG00000158864",0.00158020078307037
"ENSG00000092929",0.00157557319827164
"ENSG00000100387",0.00157271470271511
"ENSG00000198830",0.00157214975867311
"ENSG00000157379",0.00157089291124167
"ENSG00000188313",0.00157048408935652
"ENSG00000130332",0.00156982265157082
"ENSG00000012822",0.00156769435672165
"ENSG00000135698",0.00156642983031321
"ENSG00000100348",0.0015663953363856
"ENSG00000143162",0.00156514573209929
"ENSG00000140612",0.0015649733403785
"ENSG00000113648",0.00156492278709265
"ENSG00000115590",0.00156344719342308
"ENSG00000229833",0.00156095073464021
"ENSG00000138964",0.00155971220001596
"ENSG00000182952",0.00155737185412132
"ENSG00000126777",0.00155705351055846
"ENSG00000068079",0.00155212327053888
"ENSG00000137193",0.00154918318619046
"ENSG00000141959",0.00154825472818523
"ENSG00000117448",0.00154671054524824
"ENSG00000144161",0.00154588373083837
"ENSG00000105677",0.00154271931611026
"ENSG00000164190",0.001542681902991
"ENSG00000125304",0.00154128368445578
"ENSG00000145425",0.00153737559230618
"ENSG00000198740",0.00153731195540497
"ENSG00000111275",0.00153534810460728
"ENSG00000171604",0.00153133231489422
"ENSG00000163660",0.00152915852760236
"ENSG00000131051",0.0015291166868158
"ENSG00000148690",0.00152707991773363
"ENSG00000198160",0.00152594535709604
"ENSG00000130522",0.00152556400422907
"ENSG00000157741",0.00152441919814795
"ENSG00000120910",0.00152372353761945
"ENSG00000106066",0.0015230255072932
"ENSG00000133313",0.0015228979865187
"ENSG00000079263",0.00152268307720449
"ENSG00000134440",0.00152186794242038
"ENSG00000177879",0.00152047783793774
"ENSG00000166012",0.00152033209988639
"ENSG00000148248",0.00152032562700375
"ENSG00000168653",0.00151895461817671
"ENSG00000168397",0.00151584514554458
"ENSG00000161911",0.00151551052871783
"ENSG00000149269",0.00151476651043494
"ENSG00000078596",0.00151417296557062
"ENSG00000197540",0.00151394652372423
"ENSG00000117450",0.00151358301896579
"ENSG00000109321",0.00151161838840982
"ENSG00000121552",0.00151161046962461
"ENSG00000035403",0.00151112076733622
"ENSG00000104859",0.00151057531464503
"ENSG00000084090",0.00150896024375822
"ENSG00000168028",0.00150785787924942
"ENSG00000170638",0.00150767328617441
"ENSG00000067064",0.0015075883158105
"ENSG00000118564",0.0015042916875472
"ENSG00000115350",0.00150285547800189
"ENSG00000127951",0.00150224280499204
"ENSG00000090273",0.00150220536614489
"ENSG00000188994",0.00150105823751197
"ENSG00000198146",0.0014999183471884
"ENSG00000107560",0.00149697754132939
"ENSG00000139278",0.00149496273947034
"ENSG00000134905",0.00149495290844443
"ENSG00000178685",0.00149281940281903
"ENSG00000165671",0.00149106773439295
"ENSG00000176340",0.00149066313401063
"ENSG00000185651",0.00149065684343162
"ENSG00000134001",0.00148922114838722
"ENSG00000168066",0.00148818382745701
"ENSG00000049860",0.00148818017183809
"ENSG00000108883",0.00148806504831898
"ENSG00000167272",0.00148731781409745
"ENSG00000082701",0.00148719802640205
"ENSG00000068831",0.00148517879797913
"ENSG00000167645",0.00148439012636876
"ENSG00000127054",0.0014811670112175
"ENSG00000114861",0.00147817316294216
"ENSG00000145833",0.00147528343651323
"ENSG00000125445",0.00147481035791449
"ENSG00000104823",0.00147379226484353
"ENSG00000168906",0.00147360742156712
"ENSG00000127022",0.0014735660460962
"ENSG00000156675",0.00147325852707366
"ENSG00000172116",0.00147229416082973
"ENSG00000145675",0.00147149292142984
"ENSG00000197622",0.00147115797112099
"ENSG00000113328",0.00147111559714148
"ENSG00000132823",0.00147008174374208
"ENSG00000197343",0.00146997891452614
"ENSG00000149182",0.00146843337082032
"ENSG00000168961",0.00146802601099775
"ENSG00000164024",0.00146679714343708
"ENSG00000101367",0.00146443396053744
"ENSG00000123689",0.00146342384791717
"ENSG00000178057",0.00146087700982169
"ENSG00000152404",0.00146081166829977
"ENSG00000120265",0.00146048094896877
"ENSG00000175193",0.0014603218032237
"ENSG00000085514",0.00145934389298001
"ENSG00000106948",0.00145867933197526
"ENSG00000174695",0.00145803874179454
"ENSG00000175756",0.00145382570136398
"ENSG00000156265",0.00145215211834261
"ENSG00000188042",0.00145171124760384
"ENSG00000164985",0.00145117231455892
"ENSG00000185475",0.00145009730973754
"ENSG00000214078",0.0014490870859465
"ENSG00000170275",0.00144814781960736
"ENSG00000170248",0.00144785130238082
"ENSG00000133398",0.00144632840374865
"ENSG00000136754",0.00144623259088703
"ENSG00000132376",0.00144474954383687
"ENSG00000005961",0.00144313161813525
"ENSG00000180817",0.00144311340239896
"ENSG00000124299",0.00144234626102661
"ENSG00000147123",0.00144228199651628
"ENSG00000175463",0.00144199731724866
"ENSG00000004534",0.00143963982903581
"ENSG00000100351",0.0014376776982167
"ENSG00000100220",0.00143556690687789
"ENSG00000076944",0.00143451530712373
"ENSG00000086061",0.00143392994611406
"ENSG00000132635",0.00143330511836689
"ENSG00000130303",0.00143305130237448
"ENSG00000198055",0.00143243453647862
"ENSG00000163947",0.00143155733749923
"ENSG00000107798",0.00142979180121501
"ENSG00000244509",0.00142935854237843
"ENSG00000105993",0.0014286741933654
"ENSG00000138069",0.00142700380880397
"ENSG00000143977",0.00142451016153232
"ENSG00000138433",0.00142393567543585
"ENSG00000118900",0.0014235229200193
"ENSG00000185811",0.00142316167231273
"ENSG00000168010",0.0014230349062254
"ENSG00000079246",0.0014215676241671
"ENSG00000014216",0.00142093470153638
"ENSG00000136051",0.00142082312234635
"ENSG00000007520",0.00141910668092076
"ENSG00000166974",0.00141559011569601
"ENSG00000123609",0.00141474401402605
"ENSG00000002549",0.0014138975980517
"ENSG00000160883",0.00141156792731435
"ENSG00000087302",0.00141098139789494
"ENSG00000126945",0.00141046832383665
"ENSG00000095303",0.00141025941661844
"ENSG00000112149",0.00140971566775928
"ENSG00000161526",0.00140813407555551
"ENSG00000101421",0.00140780727260671
"ENSG00000164754",0.00140569964111424
"ENSG00000102898",0.0013972892529945
"ENSG00000105176",0.00139617114469548
"ENSG00000067955",0.00139508661311417
"ENSG00000140391",0.00139429915472247
"ENSG00000205250",0.00139337054627764
"ENSG00000173120",0.00139281204708264
"ENSG00000086232",0.0013904695340922
"ENSG00000159322",0.00138947765058733
"ENSG00000169764",0.0013888203792785
"ENSG00000110057",0.00138831383848785
"ENSG00000179526",0.0013876472272817
"ENSG00000103266",0.00138561107025865
"ENSG00000170873",0.00138379407455188
"ENSG00000153250",0.00138238568884875
"ENSG00000167552",0.00138210086202599
"ENSG00000114626",0.00138175268518232
"ENSG00000156471",0.00138148932255666
"ENSG00000175602",0.001380336997379
"ENSG00000135930",0.00138003528809862
"ENSG00000143183",0.00137795752733176
"ENSG00000125457",0.00137769861114544
"ENSG00000175550",0.00137769244673845
"ENSG00000100721",0.00137742028882252
"ENSG00000164062",0.00137719691022867
"ENSG00000105185",0.00137689229240888
"ENSG00000184897",0.00137621220004827
"ENSG00000153283",0.00137508656799941
"ENSG00000125676",0.00137486510078154
"ENSG00000169704",0.00137485784554035
"ENSG00000141232",0.00137292212245143
"ENSG00000141562",0.00137173915267786
"ENSG00000102054",0.00137073220574112
"ENSG00000129292",0.00137031448214682
"ENSG00000120913",0.00136964108873677
"ENSG00000175634",0.00136934559641686
"ENSG00000179950",0.00136752703279274
"ENSG00000178951",0.00136699019711241
"ENSG00000136448",0.00136649777443245
"ENSG00000118816",0.00136577913146729
"ENSG00000185946",0.00136513371185435
"ENSG00000087365",0.00136387045976234
"ENSG00000129824",0.00136033330225184
"ENSG00000113558",0.0013597894101242
"ENSG00000124731",0.00135883589982148
"ENSG00000196843",0.00135758186650869
"ENSG00000173193",0.00135701223379968
"ENSG00000034713",0.00135631846550691
"ENSG00000124380",0.00135570935212693
"ENSG00000156515",0.0013556577025723
"ENSG00000184602",0.0013543708002427
"ENSG00000155465",0.00135365722457833
"ENSG00000156171",0.00135357178721805
"ENSG00000186469",0.00135296106010029
"ENSG00000105726",0.00135183837669323
"ENSG00000089902",0.00134992504075713
"ENSG00000136270",0.00134959115227162
"ENSG00000136807",0.00134878272005507
"ENSG00000177963",0.00134622212786811
"ENSG00000115828",0.00134305054583965
"ENSG00000112531",0.00134300066600598
"ENSG00000126581",0.00134257785482219
"ENSG00000168172",0.00134092648675969
"ENSG00000174780",0.00134055021360693
"ENSG00000178982",0.00133976057366556
"ENSG00000107223",0.0013385532098001
"ENSG00000168394",0.00133830929601932
"ENSG00000106829",0.00133675508373529
"ENSG00000198900",0.00133385076506577
"ENSG00000111361",0.00133145189401159
"ENSG00000171159",0.00133135936077632
"ENSG00000144848",0.0013275321012711
"ENSG00000145494",0.00132705014120172
"ENSG00000162736",0.00132669708782536
"ENSG00000124659",0.00132590175273403
"ENSG00000100354",0.00132302346896041
"ENSG00000130830",0.00132208618184298
"ENSG00000071994",0.00132029666690947
"ENSG00000105438",0.00131816345397113
"ENSG00000100697",0.00131809664295961
"ENSG00000107438",0.001317736292379
"ENSG00000124783",0.00131571371793408
"ENSG00000171867",0.00131542742090244
"ENSG00000112514",0.00131517311964144
"ENSG00000111481",0.00131504522690512
"ENSG00000151883",0.00131412242015298
"ENSG00000185088",0.00131225185004112
"ENSG00000115271",0.00131099028252732
"ENSG00000128340",0.00130993068989123
"ENSG00000106635",0.00130860200428298
"ENSG00000132780",0.00130818006878655
"ENSG00000135404",0.00130803231086236
"ENSG00000148908",0.00130698178861736
"ENSG00000120738",0.00130418210939839
"ENSG00000005486",0.0013039023675754
"ENSG00000163635",0.00130229703329797
"ENSG00000088833",0.00130108260332583
"ENSG00000075884",0.00130018328097074
"ENSG00000136813",0.00129836723766387
"ENSG00000130520",0.00129789679343591
"ENSG00000198498",0.00129681925964313
"ENSG00000182511",0.00129642082580556
"ENSG00000065548",0.00129558513811228
"ENSG00000167461",0.00129495785474275
"ENSG00000198887",0.00129444286854967
"ENSG00000113811",0.0012923312589245
"ENSG00000276045",0.00128919422345136
"ENSG00000083457",0.00128705198207132
"ENSG00000125952",0.00128622566350855
"ENSG00000087274",0.00128511723165819
"ENSG00000204843",0.00128407949419678
"ENSG00000178913",0.0012813774545608
"ENSG00000172057",0.00128119762686415
"ENSG00000161642",0.00128068725435181
"ENSG00000086666",0.00127998785097631
"ENSG00000125384",0.00127950438787466
"ENSG00000156030",0.0012792305897962
"ENSG00000134153",0.00127750637242027
"ENSG00000100991",0.00127538436263121
"ENSG00000109854",0.00127514327065384
"ENSG00000058262",0.00127506657414159
"ENSG00000167491",0.00127310131629053
"ENSG00000198736",0.00127274316242355
"ENSG00000198258",0.00127158072920421
"ENSG00000215788",0.00127153686992511
"ENSG00000163516",0.00127095287232365
"ENSG00000166136",0.00127050013924396
"ENSG00000126524",0.00126974054163167
"ENSG00000107317",0.00126884322195743
"ENSG00000174744",0.00126881521315159
"ENSG00000163932",0.00126835254711921
"ENSG00000134516",0.00126597896771159
"ENSG00000136286",0.00126455522104346
"ENSG00000068903",0.00126442750861153
"ENSG00000070010",0.00126303353266217
"ENSG00000013725",0.00126263617457289
"ENSG00000143537",0.00126256620160479
"ENSG00000131966",0.0012614186066884
"ENSG00000131467",0.00125928355078966
"ENSG00000197070",0.00125893184031711
"ENSG00000138744",0.00125769977651557
"ENSG00000122033",0.00125730202864337
"ENSG00000086504",0.00125700704765286
"ENSG00000127837",0.00125690979123434
"ENSG00000142765",0.00125539311394024
"ENSG00000156738",0.00125531707069595
"ENSG00000125656",0.001253888008466
"ENSG00000165025",0.00125375418813785
"ENSG00000141526",0.00125299174651189
"ENSG00000154310",0.00125113889358444
"ENSG00000031698",0.0012509880875252
"ENSG00000164105",0.0012504432308096
"ENSG00000197629",0.001250376949647
"ENSG00000162976",0.00124954003374364
"ENSG00000160209",0.00124855554441164
"ENSG00000142230",0.00124778701419771
"ENSG00000104894",0.00124731339742178
"ENSG00000183978",0.00124630835566021
"ENSG00000141905",0.0012457451714323
"ENSG00000108219",0.00124373414807295
"ENSG00000184584",0.00124290948714836
"ENSG00000214253",0.00124154298833106
"ENSG00000081320",0.00124058278095021
"ENSG00000033867",0.00123918422116623
"ENSG00000204257",0.00123863999855684
"ENSG00000124155",0.00123762410717834
"ENSG00000106245",0.00123497607087831
"ENSG00000108064",0.00123493499088719
"ENSG00000091140",0.00123491949921011
"ENSG00000179085",0.00123475916506511
"ENSG00000115944",0.00123399336514721
"ENSG00000159199",0.00123396517912874
"ENSG00000163848",0.0012335946822184
"ENSG00000114956",0.00123351079435824
"ENSG00000105197",0.00123243765378685
"ENSG00000136250",0.00123214726908201
"ENSG00000173692",0.00123131044012051
"ENSG00000125037",0.00123127918399537
"ENSG00000100241",0.00123087102253843
"ENSG00000105669",0.00122931949257593
"ENSG00000054148",0.00122909902252914
"ENSG00000163807",0.0012283675862088
"ENSG00000129968",0.00122622052872818
"ENSG00000113391",0.00122600676526924
"ENSG00000156299",0.00122513128792297
"ENSG00000165516",0.00122486490689695
"ENSG00000136560",0.00122451036001249
"ENSG00000165280",0.00122362361462008
"ENSG00000121691",0.0012223577559308
"ENSG00000112146",0.00122197606176096
"ENSG00000127445",0.00121774276337841
"ENSG00000163382",0.00121771349271215
"ENSG00000084623",0.0012160920910604
"ENSG00000170043",0.00121526719135402
"ENSG00000137207",0.00121506439992525
"ENSG00000163840",0.00121380895779298
"ENSG00000187778",0.00121364188788577
"ENSG00000198771",0.00121359482172392
"ENSG00000123200",0.00121304309868451
"ENSG00000050130",0.00121294621683369
"ENSG00000132466",0.00121267603972984
"ENSG00000167863",0.00121254484837459
"ENSG00000171720",0.00121177016534775
"ENSG00000168918",0.00121115468892275
"ENSG00000138758",0.00120862973965986
"ENSG00000108798",0.00120855010931206
"ENSG00000005893",0.00120762551446004
"ENSG00000115806",0.00120751066967147
"ENSG00000012779",0.00120342465564714
"ENSG00000141551",0.00120164044077904
"ENSG00000004779",0.00120145017065031
"ENSG00000140931",0.00120013007485233
"ENSG00000145725",0.00119911261194981
"ENSG00000013306",0.00119856551728658
"ENSG00000101972",0.00119818017440593
"ENSG00000172663",0.00119805086288257
"ENSG00000064115",0.00119684008238269
"ENSG00000164081",0.00119546939458973
"ENSG00000179262",0.00119509708376241
"ENSG00000108528",0.00119455874394584
"ENSG00000134285",0.001194406742848
"ENSG00000125450",0.00119347365912346
"ENSG00000122565",0.00119233761668687
"ENSG00000101856",0.00119179808982036
"ENSG00000138795",0.00119118637030228
"ENSG00000275302",0.00118919002791437
"ENSG00000168488",0.00118878540888493
"ENSG00000083312",0.00118785715548774
"ENSG00000104852",0.00118734631802797
"ENSG00000198000",0.0011860193669278
"ENSG00000161057",0.00118296758026279
"ENSG00000171791",0.00118250698839408
"ENSG00000136718",0.00118245669492478
"ENSG00000173230",0.00118222869911908
"ENSG00000168003",0.00118221574101095
"ENSG00000120992",0.00118115153130434
"ENSG00000100380",0.00118045071457868
"ENSG00000108344",0.00117974556595355
"ENSG00000156232",0.00117772579515054
"ENSG00000145495",0.00117703322028894
"ENSG00000204842",0.00117545248400949
"ENSG00000076928",0.00117537442993218
"ENSG00000139193",0.00117533820973748
"ENSG00000183617",0.00117526905505471
"ENSG00000160888",0.00117524256126581
"ENSG00000213523",0.00117489574619292
"ENSG00000140474",0.00117427355976979
"ENSG00000115286",0.00117398335974717
"ENSG00000111666",0.00117290087291262
"ENSG00000021355",0.00117156839707176
"ENSG00000036448",0.00117134548036967
"ENSG00000111897",0.00116934936113147
"ENSG00000168876",0.00116658490650552
"ENSG00000168497",0.00116580791355004
"ENSG00000137959",0.00116575313354986
"ENSG00000077254",0.00116469179982229
"ENSG00000144028",0.00116125701292276
"ENSG00000155307",0.00116040288153083
"ENSG00000159377",0.00116017155358308
"ENSG00000100092",0.00115951073996733
"ENSG00000165637",0.00115688361742694
"ENSG00000135365",0.00115611986486828
"ENSG00000151726",0.00115433576647515
"ENSG00000114062",0.00115387849474139
"ENSG00000157978",0.00115111254786135
"ENSG00000148399",0.00115088069896717
"ENSG00000136280",0.00115035963287314
"ENSG00000054116",0.00115007755779857
"ENSG00000128626",0.00114923932030889
"ENSG00000103381",0.00114685963973651
"ENSG00000138600",0.00114667276127986
"ENSG00000108622",0.00114530424144797
"ENSG00000137409",0.00114497027287678
"ENSG00000156261",0.00114295736347934
"ENSG00000091039",0.001141412875224
"ENSG00000163875",0.00114133939646869
"ENSG00000135090",0.0011413282488959
"ENSG00000145907",0.00114114641070361
"ENSG00000178381",0.00114065964092013
"ENSG00000143753",0.00114047724005875
"ENSG00000198574",0.00113922306110402
"ENSG00000155660",0.00113866188127821
"ENSG00000164691",0.00113863247721583
"ENSG00000123338",0.00113627600969623
"ENSG00000123066",0.0011347730382532
"ENSG00000147457",0.00113415834201337
"ENSG00000135506",0.00113313607636859
"ENSG00000141543",0.0011329496144828
"ENSG00000090581",0.00113219645398808
"ENSG00000136908",0.00112875957041788
"ENSG00000173418",0.00112853700635336
"ENSG00000082996",0.00112842717800821
"ENSG00000087191",0.00112824553854753
"ENSG00000198382",0.00112714625026801
"ENSG00000100644",0.0011271422275491
"ENSG00000130165",0.00112653657353481
"ENSG00000028277",0.00112646667498243
"ENSG00000067533",0.00112635671201503
"ENSG00000137076",0.00112584204805612
"ENSG00000127884",0.00112568418995866
"ENSG00000132471",0.00112491960426628
"ENSG00000135185",0.00112399500246914
"ENSG00000127838",0.0011236279773712
"ENSG00000153914",0.00112309474262323
"ENSG00000105220",0.00112179321625676
"ENSG00000125633",0.00112042747137643
"ENSG00000148180",0.00112005598916585
"ENSG00000168288",0.00111980931704235
"ENSG00000165264",0.00111940652005113
"ENSG00000123144",0.00111939673246852
"ENSG00000158716",0.00111809852172812
"ENSG00000088205",0.00111802158673083
"ENSG00000171310",0.00111727288337077
"ENSG00000178252",0.00111710820988576
"ENSG00000146066",0.00111593475672401
"ENSG00000082805",0.00111562853103113
"ENSG00000163602",0.00111543882872783
"ENSG00000185896",0.00111540211768341
"ENSG00000175895",0.00111472246099712
"ENSG00000008130",0.00111469250410703
"ENSG00000136717",0.00111386333248512
"ENSG00000204574",0.00111271558447664
"ENSG00000114125",0.00111170598871904
"ENSG00000162444",0.00111035862099842
"ENSG00000198612",0.00110957502519782
"ENSG00000220205",0.00110770408680091
"ENSG00000116815",0.00110741746823683
"ENSG00000163950",0.00110658273125851
"ENSG00000278828",0.00110578070062606
"ENSG00000126353",0.00110536400901647
"ENSG00000147416",0.00110416451518559
"ENSG00000122644",0.00110304707809555
"ENSG00000084072",0.00110244057713244
"ENSG00000158201",0.00110220595632851
"ENSG00000136710",0.00110201654908363
"ENSG00000136861",0.00110185562734862
"ENSG00000168958",0.00110171110846135
"ENSG00000139626",0.00110046233756189
"ENSG00000072135",0.00109887151331316
"ENSG00000134882",0.00109780759590207
"ENSG00000123472",0.00109700695404507
"ENSG00000130770",0.00109635517040661
"ENSG00000198856",0.00109553400547414
"ENSG00000122223",0.00109526995702622
"ENSG00000035681",0.0010951847366196
"ENSG00000169249",0.0010934827803857
"ENSG00000110711",0.0010932264447262
"ENSG00000134597",0.00109205425604034
"ENSG00000263465",0.00109160742685276
"ENSG00000107862",0.00109017432148287
"ENSG00000103005",0.00108883544446625
"ENSG00000147677",0.00108773461362605
"ENSG00000155629",0.00108742598431649
"ENSG00000110011",0.00108717624450354
"ENSG00000103653",0.00108674523657932
"ENSG00000137770",0.00108649779129896
"ENSG00000003756",0.00108636309397798
"ENSG00000088986",0.00108626414665461
"ENSG00000169021",0.00108216184137256
"ENSG00000186635",0.00107966016232907
"ENSG00000141293",0.00107960096675369
"ENSG00000163468",0.0010783165348093
"ENSG00000169032",0.00107784308990313
"ENSG00000007080",0.00107679824443484
"ENSG00000143106",0.00107655570796719
"ENSG00000198783",0.00107611602543083
"ENSG00000136819",0.00107603361563657
"ENSG00000145569",0.00107548012268696
"ENSG00000182578",0.00107431557921942
"ENSG00000170584",0.00107380838290015
"ENSG00000173113",0.00107370579391023
"ENSG00000160710",0.00107329000391949
"ENSG00000169139",0.0010718196951102
"ENSG00000147471",0.00107163076992862
"ENSG00000145390",0.00107105880574024
"ENSG00000224877",0.00107071470328747
"ENSG00000116752",0.00107017690669636
"ENSG00000023902",0.00106944149599112
"ENSG00000164758",0.00106901429749113
"ENSG00000229474",0.00106818945142411
"ENSG00000165283",0.00106767323098255
"ENSG00000163513",0.00106470607410886
"ENSG00000166128",0.00106444403711191
"ENSG00000133816",0.00106359331985498
"ENSG00000109736",0.00106199249448085
"ENSG00000140853",0.00106150595687176
"ENSG00000117632",0.0010602929060517
"ENSG00000095906",0.00106017023845672
"ENSG00000198356",0.00105948231734469
"ENSG00000055044",0.0010580765033381
"ENSG00000205744",0.00105674433104398
"ENSG00000078403",0.00105617622585399
"ENSG00000107874",0.00105530127878183
"ENSG00000127419",0.00105501844666136
"ENSG00000154832",0.00105488108856597
"ENSG00000136758",0.00105282543795859
"ENSG00000179933",0.00105157641504048
"ENSG00000142327",0.00105112642360463
"ENSG00000148290",0.00104940021377227
"ENSG00000180992",0.0010484933054839
"ENSG00000100284",0.00104780022329036
"ENSG00000130726",0.00104775239094144
"ENSG00000136930",0.00104690618290128
"ENSG00000114388",0.00104640934755325
"ENSG00000004455",0.00104472248039054
"ENSG00000115694",0.00104468677720009
"ENSG00000140995",0.00104465081947001
"ENSG00000078304",0.00104460780287054
"ENSG00000152601",0.00104280480968159
"ENSG00000149761",0.00104270112956419
"ENSG00000130254",0.00104187522748583
"ENSG00000094916",0.00104154886584701
"ENSG00000197324",0.00104111366168046
"ENSG00000028528",0.0010406100113116
"ENSG00000077044",0.00103913208852385
"ENSG00000145088",0.00103898807123286
"ENSG00000158417",0.00103785318035959
"ENSG00000156873",0.00103743962220052
"ENSG00000139636",0.00103709879251978
"ENSG00000198625",0.00103642855743146
"ENSG00000120868",0.00103553257475068
"ENSG00000005194",0.00103542619006588
"ENSG00000198673",0.00103513319465888
"ENSG00000197329",0.0010350513851274
"ENSG00000140497",0.00103421224362722
"ENSG00000147548",0.00103222205517444
"ENSG00000141741",0.00103176276418552
"ENSG00000167699",0.00103154073527967
"ENSG00000135749",0.00103127709526739
"ENSG00000139620",0.00103060529372499
"ENSG00000175387",0.00102993223978491
"ENSG00000116670",0.00102943791957888
"ENSG00000004142",0.00102929645414561
"ENSG00000198951",0.00102913494720409
"ENSG00000167261",0.00102889527390487
"ENSG00000132819",0.00102742176724394
"ENSG00000187713",0.00102698477523526
"ENSG00000130414",0.00102618469533653
"ENSG00000105063",0.00102608782400004
"ENSG00000119541",0.00102558561113023
"ENSG00000126457",0.00102521746028221
"ENSG00000175416",0.00102515851249406
"ENSG00000146729",0.00102456086997295
"ENSG00000198492",0.0010242992837422
"ENSG00000123091",0.00102404485521952
"ENSG00000100079",0.00102366824538705
"ENSG00000181555",0.00102304501693672
"ENSG00000110958",0.00102301535455595
"ENSG00000148175",0.00102264476547065
"ENSG00000143612",0.00102260502662226
"ENSG00000065518",0.00102210772339585
"ENSG00000125844",0.00102190600539609
"ENSG00000163320",0.00102125553551702
"ENSG00000244754",0.00102117110706588
"ENSG00000107672",0.00101960121789899
"ENSG00000183011",0.0010190491443216
"ENSG00000100297",0.00101884257296204
"ENSG00000143870",0.00101722109395537
"ENSG00000137210",0.00101654438448962
"ENSG00000140395",0.00101588032962708
"ENSG00000151465",0.00101508777801195
"ENSG00000144224",0.00101479021093974
"ENSG00000070081",0.00101459885103001
"ENSG00000134294",0.00101314565465496
"ENSG00000125538",0.00101136136833225
"ENSG00000179912",0.00101079161694832
"ENSG00000155115",0.00101069753224633
"ENSG00000164221",0.00101046075208066
"ENSG00000105122",0.00101035333617326
"ENSG00000138073",0.00100939326892901
"ENSG00000114098",0.00100869031392054
"ENSG00000081791",0.00100815252734966
"ENSG00000010244",0.00100748339119158
"ENSG00000103496",0.00100683576741877
"ENSG00000143418",0.00100662160623008
"ENSG00000198821",0.0010049540606011
"ENSG00000149600",0.00100460481168001
"ENSG00000172172",0.00100421672514369
"ENSG00000079805",0.00100381079242971
"ENSG00000157191",0.00100361277218899
"ENSG00000178105",0.0010035059368222
"ENSG00000132383",0.00100332871991695
"ENSG00000067334",0.0010028354398026
"ENSG00000065154",0.00100231706319959
"ENSG00000171522",0.00100146103910315
"ENSG00000123416",0.00100138650993649
"ENSG00000150045",0.0010012542119414
"ENSG00000127920",0.00100113231728069
"ENSG00000136950",0.00100029649585796
"ENSG00000081870",0.00100015298812181
"ENSG00000137312",0.00100008423913316
"ENSG00000119684",0.000998980773234841
"ENSG00000157557",0.000998204091372075
"ENSG00000141506",0.000997967926223989
"ENSG00000065809",0.000996697870363614
"ENSG00000122643",0.000996149839754082
"ENSG00000099622",0.0009960433521847
"ENSG00000163162",0.000995514823752493
"ENSG00000015676",0.000995438728394473
"ENSG00000197586",0.000994191758127281
"ENSG00000008282",0.000994181473729216
"ENSG00000123992",0.000993762273449459
"ENSG00000134758",0.000992813036109824
"ENSG00000133318",0.000992629947519227
"ENSG00000158552",0.000992430073994133
"ENSG00000163466",0.000991832950562156
"ENSG00000182173",0.000991774565849083
"ENSG00000140471",0.000991064062069828
"ENSG00000070814",0.000990708249813564
"ENSG00000099991",0.000988585197238539
"ENSG00000125910",0.000988339902683703
"ENSG00000158195",0.00098806483778646
"ENSG00000074319",0.000987190753734797
"ENSG00000115758",0.00098716339081428
"ENSG00000106263",0.000986910213677108
"ENSG00000162600",0.000986459542449832
"ENSG00000114784",0.000985691526645599
"ENSG00000272886",0.000984785939489484
"ENSG00000124357",0.000983777165287323
"ENSG00000162739",0.00098296586578724
"ENSG00000221914",0.000982398327281735
"ENSG00000137547",0.000980472065545683
"ENSG00000143368",0.000980153477436428
"ENSG00000145819",0.00097867656834535
"ENSG00000102760",0.000978675420859082
"ENSG00000114395",0.000977705119048341
"ENSG00000099901",0.000976756402311799
"ENSG00000164944",0.000975453151819065
"ENSG00000137642",0.000975092230206514
"ENSG00000065615",0.000974956174061456
"ENSG00000041357",0.000974385752804355
"ENSG00000163156",0.000973004478160028
"ENSG00000122218",0.000972922524925397
"ENSG00000168291",0.000972911650896135
"ENSG00000106355",0.000972626655299346
"ENSG00000124767",0.000970522929462201
"ENSG00000159176",0.000970500346731771
"ENSG00000115649",0.000969316644808185
"ENSG00000038219",0.000969278279463071
"ENSG00000160570",0.000969075197484202
"ENSG00000159111",0.000967989517778543
"ENSG00000170266",0.000967230822508383
"ENSG00000151651",0.000966760665483596
"ENSG00000060688",0.00096546547346191
"ENSG00000211460",0.000965158340994723
"ENSG00000148672",0.000964892047013723
"ENSG00000114738",0.00096459231289609
"ENSG00000102871",0.000964442160490525
"ENSG00000165929",0.000963159644473423
"ENSG00000072506",0.000962464242685372
"ENSG00000078902",0.000960569787502712
"ENSG00000177119",0.000960373203415407
"ENSG00000169239",0.000958703620127131
"ENSG00000004897",0.000958658458100997
"ENSG00000048828",0.000956983577494522
"ENSG00000141556",0.000956940727123743
"ENSG00000143815",0.000956748888956196
"ENSG00000196975",0.000956338526068802
"ENSG00000071462",0.000955417075395101
"ENSG00000196684",0.000954012204839065
"ENSG00000089327",0.00095377436957727
"ENSG00000111653",0.000952985855944386
"ENSG00000197976",0.00095290046941908
"ENSG00000124181",0.000952801457668825
"ENSG00000164828",0.000952141243862345
"ENSG00000137462",0.000951876578444553
"ENSG00000143393",0.00095186801123927
"ENSG00000108679",0.00095178225119937
"ENSG00000171311",0.000951646112459939
"ENSG00000116586",0.000951327194833899
"ENSG00000165819",0.000949732693519276
"ENSG00000082515",0.000948809186432767
"ENSG00000146731",0.0009487581796066
"ENSG00000130985",0.000948488027048268
"ENSG00000169062",0.000948137588806612
"ENSG00000265354",0.000947584776766558
"ENSG00000143337",0.000946804598211402
"ENSG00000166669",0.000944512374953348
"ENSG00000180628",0.000943837181667094
"ENSG00000113384",0.000942855378629053
"ENSG00000168724",0.000941328238113788
"ENSG00000175348",0.000940953388146682
"ENSG00000109103",0.000940457676238298
"ENSG00000009844",0.000939955434241088
"ENSG00000154229",0.000939665942760841
"ENSG00000170881",0.000939469407229082
"ENSG00000109046",0.000939164055386733
"ENSG00000101940",0.000938535387709772
"ENSG00000105205",0.000938530267663259
"ENSG00000172890",0.000938445428003872
"ENSG00000103024",0.000934768836582302
"ENSG00000159592",0.000934640930913563
"ENSG00000100030",0.000934543203825676
"ENSG00000110047",0.000933501037049981
"ENSG00000075234",0.000933305460368231
"ENSG00000070610",0.000932841188062253
"ENSG00000135148",0.000932774051563263
"ENSG00000168884",0.000932763196616256
"ENSG00000158669",0.000928094304858522
"ENSG00000214026",0.000927148570860944
"ENSG00000196950",0.000927129775812909
"ENSG00000067829",0.000926400131067551
"ENSG00000100321",0.000926174129978293
"ENSG00000023318",0.000924463246121745
"ENSG00000163866",0.000924433339198725
"ENSG00000102901",0.000924098836668908
"ENSG00000138107",0.000923505931018129
"ENSG00000107262",0.000923276478479769
"ENSG00000106615",0.000922723499271012
"ENSG00000077549",0.000921987920458982
"ENSG00000136830",0.000921451555669398
"ENSG00000130731",0.000920464850200592
"ENSG00000059728",0.000920353948209987
"ENSG00000147905",0.000920262551926648
"ENSG00000129518",0.000919464290604522
"ENSG00000137106",0.000919023601135007
"ENSG00000120694",0.000918847222014394
"ENSG00000113407",0.000918456600897558
"ENSG00000116701",0.000918273063377138
"ENSG00000135932",0.000918016579324211
"ENSG00000167085",0.000917654512177851
"ENSG00000132432",0.000917449117290804
"ENSG00000049618",0.00091623682275186
"ENSG00000136997",0.000915402489706331
"ENSG00000108039",0.000915362258936202
"ENSG00000197217",0.000914810952876561
"ENSG00000034152",0.00091431218935718
"ENSG00000121579",0.000914284657153523
"ENSG00000181789",0.000912674533670233
"ENSG00000111906",0.00091262510930811
"ENSG00000127125",0.000912622679853707
"ENSG00000072958",0.000912591521651852
"ENSG00000126067",0.00091236705767325
"ENSG00000126870",0.000912196144264402
"ENSG00000100528",0.00091195664783999
"ENSG00000144744",0.000911729151619394
"ENSG00000197321",0.000911204898372397
"ENSG00000104872",0.000911153609431547
"ENSG00000007264",0.000910825483220463
"ENSG00000105926",0.000910051736949777
"ENSG00000067900",0.000909704623772056
"ENSG00000182162",0.00090960403939531
"ENSG00000175489",0.000909379913922252
"ENSG00000141759",0.00090880370042075
"ENSG00000124733",0.000908596960646896
"ENSG00000141994",0.000908521623299374
"ENSG00000214706",0.000908348870973157
"ENSG00000136436",0.000908072329356979
"ENSG00000135723",0.000907824007821935
"ENSG00000125826",0.00090780167249939
"ENSG00000123562",0.000905038740827144
"ENSG00000131508",0.000904706266009843
"ENSG00000160613",0.000904701277438043
"ENSG00000111642",0.000904692088522465
"ENSG00000121022",0.00090434746525845
"ENSG00000169826",0.000903701045678436
"ENSG00000101361",0.000903481480355283
"ENSG00000100596",0.000902876705209444
"ENSG00000127337",0.000901643863194999
"ENSG00000077420",0.000901230238252602
"ENSG00000101391",0.000899729136323978
"ENSG00000147454",0.000899274072494604
"ENSG00000178980",0.000898829596197123
"ENSG00000147894",0.00089866284985206
"ENSG00000128185",0.000898658991148328
"ENSG00000077150",0.000898625037259853
"ENSG00000204406",0.000897188606750742
"ENSG00000166181",0.000897143987380803
"ENSG00000162384",0.000896254907679791
"ENSG00000068745",0.000894138622273748
"ENSG00000138777",0.000894072685221155
"ENSG00000171055",0.000893046785399552
"ENSG00000023734",0.000892493104220548
"ENSG00000135049",0.000892081086093669
"ENSG00000161204",0.000892032003592205
"ENSG00000176915",0.000891943837187843
"ENSG00000147872",0.000890752751354606
"ENSG00000106400",0.000890046434706934
"ENSG00000143553",0.000889927513776493
"ENSG00000172590",0.00088917337772152
"ENSG00000080189",0.000889132904215533
"ENSG00000196704",0.000888708142104047
"ENSG00000071859",0.000887758938295329
"ENSG00000163719",0.000886779750545801
"ENSG00000172794",0.000886266052608619
"ENSG00000177575",0.000884915053651939
"ENSG00000136238",0.000884358598096551
"ENSG00000167797",0.000884139352883285
"ENSG00000134910",0.000884133178928676
"ENSG00000112110",0.000883015778504249
"ENSG00000163946",0.000882844374285548
"ENSG00000124588",0.000882211279246861
"ENSG00000137504",0.000881023047146339
"ENSG00000196792",0.000880852369456184
"ENSG00000082153",0.000880852268184904
"ENSG00000105887",0.000880684126545244
"ENSG00000162889",0.000880239100496693
"ENSG00000143252",0.00087959908462633
"ENSG00000213145",0.000879216343798036
"ENSG00000129103",0.000879076007504966
"ENSG00000168101",0.00087861932709163
"ENSG00000168259",0.000878538666120304
"ENSG00000186432",0.000877994508033521
"ENSG00000177556",0.000877587168057584
"ENSG00000183431",0.000877311062852542
"ENSG00000168883",0.000877170536780067
"ENSG00000181523",0.000877033143455085
"ENSG00000159339",0.000876682081214897
"ENSG00000197766",0.000874507748126251
"ENSG00000100243",0.000873517408151776
"ENSG00000167077",0.000872239962013965
"ENSG00000106591",0.000871377713003837
"ENSG00000105058",0.000871035924047749
"ENSG00000106244",0.000870592815628082
"ENSG00000102226",0.000870021401561421
"ENSG00000179218",0.000869819822109825
"ENSG00000180304",0.000869687508182999
"ENSG00000136111",0.000868807675213223
"ENSG00000134697",0.000868752915109262
"ENSG00000166902",0.000868696232330022
"ENSG00000057252",0.000868498897609171
"ENSG00000204272",0.000866845409475174
"ENSG00000101109",0.000866526461544238
"ENSG00000013374",0.000865097110759652
"ENSG00000163714",0.000864995012511132
"ENSG00000105700",0.00086494470141863
"ENSG00000128789",0.000863945018753225
"ENSG00000265241",0.000863399104017795
"ENSG00000113360",0.000863345632336924
"ENSG00000141522",0.00086325243876499
"ENSG00000160752",0.000862776826340718
"ENSG00000132824",0.000862734158467885
"ENSG00000101084",0.000861739797447382
"ENSG00000141030",0.000861517161280525
"ENSG00000248333",0.000861139083285421
"ENSG00000173846",0.00086111950939034
"ENSG00000116001",0.000860746337397584
"ENSG00000122958",0.000860619377188005
"ENSG00000186283",0.000860207695693913
"ENSG00000118482",0.000859486383628229
"ENSG00000137876",0.000859059313557988
"ENSG00000214756",0.00085892533814095
"ENSG00000181381",0.00085819775715562
"ENSG00000169220",0.000857464230732086
"ENSG00000146457",0.000857356136285097
"ENSG00000078061",0.000856991141270533
"ENSG00000147955",0.000856143704702331
"ENSG00000136271",0.000855970262896778
"ENSG00000078369",0.000855517437368421
"ENSG00000109390",0.000855277806823576
"ENSG00000085117",0.000855236871971822
"ENSG00000108523",0.000855013296207817
"ENSG00000135334",0.000853358486332192
"ENSG00000154144",0.000853250537249852
"ENSG00000102103",0.000853235670857619
"ENSG00000275066",0.000852896084296899
"ENSG00000149823",0.000852562220232663
"ENSG00000111144",0.000851924796959737
"ENSG00000100216",0.000851713547535474
"ENSG00000145741",0.000851581845240081
"ENSG00000151500",0.0008515175445842
"ENSG00000143420",0.000851339995896745
"ENSG00000225921",0.000851104629068933
"ENSG00000136444",0.00085096040264784
"ENSG00000120899",0.000850179011225582
"ENSG00000100412",0.000849993712310293
"ENSG00000111843",0.00084976146781844
"ENSG00000138593",0.000849690309569752
"ENSG00000177989",0.000849246254849205
"ENSG00000185262",0.000849195269792652
"ENSG00000184007",0.000849107313098143
"ENSG00000158019",0.000847734851530965
"ENSG00000137710",0.000846718398044033
"ENSG00000241058",0.000846371678408237
"ENSG00000180964",0.000846038190097253
"ENSG00000102096",0.000845501472835201
"ENSG00000132463",0.000845296832144014
"ENSG00000148308",0.000845293191059502
"ENSG00000103035",0.000844862962706141
"ENSG00000104679",0.000844850022189735
"ENSG00000135720",0.000844433150963329
"ENSG00000117640",0.000844424215279706
"ENSG00000055130",0.000844157464070013
"ENSG00000155463",0.000842659029633695
"ENSG00000213639",0.000842488907578144
"ENSG00000166579",0.000841581325814198
"ENSG00000161921",0.000840782361517781
"ENSG00000117139",0.000840263313801991
"ENSG00000166887",0.000840195129717585
"ENSG00000111371",0.000839901736839931
"ENSG00000143436",0.000839629524221726
"ENSG00000158941",0.000839250233222722
"ENSG00000198833",0.000838786544023353
"ENSG00000138629",0.000838344563540609
"ENSG00000115816",0.00083669220055374
"ENSG00000141458",0.000835676416888618
"ENSG00000007312",0.000835572228910056
"ENSG00000169738",0.000834891330231701
"ENSG00000160446",0.000834700636402746
"ENSG00000205544",0.000834681102069693
"ENSG00000162961",0.000834415015209351
"ENSG00000160796",0.00083370211540345
"ENSG00000170571",0.00083212826890958
"ENSG00000188229",0.000832044946263726
"ENSG00000103507",0.00083170572154482
"ENSG00000177971",0.000830980752886153
"ENSG00000186470",0.000830145395855506
"ENSG00000136240",0.000829887836833651
"ENSG00000163754",0.000829309320539135
"ENSG00000010270",0.000829046303194567
"ENSG00000131475",0.000827777383208095
"ENSG00000160087",0.000827688002097297
"ENSG00000103018",0.000827552134990348
"ENSG00000163444",0.000827356628847588
"ENSG00000125352",0.000827168500236696
"ENSG00000188529",0.000827137973263528
"ENSG00000159128",0.000826646486189588
"ENSG00000167642",0.000825994010388418
"ENSG00000163219",0.000825947793857787
"ENSG00000114013",0.000825932548225652
"ENSG00000055483",0.000825238855046884
"ENSG00000109606",0.00082505853110364
"ENSG00000134107",0.000823784977979835
"ENSG00000102524",0.000823251693925186
"ENSG00000173545",0.000822880983932131
"ENSG00000166562",0.000822696072338669
"ENSG00000156136",0.00082260328786335
"ENSG00000166595",0.000822314908843449
"ENSG00000149212",0.000821855001189782
"ENSG00000124831",0.000821071355111022
"ENSG00000164308",0.00082048416791872
"ENSG00000123505",0.000819900030149582
"ENSG00000119929",0.000819511471802183
"ENSG00000185608",0.000819394686099018
"ENSG00000196235",0.000819372047839647
"ENSG00000160255",0.000819176720860138
"ENSG00000081237",0.000818173956112966
"ENSG00000167965",0.000817920832803748
"ENSG00000170633",0.000817903155228599
"ENSG00000053371",0.000817752623217866
"ENSG00000125772",0.00081740007041569
"ENSG00000213339",0.000815786595242565
"ENSG00000130749",0.000815080069248644
"ENSG00000165688",0.000814972891558188
"ENSG00000242485",0.000814783407226749
"ENSG00000128604",0.000814389956435812
"ENSG00000170473",0.000813061983963711
"ENSG00000104267",0.000811047325827068
"ENSG00000016864",0.000811021264251404
"ENSG00000176209",0.000811004143384244
"ENSG00000101040",0.000810850651849224
"ENSG00000171735",0.000810541038218877
"ENSG00000165732",0.000810446383356147
"ENSG00000139921",0.0008102899459812
"ENSG00000129187",0.000809829822501031
"ENSG00000139437",0.000809567818023804
"ENSG00000138663",0.0008093924896908
"ENSG00000126768",0.000808090297906958
"ENSG00000088298",0.000807803589676983
"ENSG00000172500",0.00080763123294654
"ENSG00000064726",0.000807108400744025
"ENSG00000166847",0.00080707833548474
"ENSG00000158604",0.000806233545083565
"ENSG00000101310",0.000805101925664229
"ENSG00000136827",0.000804913123344711
"ENSG00000164751",0.000804507500238037
"ENSG00000165630",0.000804014247849283
"ENSG00000164543",0.000803301859406248
"ENSG00000155229",0.00080327537740688
"ENSG00000170035",0.000802362845109217
"ENSG00000129003",0.000802286372774062
"ENSG00000110448",0.000801966010957635
"ENSG00000140650",0.000801643325031882
"ENSG00000120860",0.000801314463625533
"ENSG00000108179",0.000800980622686401
"ENSG00000184983",0.000800921670892311
"ENSG00000130312",0.000800856440295167
"ENSG00000120686",0.000800657504348898
"ENSG00000131652",0.000800343449320643
"ENSG00000013275",0.000799850284782977
"ENSG00000140740",0.000799486933158407
"ENSG00000122299",0.000799440021423562
"ENSG00000109220",0.000799372065741796
"ENSG00000126934",0.000799120267875185
"ENSG00000160551",0.000798235541253216
"ENSG00000065613",0.000798230622689775
"ENSG00000115685",0.000798045549259275
"ENSG00000100142",0.000797989619886749
"ENSG00000140983",0.000797529255883216
"ENSG00000165898",0.000797085510510038
"ENSG00000164096",0.000796336362870907
"ENSG00000072736",0.000795954618313363
"ENSG00000167508",0.000795694693448896
"ENSG00000104517",0.000795247048011256
"ENSG00000116521",0.000794888492676304
"ENSG00000253729",0.00079480957683858
"ENSG00000116691",0.000794402614677347
"ENSG00000062485",0.000794249995323704
"ENSG00000113712",0.00079422443666411
"ENSG00000011304",0.000793619467942097
"ENSG00000154518",0.000792917434770612
"ENSG00000168118",0.000791499197350946
"ENSG00000067208",0.000790844496634866
"ENSG00000158457",0.00079025174890916
"ENSG00000078808",0.000789952268966903
"ENSG00000174485",0.000789702257699859
"ENSG00000128708",0.00078941139905055
"ENSG00000133316",0.000788500173323127
"ENSG00000147535",0.000787578321667016
"ENSG00000100897",0.000787571520853199
"ENSG00000083799",0.00078718162964014
"ENSG00000132661",0.000787101440170433
"ENSG00000205758",0.000785965462906831
"ENSG00000117984",0.000785020004610508
"ENSG00000145912",0.000784511525901875
"ENSG00000168438",0.000783651311345584
"ENSG00000183207",0.000783155645380311
"ENSG00000174021",0.000782330126267763
"ENSG00000105355",0.000782113322799839
"ENSG00000196998",0.000781993760480451
"ENSG00000105819",0.000781872779696705
"ENSG00000125870",0.000781776032148372
"ENSG00000088832",0.000781097917542757
"ENSG00000072401",0.000781067276608073
"ENSG00000086300",0.000780935235047176
"ENSG00000110665",0.000779308287900798
"ENSG00000114446",0.000778333170440638
"ENSG00000130511",0.000777860044342453
"ENSG00000198937",0.000777615891347605
"ENSG00000168234",0.000777520423322077
"ENSG00000171314",0.000777289096970189
"ENSG00000138382",0.00077724911087489
"ENSG00000105705",0.000776967451690953
"ENSG00000198646",0.000776965441611234
"ENSG00000119688",0.000776946359124649
"ENSG00000205336",0.000776257809620483
"ENSG00000168522",0.000776028149897657
"ENSG00000105383",0.000775362291218021
"ENSG00000015133",0.000774116388452131
"ENSG00000108774",0.000773631840364732
"ENSG00000100567",0.000773291274906343
"ENSG00000179094",0.000772674397511968
"ENSG00000124333",0.000771680012468264
"ENSG00000166619",0.000771523402483917
"ENSG00000121680",0.000771079019826994
"ENSG00000074582",0.000770280657664989
"ENSG00000169180",0.000769951539711349
"ENSG00000172845",0.000769643731334242
"ENSG00000115520",0.000769516570374301
"ENSG00000162144",0.000769495500260969
"ENSG00000140379",0.000769388525279638
"ENSG00000124228",0.000768875427277189
"ENSG00000069998",0.0007687933379036
"ENSG00000063854",0.000768753761718189
"ENSG00000092108",0.000767853017317856
"ENSG00000130640",0.000766848069292672
"ENSG00000163166",0.000766092061349715
"ENSG00000205045",0.000766047459999239
"ENSG00000169896",0.000765300306066294
"ENSG00000120705",0.000765089291039502
"ENSG00000129055",0.000764893562037323
"ENSG00000110697",0.000764345541444244
"ENSG00000063978",0.000763491436947394
"ENSG00000165813",0.000763405976916724
"ENSG00000166825",0.00076278861341498
"ENSG00000164187",0.00076222181499356
"ENSG00000198301",0.000760684840054034
"ENSG00000168286",0.000760561994348308
"ENSG00000081041",0.000759656331117535
"ENSG00000037474",0.000758968136273015
"ENSG00000197111",0.000758912295556835
"ENSG00000198520",0.000757316022038282
"ENSG00000022277",0.000757034143735075
"ENSG00000168439",0.00075696152259939
"ENSG00000169895",0.00075671220901947
"ENSG00000169019",0.00075649610832427
"ENSG00000091640",0.000754810085503559
"ENSG00000090372",0.000754706931045444
"ENSG00000015153",0.000754555207044384
"ENSG00000198586",0.00075392607170096
"ENSG00000196781",0.000753401317010499
"ENSG00000120733",0.000753355451031569
"ENSG00000157538",0.000753214946897359
"ENSG00000141682",0.000752967555100122
"ENSG00000108468",0.000752916771831262
"ENSG00000186010",0.000752657903485251
"ENSG00000164897",0.000752037108951392
"ENSG00000164896",0.000751856733449931
"ENSG00000198162",0.000751414740474215
"ENSG00000106554",0.00075113577467481
"ENSG00000126214",0.000750017337982266
"ENSG00000100365",0.000749923801903544
"ENSG00000181038",0.000749273533561059
"ENSG00000160688",0.000748573288211138
"ENSG00000131748",0.000747464789392661
"ENSG00000181061",0.000747313407685814
"ENSG00000139684",0.00074682296663395
"ENSG00000153443",0.000746716595015782
"ENSG00000104907",0.000745864946589666
"ENSG00000022267",0.000745146115677349
"ENSG00000160404",0.000745007155117249
"ENSG00000147439",0.000744787413566488
"ENSG00000197771",0.000743192465610998
"ENSG00000103415",0.000742369072771593
"ENSG00000234545",0.000740657283481771
"ENSG00000067596",0.00074017041211997
"ENSG00000116824",0.000740039244484237
"ENSG00000134330",0.000739846624761762
"ENSG00000164054",0.000739539794464683
"ENSG00000170852",0.000739093835514913
"ENSG00000006744",0.000739093478403948
"ENSG00000136986",0.000738365597304644
"ENSG00000105856",0.000737988785012628
"ENSG00000164329",0.000737856459138794
"ENSG00000022840",0.000737401173276031
"ENSG00000186577",0.00073726287628788
"ENSG00000103254",0.000737018359467209
"ENSG00000155849",0.000736745690514363
"ENSG00000155876",0.00073669891899205
"ENSG00000152795",0.000736499534806515
"ENSG00000108010",0.00073600123460506
"ENSG00000117691",0.000735861361908327
"ENSG00000164151",0.000735809121679075
"ENSG00000135124",0.000735397714584436
"ENSG00000126883",0.000734817839131144
"ENSG00000105643",0.000734309658020513
"ENSG00000177426",0.000732884400963472
"ENSG00000124275",0.000732440774520078
"ENSG00000160741",0.000731461666071691
"ENSG00000161638",0.00073136672811617
"ENSG00000126790",0.00073110749233599
"ENSG00000117228",0.000730922684509252
"ENSG00000060762",0.000730832481567128
"ENSG00000064490",0.000730296616934674
"ENSG00000243317",0.000729079599600389
"ENSG00000012061",0.000729056048160279
"ENSG00000149743",0.000728904705071628
"ENSG00000167470",0.000728383969193038
"ENSG00000123405",0.000728246996094206
"ENSG00000169567",0.000727947455289563
"ENSG00000068400",0.000727506913617435
"ENSG00000127540",0.000726351866582612
"ENSG00000170445",0.000726299299315729
"ENSG00000113163",0.000725284746774949
"ENSG00000100632",0.000724877195960237
"ENSG00000157045",0.000724743599497862
"ENSG00000134291",0.000724537147121704
"ENSG00000101220",0.000724114812445496
"ENSG00000143226",0.000723474324628952
"ENSG00000169813",0.000723470927084476
"ENSG00000229117",0.00072279972332108
"ENSG00000025293",0.000722431631403111
"ENSG00000112701",0.000722322454980852
"ENSG00000089159",0.000722316485353024
"ENSG00000127616",0.000721495943232534
"ENSG00000174574",0.000721487372504045
"ENSG00000186184",0.000720628510483795
"ENSG00000104765",0.000720368156411576
"ENSG00000135999",0.000720128665188922
"ENSG00000114686",0.000720016968558492
"ENSG00000081059",0.000719612335814332
"ENSG00000125743",0.000719555208889132
"ENSG00000124256",0.000719423417318496
"ENSG00000149792",0.000718887272206417
"ENSG00000122068",0.000718702969202696
"ENSG00000155957",0.000718140770906091
"ENSG00000100568",0.00071740819027854
"ENSG00000165949",0.000716829837759661
"ENSG00000145781",0.000716597456727603
"ENSG00000197045",0.000716376102519291
"ENSG00000117906",0.000716333399644097
"ENSG00000172005",0.000716228343223438
"ENSG00000129197",0.000716061701812009
"ENSG00000127152",0.000715958471415643
"ENSG00000160908",0.000715392893661911
"ENSG00000069974",0.000715117383766414
"ENSG00000141698",0.000714836588287133
"ENSG00000169871",0.000714423021741741
"ENSG00000017797",0.000714041809164919
"ENSG00000141452",0.000713882925510504
"ENSG00000167315",0.000712052049686394
"ENSG00000183255",0.000711372389309464
"ENSG00000203879",0.00071046693116628
"ENSG00000119866",0.000710239489773975
"ENSG00000103275",0.000710102236814111
"ENSG00000136021",0.000710076633096143
"ENSG00000178607",0.000710035898347627
"ENSG00000072042",0.000709890065352575
"ENSG00000007944",0.000709844539289184
"ENSG00000105369",0.000709785948847407
"ENSG00000137101",0.000709217914108663
"ENSG00000197226",0.000709085636910343
"ENSG00000144118",0.000708982136679994
"ENSG00000104325",0.000708268676346005
"ENSG00000123130",0.000707750504697683
"ENSG00000175197",0.00070763185128681
"ENSG00000138449",0.000707482498652042
"ENSG00000137441",0.000707430448210791
"ENSG00000127603",0.000707200379380014
"ENSG00000171148",0.000707120903281217
"ENSG00000175582",0.000706772434077873
"ENSG00000136213",0.000706614174912318
"ENSG00000149357",0.000706528141094737
"ENSG00000133106",0.000706184614799596
"ENSG00000133943",0.000705986914139437
"ENSG00000132581",0.000705909943455415
"ENSG00000125520",0.000705788398980395
"ENSG00000163874",0.000705437216699934
"ENSG00000173163",0.000705311396348665
"ENSG00000243147",0.000704943888140348
"ENSG00000110031",0.000703995849816377
"ENSG00000196182",0.000703899355796562
"ENSG00000146386",0.000703705578263642
"ENSG00000164902",0.000703444450815623
"ENSG00000062598",0.000703344977871143
"ENSG00000185989",0.000703290023590452
"ENSG00000174720",0.000703125452240896
"ENSG00000196628",0.000702850062587904
"ENSG00000120656",0.000702477489077821
"ENSG00000068308",0.000702142372352351
"ENSG00000168298",0.000701826210660598
"ENSG00000196072",0.000701677865822985
"ENSG00000122705",0.000701660824644605
"ENSG00000101146",0.000701259434186283
"ENSG00000146833",0.000700774318796753
"ENSG00000103550",0.000700749522186964
"ENSG00000077454",0.000700699612956479
"ENSG00000134375",0.000700628385245886
"ENSG00000133961",0.000700036076941544
"ENSG00000150779",0.000699855322236549
"ENSG00000126453",0.000699838066886515
"ENSG00000116337",0.000699671573814105
"ENSG00000067066",0.000699604304209702
"ENSG00000095370",0.000699240155902213
"ENSG00000164941",0.000698809512846751
"ENSG00000175265",0.000698644217324297
"ENSG00000115275",0.000698125266319168
"ENSG00000198791",0.000697925053159281
"ENSG00000122224",0.000697923319704808
"ENSG00000107077",0.000697829454712059
"ENSG00000111652",0.000697800330624813
"ENSG00000106399",0.000697731518385497
"ENSG00000087111",0.00069753196230379
"ENSG00000174547",0.000696017866175571
"ENSG00000100416",0.000695878669914526
"ENSG00000129128",0.000695448891478954
"ENSG00000125611",0.000695244971452499
"ENSG00000131013",0.00069517412112478
"ENSG00000161542",0.000695081988121272
"ENSG00000177981",0.000694867986298424
"ENSG00000198832",0.000694359466948521
"ENSG00000133835",0.000693299598956138
"ENSG00000113240",0.000693259125541202
"ENSG00000187531",0.000692594268688794
"ENSG00000196396",0.000691871073824431
"ENSG00000142192",0.000690692336011495
"ENSG00000114021",0.000690663736890563
"ENSG00000125944",0.000690517861570111
"ENSG00000230989",0.000690440985357547
"ENSG00000176393",0.000690350141547822
"ENSG00000163527",0.00069004730747655
"ENSG00000184575",0.00068986903713254
"ENSG00000136877",0.000689620356072857
"ENSG00000100997",0.000689349488790095
"ENSG00000010610",0.000688459566954247
"ENSG00000115839",0.000688128294759537
"ENSG00000135655",0.000688066496480378
"ENSG00000151502",0.000687569862486996
"ENSG00000029725",0.000687528673956004
"ENSG00000143198",0.000687150822534435
"ENSG00000186407",0.000687030827939501
"ENSG00000159348",0.000687024868211222
"ENSG00000132388",0.000686899686968947
"ENSG00000147813",0.000686765158768183
"ENSG00000143384",0.000686399154602502
"ENSG00000182446",0.000685793392811394
"ENSG00000103249",0.000684778655868621
"ENSG00000119953",0.00068470193833514
"ENSG00000100299",0.000684683616650484
"ENSG00000090316",0.00068382884562168
"ENSG00000165609",0.000683497862621825
"ENSG00000143149",0.000683490649375037
"ENSG00000160633",0.000683167336167895
"ENSG00000138688",0.000682283847687546
"ENSG00000106443",0.000682086951794361
"ENSG00000166002",0.000681953502930729
"ENSG00000169692",0.000680772198024303
"ENSG00000109270",0.000680770065537173
"ENSG00000105339",0.000680624499871724
"ENSG00000103121",0.000680294127767445
"ENSG00000120533",0.000679820116467397
"ENSG00000189266",0.000679632302846197
"ENSG00000185507",0.000678827813464363
"ENSG00000162623",0.000678170130344876
"ENSG00000117281",0.000678065444159147
"ENSG00000100564",0.000677774609004364
"ENSG00000143294",0.000677582599006607
"ENSG00000136152",0.000677425096627199
"ENSG00000131828",0.000676895861247525
"ENSG00000100938",0.000676586083495531
"ENSG00000104979",0.000676413157975552
"ENSG00000134900",0.000675820305144088
"ENSG00000072609",0.000675654326293293
"ENSG00000175203",0.000675553288019495
"ENSG00000116221",0.000675451204515487
"ENSG00000165071",0.000674764327195602
"ENSG00000166971",0.000674562816575285
"ENSG00000140749",0.000674424689683907
"ENSG00000078618",0.00067394290135911
"ENSG00000144048",0.000673624912075442
"ENSG00000196839",0.000673543164456109
"ENSG00000119596",0.000673498156468627
"ENSG00000188690",0.000673438844389932
"ENSG00000123131",0.000673054663596478
"ENSG00000100603",0.000672148931786352
"ENSG00000140157",0.000672084985660875
"ENSG00000113068",0.000671278135660389
"ENSG00000125755",0.000670423302837623
"ENSG00000101654",0.000670113978597379
"ENSG00000134371",0.000669795045533878
"ENSG00000076662",0.000669762250352664
"ENSG00000143851",0.000669563573474402
"ENSG00000023041",0.000669046906111686
"ENSG00000132185",0.000668996295501322
"ENSG00000131042",0.000668648743634686
"ENSG00000164808",0.000668289127735339
"ENSG00000005844",0.000668249664830999
"ENSG00000119777",0.000667732458459229
"ENSG00000133884",0.000667315343790337
"ENSG00000115541",0.000667102634371096
"ENSG00000141295",0.000666560715709569
"ENSG00000028839",0.0006661930322894
"ENSG00000100532",0.00066566984149041
"ENSG00000134242",0.000665646312124891
"ENSG00000124575",0.00066523310682305
"ENSG00000134686",0.00066433279482514
"ENSG00000165209",0.00066400067716211
"ENSG00000149547",0.000663080678746474
"ENSG00000102699",0.000662375359599139
"ENSG00000108799",0.000662239325950952
"ENSG00000126756",0.000662165105741089
"ENSG00000104921",0.000662118892005744
"ENSG00000114023",0.000661173654996891
"ENSG00000092140",0.000660001564513157
"ENSG00000090104",0.000659955998300749
"ENSG00000023697",0.000659804464227708
"ENSG00000115419",0.000659690940128025
"ENSG00000128928",0.000659146768968049
"ENSG00000206177",0.000658839648276757
"ENSG00000118007",0.000658677791601539
"ENSG00000048028",0.000657226392293053
"ENSG00000095787",0.000656944753684886
"ENSG00000198945",0.000656651608268918
"ENSG00000130856",0.000656562486896654
"ENSG00000163519",0.000656352270067619
"ENSG00000153066",0.000656097995235324
"ENSG00000106266",0.000655559801052782
"ENSG00000111530",0.000655243459812925
"ENSG00000185813",0.000655187951415424
"ENSG00000103995",0.000654971690688149
"ENSG00000115947",0.000654844355646227
"ENSG00000115866",0.000654818246629348
"ENSG00000089639",0.000654233431249771
"ENSG00000087206",0.000653970551022608
"ENSG00000123595",0.00065359510060058
"ENSG00000100813",0.00065359138560171
"ENSG00000173473",0.000652966649771154
"ENSG00000178605",0.00065253185649929
"ENSG00000125166",0.000651596286756038
"ENSG00000138430",0.000650579514004803
"ENSG00000186501",0.000650466754319375
"ENSG00000215845",0.00065014432951758
"ENSG00000156642",0.000649908227404585
"ENSG00000147669",0.000649333546367031
"ENSG00000165792",0.00064911811588412
"ENSG00000126804",0.000649068365882545
"ENSG00000109272",0.000649010146427271
"ENSG00000109743",0.000648624389741977
"ENSG00000151353",0.000648381208464541
"ENSG00000171298",0.000648247352198496
"ENSG00000150995",0.000648196891544425
"ENSG00000113460",0.000648127560960427
"ENSG00000173992",0.000648006035185535
"ENSG00000079819",0.000647511974714938
"ENSG00000135250",0.000647447954942848
"ENSG00000117362",0.000647430919778061
"ENSG00000168701",0.000647278280210082
"ENSG00000130935",0.000646713101675042
"ENSG00000185721",0.000646529159103205
"ENSG00000100983",0.000646500014068704
"ENSG00000104522",0.000645961483626035
"ENSG00000071626",0.000645939901173618
"ENSG00000112983",0.000645654692957712
"ENSG00000166326",0.000645342132320925
"ENSG00000117602",0.000645204041790866
"ENSG00000178307",0.000644800409777969
"ENSG00000169756",0.000644700616383376
"ENSG00000184990",0.000644661003233555
"ENSG00000116473",0.00064444605399839
"ENSG00000104695",0.000643840354351585
"ENSG00000108424",0.000643683376549391
"ENSG00000085511",0.000643545784597833
"ENSG00000134452",0.000643498806743131
"ENSG00000185338",0.00064325626301727
"ENSG00000104129",0.000643183949792476
"ENSG00000077238",0.000643023249921942
"ENSG00000101265",0.000642860871760698
"ENSG00000101347",0.000642835333736829
"ENSG00000167118",0.000642832968941314
"ENSG00000256235",0.00064278511642279
"ENSG00000149541",0.00064276834647802
"ENSG00000125089",0.000642595786007754
"ENSG00000186141",0.000642347311465153
"ENSG00000108960",0.000642126363320938
"ENSG00000090238",0.000641970128137783
"ENSG00000183401",0.000641313274580885
"ENSG00000124172",0.000640995160480922
"ENSG00000119048",0.000640983964472314
"ENSG00000165704",0.00064083671009981
"ENSG00000089009",0.000640681957864985
"ENSG00000170791",0.000640505391668267
"ENSG00000141401",0.000640200996696816
"ENSG00000175606",0.000640079550152349
"ENSG00000075336",0.000639180559607824
"ENSG00000143569",0.000638622864500184
"ENSG00000166313",0.000638582320812001
"ENSG00000114503",0.00063840281509454
"ENSG00000139990",0.000638296054910537
"ENSG00000166523",0.000638269030495917
"ENSG00000144711",0.000638126018965352
"ENSG00000068438",0.000637740324074874
"ENSG00000146109",0.000637529979077822
"ENSG00000137815",0.000637175985621673
"ENSG00000149196",0.000636924693814137
"ENSG00000174718",0.000635479857330641
"ENSG00000188938",0.000635170750879297
"ENSG00000109917",0.000634763606380748
"ENSG00000126653",0.000634542474442098
"ENSG00000115484",0.000634242247224945
"ENSG00000137965",0.000634168173884085
"ENSG00000108604",0.00063389126212013
"ENSG00000186088",0.000633037703022489
"ENSG00000155096",0.000632745714353172
"ENSG00000120063",0.000632196636913292
"ENSG00000173757",0.000631315900165458
"ENSG00000112851",0.000630807431545696
"ENSG00000179115",0.000630073085906634
"ENSG00000128228",0.000629622624594303
"ENSG00000069399",0.00062936683413673
"ENSG00000109572",0.000629268015538877
"ENSG00000151092",0.00062909181281369
"ENSG00000079950",0.000628704281908941
"ENSG00000197142",0.000628683500706792
"ENSG00000079616",0.000627298610056506
"ENSG00000123064",0.000627226779854911
"ENSG00000093144",0.000626934060737061
"ENSG00000067704",0.000626537996622178
"ENSG00000167088",0.000626453698563262
"ENSG00000169689",0.00062635750994641
"ENSG00000127952",0.000626041109307225
"ENSG00000011243",0.000625753450620826
"ENSG00000156973",0.000625698386059049
"ENSG00000136522",0.000625354853955527
"ENSG00000167635",0.000625343376292954
"ENSG00000198522",0.000625121983358209
"ENSG00000152818",0.00062505863787691
"ENSG00000185000",0.000624988252062426
"ENSG00000104853",0.000624396031683468
"ENSG00000204103",0.000624194412386074
"ENSG00000110107",0.000624164366787595
"ENSG00000104774",0.000623781688933188
"ENSG00000184277",0.000623051702887989
"ENSG00000126903",0.0006230084902907
"ENSG00000167969",0.000622447214790763
"ENSG00000103152",0.000622382737150302
"ENSG00000214087",0.000622375473092384
"ENSG00000068120",0.000621481550815485
"ENSG00000088179",0.000620928729050185
"ENSG00000101843",0.00062069300917622
"ENSG00000196305",0.00062031531083135
"ENSG00000169189",0.000619763932803786
"ENSG00000080546",0.000619609108478904
"ENSG00000176542",0.000619455134617123
"ENSG00000140943",0.000619133987178831
"ENSG00000168610",0.000618949227453611
"ENSG00000140350",0.000618742123509747
"ENSG00000198015",0.000618668693238948
"ENSG00000155659",0.000618605008580857
"ENSG00000047410",0.000617552278460779
"ENSG00000196591",0.000617069136807559
"ENSG00000133561",0.000616045224667228
"ENSG00000241973",0.000615769975758974
"ENSG00000155366",0.0006156864136928
"ENSG00000092964",0.000615603107344201
"ENSG00000169045",0.000615381142072271
"ENSG00000092094",0.000614884224307918
"ENSG00000145022",0.000614567634653402
"ENSG00000198231",0.000614500208820027
"ENSG00000204237",0.000614477425208023
"ENSG00000176783",0.000614230315577296
"ENSG00000155111",0.000613744987476283
"ENSG00000101782",0.00061347371167052
"ENSG00000060491",0.000612966611730081
"ENSG00000103642",0.000612822568411338
"ENSG00000090339",0.000612640362974271
"ENSG00000235194",0.000612277217098421
"ENSG00000263528",0.000612230966800119
"ENSG00000139343",0.000611023836214973
"ENSG00000090054",0.000610493986883016
"ENSG00000172086",0.000609563920929208
"ENSG00000180957",0.000609558294786373
"ENSG00000153944",0.000609124778506894
"ENSG00000129667",0.000607913504115751
"ENSG00000105879",0.000607429330204479
"ENSG00000103202",0.000607334723338727
"ENSG00000154889",0.000605904451508026
"ENSG00000196189",0.000605438103658446
"ENSG00000106733",0.00060532840721474
"ENSG00000166479",0.000604879805475454
"ENSG00000183495",0.000604005962877842
"ENSG00000178467",0.000603185259665792
"ENSG00000102900",0.000602315326753531
"ENSG00000163534",0.000602295606186154
"ENSG00000183751",0.000602062585031775
"ENSG00000091592",0.000601585018686984
"ENSG00000129680",0.000600920001187849
"ENSG00000164331",0.000600566622287363
"ENSG00000134759",0.000600453289577461
"ENSG00000165915",0.000600116725242782
"ENSG00000168393",0.00060002360248796
"ENSG00000064201",0.000599593937906558
"ENSG00000175324",0.000599402606785784
"ENSG00000198286",0.000599261350894766
"ENSG00000198482",0.000599107137274054
"ENSG00000137817",0.000598879327206646
"ENSG00000105393",0.000598830106180238
"ENSG00000186395",0.000598467127193875
"ENSG00000204525",0.00059837971680578
"ENSG00000183624",0.000598090592142281
"ENSG00000140400",0.000597585778266559
"ENSG00000173334",0.000597578590137406
"ENSG00000084463",0.000597497578895585
"ENSG00000107175",0.000597238483672567
"ENSG00000135596",0.000596500695902215
"ENSG00000111605",0.000596188138452229
"ENSG00000136573",0.00059600773315339
"ENSG00000141699",0.000595983174465026
"ENSG00000165782",0.000595549768275415
"ENSG00000139168",0.000594987438459256
"ENSG00000102409",0.000594882799115656
"ENSG00000171566",0.000594814595601173
"ENSG00000164934",0.000594625907312958
"ENSG00000182154",0.000594363509417157
"ENSG00000063046",0.000594176640836283
"ENSG00000099899",0.000594156770329314
"ENSG00000011009",0.000593733256027461
"ENSG00000162517",0.000593038389727354
"ENSG00000115464",0.000592903027451108
"ENSG00000144021",0.000592849938942393
"ENSG00000146540",0.000592566626724757
"ENSG00000082212",0.000592447463429539
"ENSG00000115514",0.00059235952498035
"ENSG00000198373",0.000592348617380962
"ENSG00000125901",0.000592343201933371
"ENSG00000074416",0.000591911617451352
"ENSG00000121864",0.000591231498600691
"ENSG00000144591",0.000591181167627499
"ENSG00000079387",0.00059114238036269
"ENSG00000104218",0.000590954323144652
"ENSG00000109065",0.000590900003312991
"ENSG00000213585",0.000590731216540881
"ENSG00000198276",0.000590151169853047
"ENSG00000188895",0.00058979605234909
"ENSG00000119632",0.000589344249565085
"ENSG00000057663",0.000588940426902252
"ENSG00000266714",0.000588773273945967
"ENSG00000102977",0.000588773239703687
"ENSG00000147133",0.000588679238511685
"ENSG00000101473",0.000588544092088284
"ENSG00000116266",0.00058848572183569
"ENSG00000157637",0.000588455644277791
"ENSG00000184164",0.000587931108353179
"ENSG00000135426",0.000587689178003803
"ENSG00000010295",0.000587651626852393
"ENSG00000065029",0.000587372753979639
"ENSG00000244682",0.000586841921005048
"ENSG00000168495",0.000586676804051696
"ENSG00000115762",0.000586524801123216
"ENSG00000100519",0.000586404047508553
"ENSG00000154822",0.000586332468187932
"ENSG00000145703",0.000586022417620744
"ENSG00000142102",0.00058534365883899
"ENSG00000110987",0.000584901613533991
"ENSG00000163510",0.0005847005204789
"ENSG00000144455",0.000584605780267727
"ENSG00000158825",0.000584518087786751
"ENSG00000185122",0.000584433449538314
"ENSG00000104312",0.000584259175568391
"ENSG00000184260",0.000583694824743892
"ENSG00000100994",0.000582613537807714
"ENSG00000101966",0.000582478469779976
"ENSG00000173889",0.000582129640703404
"ENSG00000171163",0.000581438523894245
"ENSG00000142186",0.000581350017270268
"ENSG00000081307",0.000581021415061429
"ENSG00000165030",0.000580930111128831
"ENSG00000174652",0.000580885351374541
"ENSG00000151327",0.000580834343877394
"ENSG00000163453",0.000580631776016178
"ENSG00000102125",0.000580558561183859
"ENSG00000153815",0.000580354153729528
"ENSG00000167618",0.000579690144900619
"ENSG00000214160",0.000579676538211512
"ENSG00000111726",0.000578919661780914
"ENSG00000011295",0.000578804562436558
"ENSG00000137841",0.00057809212968362
"ENSG00000100075",0.000578039719245952
"ENSG00000166508",0.000577928054882007
"ENSG00000119778",0.000577898772401053
"ENSG00000141644",0.000576800567124963
"ENSG00000169018",0.000576591076730606
"ENSG00000108349",0.000576103866713668
"ENSG00000116649",0.000575526917487247
"ENSG00000053254",0.000575325481589476
"ENSG00000197969",0.000574775182906401
"ENSG00000106603",0.000574481029405625
"ENSG00000174851",0.000574045201406041
"ENSG00000075711",0.000573876671152265
"ENSG00000120697",0.000573576917300015
"ENSG00000135679",0.000573408363411093
"ENSG00000188976",0.000573082804586047
"ENSG00000135473",0.00057297607160804
"ENSG00000013561",0.000572695510045501
"ENSG00000175221",0.000572555565107018
"ENSG00000026103",0.000572264344489021
"ENSG00000143633",0.000572081005082352
"ENSG00000172243",0.000572025369703038
"ENSG00000115282",0.000571991811868969
"ENSG00000169727",0.000571861568038018
"ENSG00000175224",0.000571163422897971
"ENSG00000129071",0.000571007252813252
"ENSG00000150687",0.000570887777805536
"ENSG00000198176",0.000570869488430692
"ENSG00000163755",0.000570549245676415
"ENSG00000123124",0.000570195910372724
"ENSG00000092203",0.000570125209090445
"ENSG00000077721",0.000570124712666509
"ENSG00000053900",0.000569712330270087
"ENSG00000197872",0.000569576775777273
"ENSG00000139433",0.000569264404452825
"ENSG00000138172",0.000569017218493816
"ENSG00000112697",0.000568640177133801
"ENSG00000163564",0.000568465914032052
"ENSG00000173436",0.000568255831147565
"ENSG00000154582",0.000567938985313459
"ENSG00000162777",0.000567508959174106
"ENSG00000143970",0.000567249529467706
"ENSG00000049247",0.000567222207992998
"ENSG00000113532",0.000566558099264464
"ENSG00000141298",0.000566519513832348
"ENSG00000162711",0.000566502717640928
"ENSG00000177105",0.000566314398369395
"ENSG00000179271",0.000566130972513045
"ENSG00000153560",0.000564886598418342
"ENSG00000148110",0.00056438822318981
"ENSG00000102178",0.000564227396630381
"ENSG00000161202",0.000563973817499828
"ENSG00000130706",0.000563585917862376
"ENSG00000159228",0.000563197196408742
"ENSG00000182670",0.000562989105712625
"ENSG00000167460",0.000562929564627349
"ENSG00000012660",0.00056259485231752
"ENSG00000152133",0.000562435712479244
"ENSG00000183023",0.000562264817214725
"ENSG00000107290",0.000562242143959757
"ENSG00000167604",0.000562216308077888
"ENSG00000196636",0.000562074507851671
"ENSG00000133773",0.000562002979304253
"ENSG00000158545",0.000561640851521813
"ENSG00000009335",0.000561198960569145
"ENSG00000135452",0.000560875959548574
"ENSG00000088992",0.000560819009200324
"ENSG00000171643",0.000560312660597689
"ENSG00000186222",0.000559880896984209
"ENSG00000178425",0.000559806474557009
"ENSG00000151348",0.000559555006399071
"ENSG00000083168",0.00055937579745711
"ENSG00000111335",0.000559156637311591
"ENSG00000184113",0.000559129702196666
"ENSG00000106868",0.00055868778224378
"ENSG00000088247",0.000558440495997635
"ENSG00000171421",0.000558302616717585
"ENSG00000227057",0.000558077042967467
"ENSG00000231925",0.000557452427978138
"ENSG00000157601",0.000557034699800308
"ENSG00000087157",0.000556919145838789
"ENSG00000196531",0.000556794517018913
"ENSG00000163728",0.000556570781002337
"ENSG00000197894",0.000556541284644267
"ENSG00000167778",0.000556455460757328
"ENSG00000104918",0.000556430777460899
"ENSG00000161547",0.000556262154696767
"ENSG00000232388",0.000556123708966458
"ENSG00000135114",0.000556035795758734
"ENSG00000089818",0.00055532294868937
"ENSG00000177156",0.000555210352292407
"ENSG00000139291",0.000554110223203689
"ENSG00000027075",0.000553772246424861
"ENSG00000198355",0.000553618731917688
"ENSG00000125629",0.000553531679096664
"ENSG00000161179",0.000553227209734188
"ENSG00000107872",0.000552349210052654
"ENSG00000006007",0.000552119117460764
"ENSG00000103326",0.000551869492345651
"ENSG00000004487",0.000551853038074405
"ENSG00000134352",0.000551310160195125
"ENSG00000105983",0.000550865361969595
"ENSG00000111711",0.000550819407561048
"ENSG00000121210",0.000550770638477272
"ENSG00000137393",0.000550423150441922
"ENSG00000009954",0.000550413001003345
"ENSG00000164938",0.000550178809202479
"ENSG00000170291",0.000549893659243149
"ENSG00000140854",0.000549755969475072
"ENSG00000155959",0.000549734486047988
"ENSG00000168300",0.000549478804890171
"ENSG00000129933",0.00054923930557671
"ENSG00000147044",0.000549088380151622
"ENSG00000163171",0.00054904922098567
"ENSG00000103591",0.00054866005899096
"ENSG00000135838",0.000548444395061074
"ENSG00000125868",0.000548423069443459
"ENSG00000169241",0.000547402468785344
"ENSG00000128590",0.000547390648965431
"ENSG00000179921",0.000547089911958519
"ENSG00000184922",0.000546938103785852
"ENSG00000162585",0.000546622765022387
"ENSG00000100347",0.000546207054604424
"ENSG00000187764",0.00054609811547812
"ENSG00000111860",0.000546079754895729
"ENSG00000172269",0.000546027160825364
"ENSG00000145191",0.000545897253864641
"ENSG00000162639",0.000545288022035654
"ENSG00000164088",0.000545283849438918
"ENSG00000204568",0.000544828736469707
"ENSG00000175130",0.000544537609301402
"ENSG00000030066",0.000544176823629781
"ENSG00000171988",0.000543801545080698
"ENSG00000073578",0.000543465029058613
"ENSG00000184787",0.000543420918735776
"ENSG00000089006",0.000543204946118081
"ENSG00000145293",0.000543139462791492
"ENSG00000172922",0.000543059578703755
"ENSG00000181610",0.000543007739984909
"ENSG00000139597",0.00054249118961117
"ENSG00000181991",0.000542100732393222
"ENSG00000011485",0.000542076212522198
"ENSG00000178537",0.000542035686103696
"ENSG00000215717",0.0005410952796093
"ENSG00000008324",0.000540879803816731
"ENSG00000185104",0.00053998405017539
"ENSG00000104998",0.000539327241409853
"ENSG00000163683",0.000539204119146757
"ENSG00000105053",0.000538649194267298
"ENSG00000156110",0.000538609132842761
"ENSG00000150433",0.000538497070020974
"ENSG00000120727",0.000538403259804663
"ENSG00000138814",0.000538349335592953
"ENSG00000117394",0.000538232520039114
"ENSG00000104231",0.00053805320184472
"ENSG00000168404",0.000537849841486658
"ENSG00000122257",0.000537804541106731
"ENSG00000100592",0.000537765202836902
"ENSG00000151366",0.000537421284192802
"ENSG00000126261",0.000537004864769929
"ENSG00000171316",0.000536867442650407
"ENSG00000006451",0.000536493888525444
"ENSG00000110429",0.000536394477714319
"ENSG00000154217",0.000536167699473497
"ENSG00000130175",0.000536115000454443
"ENSG00000110455",0.000536010451579097
"ENSG00000066336",0.000535697293226949
"ENSG00000163930",0.000535630444952866
"ENSG00000123545",0.000535602228717398
"ENSG00000110852",0.000535599788853445
"ENSG00000196911",0.000535559882868939
"ENSG00000144136",0.000535319447815407
"ENSG00000135048",0.000535157693971786
"ENSG00000176623",0.000534724883070149
"ENSG00000148334",0.000534110088761904
"ENSG00000140365",0.000533905912515724
"ENSG00000254505",0.000533286903611782
"ENSG00000182473",0.000532834310569111
"ENSG00000170581",0.000531852433194918
"ENSG00000116044",0.000531803006039556
"ENSG00000103145",0.000531744117627536
"ENSG00000122545",0.000531637879064496
"ENSG00000117419",0.000531526388053926
"ENSG00000101577",0.000531288894154477
"ENSG00000109111",0.000531244768018282
"ENSG00000172322",0.000530769106130925
"ENSG00000170340",0.000529400418383538
"ENSG00000163159",0.000529180936135309
"ENSG00000155926",0.000529165073421698
"ENSG00000198860",0.000527924200807799
"ENSG00000106009",0.000527833000182728
"ENSG00000143748",0.000527485084443874
"ENSG00000120699",0.000527341090054411
"ENSG00000106628",0.000527152167521661
"ENSG00000149564",0.000527123575282557
"ENSG00000125458",0.000526992252721956
"ENSG00000115607",0.000526728027421281
"ENSG00000132323",0.000526617243355519
"ENSG00000089248",0.000526519506957965
"ENSG00000128487",0.000526518471736746
"ENSG00000159352",0.000526310792947654
"ENSG00000284690",0.000525896900908888
"ENSG00000106344",0.000525428096666631
"ENSG00000099783",0.000525248367345313
"ENSG00000153029",0.000525228030356459
"ENSG00000172239",0.00052504600160464
"ENSG00000117385",0.000525009120087432
"ENSG00000093072",0.000524977561557234
"ENSG00000083896",0.000524950586048793
"ENSG00000132591",0.000524541178439396
"ENSG00000169403",0.000524368994886212
"ENSG00000198399",0.000524353125084575
"ENSG00000111145",0.000524280958497932
"ENSG00000028310",0.0005241917348498
"ENSG00000175220",0.000523949136124401
"ENSG00000241258",0.000523753691911704
"ENSG00000186918",0.00052329520663425
"ENSG00000085982",0.00052312560595361
"ENSG00000184613",0.00052311933880659
"ENSG00000157426",0.000522920023393747
"ENSG00000197780",0.000522829867272024
"ENSG00000166913",0.000522799231510658
"ENSG00000164180",0.000522793599473742
"ENSG00000010810",0.000522481609673477
"ENSG00000172354",0.000522273490562169
"ENSG00000213593",0.000522125643580773
"ENSG00000183955",0.000522124811922891
"ENSG00000099968",0.000522018169772918
"ENSG00000105397",0.000521927199381111
"ENSG00000139187",0.000521808824212093
"ENSG00000149308",0.000521750098623453
"ENSG00000100888",0.000521124786448025
"ENSG00000164167",0.000520953571609508
"ENSG00000066654",0.00052071175917827
"ENSG00000088682",0.000520584378113415
"ENSG00000184205",0.000520506160912612
"ENSG00000008394",0.000520492602791825
"ENSG00000144747",0.000520313512667127
"ENSG00000179562",0.000520167924616983
"ENSG00000121281",0.000519788030185199
"ENSG00000149136",0.000519393606414718
"ENSG00000110651",0.000519373155333154
"ENSG00000171608",0.000519068154851389
"ENSG00000273802",0.000518826069370914
"ENSG00000117697",0.000518655001699812
"ENSG00000184216",0.000518307830354767
"ENSG00000026297",0.000518101341468568
"ENSG00000171862",0.000517641602016941
"ENSG00000144357",0.000517374643090444
"ENSG00000153922",0.000516957188417229
"ENSG00000066136",0.000516743842690118
"ENSG00000170310",0.000516667826139508
"ENSG00000163655",0.000515902424049349
"ENSG00000102158",0.000515841706603512
"ENSG00000131724",0.000515740785765483
"ENSG00000173726",0.000515162037103708
"ENSG00000104687",0.000514655639897812
"ENSG00000002933",0.000514493452147202
"ENSG00000115233",0.000514420758044561
"ENSG00000001629",0.000514320536359941
"ENSG00000183530",0.000514274420375838
"ENSG00000166557",0.000514079360688136
"ENSG00000076242",0.000513982846708144
"ENSG00000189050",0.000513970070243043
"ENSG00000145687",0.000513685084425378
"ENSG00000128595",0.000513103627870501
"ENSG00000114383",0.000512618770067062
"ENSG00000173653",0.000512454425912977
"ENSG00000091106",0.000511857037679537
"ENSG00000072062",0.00051146809601179
"ENSG00000120708",0.000511251073059705
"ENSG00000103051",0.000511161175416718
"ENSG00000171202",0.000510821295690185
"ENSG00000228300",0.000510131569279271
"ENSG00000134809",0.000510046647806947
"ENSG00000079739",0.000509100909957407
"ENSG00000038358",0.000508928306973702
"ENSG00000125351",0.000508705734197077
"ENSG00000168591",0.000508268490970565
"ENSG00000141627",0.000507961522079134
"ENSG00000120675",0.000507958416482338
"ENSG00000160789",0.00050762856012311
"ENSG00000143224",0.00050730896656869
"ENSG00000137509",0.000507181061837956
"ENSG00000091164",0.000507072815138541
"ENSG00000157216",0.00050680978205517
"ENSG00000187049",0.000506715710095769
"ENSG00000124702",0.000506252379687594
"ENSG00000101413",0.000505779776471665
"ENSG00000119917",0.000505709545714647
"ENSG00000121417",0.000505484860337338
"ENSG00000011260",0.000505475629706237
"ENSG00000129675",0.000505233806992838
"ENSG00000213064",0.000505196923732158
"ENSG00000139546",0.000504956361986451
"ENSG00000178028",0.000504901882738638
"ENSG00000108788",0.000504558865289034
"ENSG00000112367",0.00050450324357472
"ENSG00000138614",0.000503928356192975
"ENSG00000123739",0.000503807007925808
"ENSG00000160712",0.000503802354920137
"ENSG00000143499",0.000503579156997424
"ENSG00000103549",0.000503293241338746
"ENSG00000075856",0.000503209211480439
"ENSG00000171860",0.000503016809578215
"ENSG00000134779",0.000502826684476975
"ENSG00000089048",0.000502811515018635
"ENSG00000124688",0.000502439860876353
"ENSG00000118922",0.000502419889131628
"ENSG00000162521",0.000502395004534196
"ENSG00000167881",0.000502215514679614
"ENSG00000166432",0.000501517635859928
"ENSG00000174839",0.00050124595758217
"ENSG00000187742",0.000501237297594875
"ENSG00000118579",0.000501227859157206
"ENSG00000232119",0.000500959646720206
"ENSG00000187688",0.000500799047778297
"ENSG00000124214",0.000500749664726316
"ENSG00000132467",0.00050040646478632
"ENSG00000197535",0.000500112472104713
"ENSG00000169217",0.000500069092868374
"ENSG00000111832",0.000499810641678866
"ENSG00000173933",0.000499706139725801
"ENSG00000163412",0.000499162865734944
"ENSG00000131495",0.000498856083519781
"ENSG00000090060",0.000498326674863902
"ENSG00000178209",0.000498249095846619
"ENSG00000171824",0.000498237973222117
"ENSG00000176108",0.000498129951857837
"ENSG00000135845",0.00049794764796799
"ENSG00000119922",0.000497857271734015
"ENSG00000164615",0.000497746230806203
"ENSG00000147533",0.000497706111756388
"ENSG00000117868",0.000497548531230994
"ENSG00000101457",0.000497515021271937
"ENSG00000163785",0.000497197259578984
"ENSG00000072274",0.000496971266704315
"ENSG00000129925",0.000496894378459451
"ENSG00000198952",0.000496265813562394
"ENSG00000104960",0.000496145967282633
"ENSG00000113013",0.000495852053778244
"ENSG00000160856",0.000494857203366843
"ENSG00000162924",0.000494702238858572
"ENSG00000099995",0.00049458090472825
"ENSG00000152804",0.000494533904288741
"ENSG00000143258",0.000494312439519603
"ENSG00000214063",0.000494304386235655
"ENSG00000144674",0.000494301183982569
"ENSG00000100281",0.000494169137944195
"ENSG00000100949",0.000493879831762426
"ENSG00000156990",0.000493709652220229
"ENSG00000163605",0.000492683587486841
"ENSG00000188243",0.000492561532488038
"ENSG00000145335",0.000492015704642691
"ENSG00000223609",0.000491875627020754
"ENSG00000082014",0.00049108463193752
"ENSG00000116906",0.000490532978789486
"ENSG00000132254",0.000490497403041771
"ENSG00000125779",0.0004904107654683
"ENSG00000182180",0.000490358161508875
"ENSG00000090006",0.000490317931066414
"ENSG00000150681",0.000490239780705211
"ENSG00000176386",0.000490141941118118
"ENSG00000166681",0.000490098426046675
"ENSG00000173200",0.000489870479047796
"ENSG00000167775",0.000489841087171949
"ENSG00000061938",0.000489745865074233
"ENSG00000138385",0.000489612011216269
"ENSG00000126746",0.000489537522246671
"ENSG00000172775",0.000489154342708673
"ENSG00000168256",0.000488402743736749
"ENSG00000132128",0.000488374923128025
"ENSG00000109445",0.000488277730924334
"ENSG00000100726",0.000488082235947699
"ENSG00000001497",0.000488068177210834
"ENSG00000132356",0.000487942624679996
"ENSG00000151576",0.000487428346445631
"ENSG00000147164",0.000487308940336163
"ENSG00000178950",0.000487158447463126
"ENSG00000114850",0.000486527387273284
"ENSG00000106105",0.000486426692177886
"ENSG00000159461",0.000486097221525363
"ENSG00000157500",0.000486087987590152
"ENSG00000196912",0.000486074941825099
"ENSG00000182544",0.000485917836132284
"ENSG00000176986",0.000485691851980807
"ENSG00000139372",0.000485302754900437
"ENSG00000172766",0.000485014735449815
"ENSG00000185236",0.000485005233983957
"ENSG00000084652",0.000484857095860807
"ENSG00000215114",0.000484749845337208
"ENSG00000111725",0.000484352302358494
"ENSG00000110315",0.000483979036198935
"ENSG00000175110",0.00048383486752461
"ENSG00000127481",0.000483426246780973
"ENSG00000155099",0.000483423911160162
"ENSG00000169740",0.000483382705529951
"ENSG00000151779",0.000483236630373994
"ENSG00000178149",0.00048320455380752
"ENSG00000035141",0.000483186788039529
"ENSG00000151466",0.000482923822714989
"ENSG00000153234",0.000482601807595265
"ENSG00000131043",0.000481683959083751
"ENSG00000137947",0.000481659810079805
"ENSG00000171953",0.000481523062820638
"ENSG00000185339",0.000481348749982918
"ENSG00000010322",0.000481006499045775
"ENSG00000197081",0.000480706656628234
"ENSG00000229809",0.00048070407567787
"ENSG00000165113",0.000480630818945607
"ENSG00000128609",0.000480121202271032
"ENSG00000214941",0.000480095897555827
"ENSG00000136485",0.000479617323840253
"ENSG00000124541",0.000479276767955396
"ENSG00000150977",0.000479262462823549
"ENSG00000136878",0.000479152674291712
"ENSG00000089177",0.00047906692449053
"ENSG00000164483",0.000479044927295802
"ENSG00000131979",0.00047899718701108
"ENSG00000138801",0.000478868578183854
"ENSG00000090520",0.000478422607797696
"ENSG00000125877",0.000478336922032813
"ENSG00000141076",0.000477940171680025
"ENSG00000186687",0.000477923556016293
"ENSG00000172366",0.000477818220234787
"ENSG00000163374",0.000477668980992264
"ENSG00000182481",0.000477667434592459
"ENSG00000108474",0.00047763950380625
"ENSG00000114423",0.000477597469868938
"ENSG00000153179",0.000477476513199641
"ENSG00000114331",0.000477443070395095
"ENSG00000049245",0.000477403733671258
"ENSG00000141380",0.000477174703038766
"ENSG00000149476",0.000476552413231124
"ENSG00000198089",0.000476249408346061
"ENSG00000164307",0.000475682537106289
"ENSG00000183684",0.000475394016559881
"ENSG00000103194",0.000474922483720879
"ENSG00000141580",0.000474246571350835
"ENSG00000002919",0.000474215377701791
"ENSG00000170802",0.000474022781979405
"ENSG00000143353",0.000473767965179964
"ENSG00000241878",0.000473650339770028
"ENSG00000059804",0.000473165180463777
"ENSG00000111801",0.000472927829755125
"ENSG00000124201",0.000472828766032535
"ENSG00000105341",0.000472783297611558
"ENSG00000001036",0.000472702132564574
"ENSG00000008513",0.000472700036011696
"ENSG00000174109",0.000472694469580404
"ENSG00000116455",0.000472487321231938
"ENSG00000205423",0.000472313058898971
"ENSG00000051620",0.000471970428527378
"ENSG00000161944",0.000471661060489332
"ENSG00000139083",0.000471525323762807
"ENSG00000166428",0.000471042896511663
"ENSG00000112118",0.000470909888469147
"ENSG00000067365",0.000470903952333777
"ENSG00000135077",0.000470868701933546
"ENSG00000070761",0.00047059548799035
"ENSG00000205531",0.000470497770470914
"ENSG00000177200",0.000470325371053891
"ENSG00000197943",0.000470306162547582
"ENSG00000107341",0.000470142031690322
"ENSG00000189306",0.00047006556411471
"ENSG00000154781",0.00047002498353066
"ENSG00000158473",0.00046998128958918
"ENSG00000182809",0.000469758416074634
"ENSG00000105486",0.000469328955506166
"ENSG00000183826",0.000469113971894583
"ENSG00000041802",0.000469082529394057
"ENSG00000135164",0.000469009958332905
"ENSG00000108588",0.000468792093539436
"ENSG00000185697",0.000468641991232889
"ENSG00000129515",0.000468441252909981
"ENSG00000070495",0.000468424507433491
"ENSG00000154359",0.000468158121440469
"ENSG00000163154",0.000468136389112847
"ENSG00000141560",0.000467267650996313
"ENSG00000158850",0.000467260156337196
"ENSG00000198171",0.000467245592218303
"ENSG00000107020",0.00046700116502253
"ENSG00000069345",0.000466765799896202
"ENSG00000077232",0.000466289658344987
"ENSG00000164442",0.000465941880130356
"ENSG00000163832",0.000465858358137289
"ENSG00000078142",0.00046582675304013
"ENSG00000137955",0.000465371010635387
"ENSG00000256269",0.000465272925069974
"ENSG00000100258",0.000465147812676194
"ENSG00000120333",0.000465129442937496
"ENSG00000128585",0.00046507487892436
"ENSG00000147419",0.000464982579562671
"ENSG00000188554",0.000464808851660578
"ENSG00000154451",0.000464476023754205
"ENSG00000005175",0.000464420872584073
"ENSG00000126602",0.000464196689126693
"ENSG00000154814",0.000464040622545983
"ENSG00000055950",0.000463828916991621
"ENSG00000169490",0.000463737325447709
"ENSG00000131018",0.000463485333348458
"ENSG00000161981",0.000463435078952959
"ENSG00000101246",0.000463194262138214
"ENSG00000197021",0.000462938756485682
"ENSG00000196547",0.000462914720393976
"ENSG00000169877",0.000462865171901535
"ENSG00000133706",0.000462563373402312
"ENSG00000071051",0.00046141633410573
"ENSG00000104957",0.000461391498732272
"ENSG00000110203",0.000460928047344715
"ENSG00000144827",0.000460667737892517
"ENSG00000100722",0.000460599280712663
"ENSG00000007376",0.000460566616344498
"ENSG00000159210",0.000460284162699417
"ENSG00000087502",0.000459800650895744
"ENSG00000197157",0.000459548295702148
"ENSG00000180773",0.000458682012451498
"ENSG00000137767",0.000458426246995497
"ENSG00000120690",0.000458289796485392
"ENSG00000117616",0.000458261688270041
"ENSG00000068305",0.000458128716844749
"ENSG00000070831",0.000458110225785651
"ENSG00000090432",0.000458002322558949
"ENSG00000114354",0.000457971610790674
"ENSG00000162496",0.000457763707209462
"ENSG00000181104",0.000457596473661831
"ENSG00000064961",0.000457588077250126
"ENSG00000140368",0.000457269300519024
"ENSG00000143889",0.000457054729839511
"ENSG00000140259",0.000456995387745058
"ENSG00000152457",0.000456441556885714
"ENSG00000125827",0.000456426737483665
"ENSG00000101290",0.000456333218018612
"ENSG00000132768",0.000456164265296298
"ENSG00000142330",0.000456161895975411
"ENSG00000144034",0.000455976406612631
"ENSG00000018189",0.000455702535415809
"ENSG00000100599",0.000455540503405103
"ENSG00000140718",0.000455517770378892
"ENSG00000197694",0.000455488079318592
"ENSG00000102978",0.000455276385282318
"ENSG00000143314",0.000455051506125916
"ENSG00000166037",0.000454998387034809
"ENSG00000168216",0.00045497924773597
"ENSG00000087087",0.000454938723661384
"ENSG00000184154",0.000454812430111711
"ENSG00000198707",0.000454597741789254
"ENSG00000115020",0.000453872626788322
"ENSG00000052723",0.000453713160606247
"ENSG00000112799",0.000453319810100433
"ENSG00000131269",0.00045327488983926
"ENSG00000140280",0.000453138773953716
"ENSG00000106952",0.000453058383603215
"ENSG00000151702",0.000453020711266442
"ENSG00000141503",0.000452602447358066
"ENSG00000109906",0.000452536315290243
"ENSG00000100504",0.000452512467208195
"ENSG00000175029",0.000452339180124592
"ENSG00000131473",0.000452089588781765
"ENSG00000114054",0.000452049152776838
"ENSG00000135441",0.000451834947257331
"ENSG00000049541",0.000451603643653365
"ENSG00000141933",0.000451426399557063
"ENSG00000148300",0.000451321154812774
"ENSG00000106392",0.000451285835379997
"ENSG00000116213",0.000451271848266099
"ENSG00000113575",0.000451106849286322
"ENSG00000180357",0.000451093583705894
"ENSG00000174886",0.00045103161606218
"ENSG00000073849",0.000451029306048218
"ENSG00000166164",0.000450349874974646
"ENSG00000062650",0.000450307870821528
"ENSG00000162385",0.000450174438136536
"ENSG00000124782",0.000450057081436611
"ENSG00000136518",0.000450010995441096
"ENSG00000275052",0.000449761503176266
"ENSG00000082898",0.000449756559643731
"ENSG00000159131",0.000449747521492392
"ENSG00000133193",0.000448842553220163
"ENSG00000014824",0.00044877391994947
"ENSG00000129255",0.000448463436899781
"ENSG00000151923",0.000448434709668516
"ENSG00000105221",0.000448392372431919
"ENSG00000106560",0.000448134301652463
"ENSG00000188559",0.000446656200679287
"ENSG00000148730",0.000446561617430676
"ENSG00000185009",0.000446513097140364
"ENSG00000076554",0.000446238081707749
"ENSG00000130204",0.000446161047320308
"ENSG00000177951",0.000446071791234138
"ENSG00000136143",0.000445941176094878
"ENSG00000082146",0.000445750266477853
"ENSG00000089022",0.000445680059826567
"ENSG00000086619",0.000445552111126735
"ENSG00000064607",0.000445269779340519
"ENSG00000163811",0.000445230461098746
"ENSG00000084093",0.000445222356392747
"ENSG00000126458",0.000445159018766741
"ENSG00000048991",0.000445127783529107
"ENSG00000121858",0.000445052250541925
"ENSG00000072786",0.000444972423925797
"ENSG00000087269",0.000444638269088186
"ENSG00000111667",0.000444584540074494
"ENSG00000171490",0.000444526332495034
"ENSG00000105618",0.000444269828783193
"ENSG00000102393",0.000443334779580056
"ENSG00000144566",0.000443111608791658
"ENSG00000072694",0.000443048947582601
"ENSG00000167208",0.000443024524607911
"ENSG00000108479",0.000442783723788589
"ENSG00000170619",0.00044264106347619
"ENSG00000177030",0.000442418676094965
"ENSG00000147394",0.000442241409204926
"ENSG00000174446",0.000442230000782687
"ENSG00000167113",0.000441815560498145
"ENSG00000172725",0.000441497899263739
"ENSG00000183688",0.000441324857113421
"ENSG00000152700",0.000441200857017544
"ENSG00000159314",0.000441127214469168
"ENSG00000157873",0.000441049514704519
"ENSG00000104324",0.000440861477435482
"ENSG00000130734",0.000440723620716253
"ENSG00000115446",0.000440418568746936
"ENSG00000108826",0.000440348928512681
"ENSG00000105723",0.000440257175621779
"ENSG00000134326",0.000440030592937246
"ENSG00000102241",0.000439921234741396
"ENSG00000184436",0.000439664619493107
"ENSG00000116898",0.000439361695692498
"ENSG00000181788",0.000439150888063166
"ENSG00000205981",0.000438994071438049
"ENSG00000138363",0.000438819205111202
"ENSG00000143390",0.00043861953511446
"ENSG00000092020",0.000438233173028747
"ENSG00000061794",0.000438140953741573
"ENSG00000277632",0.000438014737893378
"ENSG00000170855",0.000437915527116821
"ENSG00000147679",0.000437275040220102
"ENSG00000108055",0.000437126165892841
"ENSG00000114209",0.000437079030781129
"ENSG00000166140",0.000436958171905199
"ENSG00000115211",0.000436602505764777
"ENSG00000143669",0.000436216308721811
"ENSG00000129691",0.000435759214758753
"ENSG00000171853",0.000435493948048161
"ENSG00000107890",0.000435348351601062
"ENSG00000085832",0.000435275473172426
"ENSG00000121964",0.000435147540261183
"ENSG00000149577",0.000435032894940364
"ENSG00000150787",0.00043501665997451
"ENSG00000143740",0.000434890766240679
"ENSG00000164209",0.000434847025595093
"ENSG00000134684",0.00043468776405076
"ENSG00000173465",0.000434543539511337
"ENSG00000111328",0.000434319371320044
"ENSG00000184640",0.000434253656666868
"ENSG00000065883",0.000434176706241898
"ENSG00000171130",0.000434104818228766
"ENSG00000004700",0.000433344793217157
"ENSG00000154719",0.000433343226750145
"ENSG00000084754",0.000433332643933082
"ENSG00000110274",0.000433196611702816
"ENSG00000163481",0.000432810798662817
"ENSG00000112855",0.000432762581345532
"ENSG00000120437",0.000432738677699643
"ENSG00000197971",0.000432693578390353
"ENSG00000177917",0.000432659882215004
"ENSG00000136783",0.000432482586765576
"ENSG00000141504",0.000432479726449058
"ENSG00000182325",0.000432471924415865
"ENSG00000100239",0.000432207223309045
"ENSG00000118308",0.000432036713687672
"ENSG00000139436",0.00043193711835582
"ENSG00000166548",0.000431744227597527
"ENSG00000166347",0.000431674368343569
"ENSG00000047315",0.000431455378759651
"ENSG00000213366",0.000430969286391057
"ENSG00000113583",0.000430448358941676
"ENSG00000187446",0.000430367947926436
"ENSG00000134470",0.000430275153111511
"ENSG00000118960",0.000430093583300272
"ENSG00000138640",0.000429497995035129
"ENSG00000167565",0.000428953155943009
"ENSG00000188917",0.000428672777557196
"ENSG00000151414",0.000428561818375026
"ENSG00000123353",0.000428548201712942
"ENSG00000136147",0.000428415026835896
"ENSG00000134283",0.000428100694867961
"ENSG00000010671",0.000427966688726627
"ENSG00000069329",0.000427925665607353
"ENSG00000134480",0.000427901613168091
"ENSG00000164548",0.000427551223726335
"ENSG00000119414",0.000427547176572613
"ENSG00000072110",0.000427432619147795
"ENSG00000120306",0.00042735675191973
"ENSG00000132205",0.00042670194922598
"ENSG00000002330",0.000426689155348943
"ENSG00000152520",0.000426660147464048
"ENSG00000110906",0.000426634354809475
"ENSG00000165475",0.000426475642124948
"ENSG00000042753",0.000426422188649468
"ENSG00000257103",0.000426061817725539
"ENSG00000048162",0.000426059571687494
"ENSG00000198805",0.000426059291417986
"ENSG00000113621",0.000425791826241634
"ENSG00000138442",0.000425676714710122
"ENSG00000177455",0.000425633515074562
"ENSG00000134086",0.000425578174065278
"ENSG00000136874",0.00042549687481899
"ENSG00000115539",0.000425049017518954
"ENSG00000182307",0.00042486651521788
"ENSG00000109323",0.000424348445480864
"ENSG00000005448",0.000424289597571364
"ENSG00000214022",0.000424214198218604
"ENSG00000090263",0.000424071229508441
"ENSG00000101307",0.000423896218307273
"ENSG00000139842",0.000423707696045022
"ENSG00000130177",0.00042370078892248
"ENSG00000126012",0.000423405001775242
"ENSG00000243449",0.000423352063497942
"ENSG00000077458",0.000423210941314021
"ENSG00000116977",0.000422974320833285
"ENSG00000139746",0.000422935070560912
"ENSG00000181222",0.000422354283392228
"ENSG00000100442",0.000422288738331672
"ENSG00000067992",0.0004217425206213
"ENSG00000144659",0.000421580228150682
"ENSG00000112561",0.000421571544327243
"ENSG00000083099",0.000421382262961789
"ENSG00000008083",0.000421204560008378
"ENSG00000105699",0.000421151682590108
"ENSG00000128309",0.000420793852572136
"ENSG00000177728",0.000420666735659825
"ENSG00000065413",0.000420534990208062
"ENSG00000154767",0.000420474438483032
"ENSG00000100591",0.000420154328025449
"ENSG00000120948",0.000420081026150961
"ENSG00000151498",0.000419949887153213
"ENSG00000006282",0.000419864888693783
"ENSG00000102172",0.000419791891479931
"ENSG00000165682",0.000419582277809085
"ENSG00000158555",0.000419200479019244
"ENSG00000108384",0.00041905186892638
"ENSG00000173141",0.000418898755810383
"ENSG00000120889",0.000418894207125004
"ENSG00000185728",0.000418672049451859
"ENSG00000162642",0.00041794172705767
"ENSG00000106268",0.000417635123832242
"ENSG00000130779",0.000417609960890585
"ENSG00000150403",0.000417448613898269
"ENSG00000146247",0.000417021265036249
"ENSG00000106546",0.000416935645694605
"ENSG00000160294",0.000416512611769443
"ENSG00000101882",0.000416392425729614
"ENSG00000120451",0.000416086089405948
"ENSG00000136731",0.000415673980450271
"ENSG00000117543",0.000415553274444821
"ENSG00000142173",0.000415388568300288
"ENSG00000136932",0.000415262558517797
"ENSG00000186517",0.000415255614874925
"ENSG00000172409",0.000414777615602344
"ENSG00000100852",0.00041472239909635
"ENSG00000126860",0.000414503944388513
"ENSG00000101166",0.000414466308891873
"ENSG00000214212",0.000414432930156794
"ENSG00000163041",0.000414077621388991
"ENSG00000163584",0.000413938242435932
"ENSG00000125652",0.000413728547888582
"ENSG00000111802",0.000413621346105958
"ENSG00000073417",0.000413620256657247
"ENSG00000111875",0.000413528916668963
"ENSG00000137500",0.000412699347717861
"ENSG00000114744",0.000412696366738616
"ENSG00000116095",0.000412506942873791
"ENSG00000203705",0.000412425494602251
"ENSG00000103168",0.000412393562283529
"ENSG00000170606",0.000412306949099395
"ENSG00000162852",0.000412187614348152
"ENSG00000136247",0.000411964578917939
"ENSG00000162614",0.000411953209753097
"ENSG00000142166",0.000411240253768796
"ENSG00000182512",0.000411122422576264
"ENSG00000121895",0.000410975675458433
"ENSG00000172869",0.00041076293379993
"ENSG00000135974",0.000410721523380578
"ENSG00000164258",0.000410672201708259
"ENSG00000146872",0.000410232891512157
"ENSG00000197223",0.000410180788367492
"ENSG00000176946",0.000410113668310805
"ENSG00000236287",0.000410030562870652
"ENSG00000054118",0.000409816804228716
"ENSG00000182621",0.000409810955913242
"ENSG00000119446",0.000409177804593557
"ENSG00000118197",0.000408999563593283
"ENSG00000103342",0.000408434271628754
"ENSG00000165272",0.000408182691559052
"ENSG00000136869",0.000408014719737984
"ENSG00000122203",0.000407785999145249
"ENSG00000183527",0.000407479548960591
"ENSG00000135297",0.000407393531856692
"ENSG00000110514",0.000407186058636259
"ENSG00000187555",0.000406964677564373
"ENSG00000136738",0.000406822639195933
"ENSG00000213676",0.000406771871769901
"ENSG00000166848",0.000406744898828907
"ENSG00000054983",0.000406585816566288
"ENSG00000163960",0.000406518266210727
"ENSG00000166091",0.000406497940808606
"ENSG00000085449",0.000406382054582687
"ENSG00000119655",0.000406348276672374
"ENSG00000272047",0.000406341262795867
"ENSG00000124635",0.000406126161538402
"ENSG00000164880",0.000405540777002787
"ENSG00000094914",0.000405165801849406
"ENSG00000138495",0.000404588829526924
"ENSG00000169499",0.000404529148324915
"ENSG00000172331",0.000404450165040029
"ENSG00000099385",0.000404282742783559
"ENSG00000139112",0.000404174784941838
"ENSG00000144655",0.000404059591228036
"ENSG00000177479",0.000403852983109344
"ENSG00000024862",0.000403744058462277
"ENSG00000138670",0.000403673522104143
"ENSG00000076053",0.000403636843675334
"ENSG00000071243",0.00040353710410005
"ENSG00000184182",0.000403493556781451
"ENSG00000120805",0.000403289790837318
"ENSG00000221821",0.000402709480979395
"ENSG00000166289",0.000402477036615076
"ENSG00000065268",0.000402469906792165
"ENSG00000173039",0.000402385375380296
"ENSG00000197405",0.000402172227058319
"ENSG00000165006",0.000401663021687915
"ENSG00000048740",0.000401365292315419
"ENSG00000196510",0.000401340181654249
"ENSG00000099917",0.000401271434650312
"ENSG00000136826",0.000401056143629446
"ENSG00000173456",0.000401056095855618
"ENSG00000060138",0.000400849240773486
"ENSG00000132182",0.000400665186105519
"ENSG00000135446",0.000400504093566714
"ENSG00000100319",0.000400410967560497
"ENSG00000131100",0.000400194124704195
"ENSG00000162729",0.000399771116323501
"ENSG00000111790",0.000399488741510548
"ENSG00000110713",0.00039928073067192
"ENSG00000165092",0.000399202029224816
"ENSG00000104472",0.000399116941625043
"ENSG00000165169",0.000399044035025652
"ENSG00000101138",0.000398898904812836
"ENSG00000198223",0.000398740320406545
"ENSG00000197858",0.000398632145331301
"ENSG00000033011",0.000398570187099337
"ENSG00000148341",0.000398403925224181
"ENSG00000104613",0.000397951240073057
"ENSG00000156304",0.000397792063262259
"ENSG00000137628",0.000397594025787209
"ENSG00000123933",0.000397550187432802
"ENSG00000135336",0.000397547143996722
"ENSG00000138496",0.000397456913888607
"ENSG00000138834",0.00039742797919708
"ENSG00000101150",0.000397330744062765
"ENSG00000253710",0.000396981477376255
"ENSG00000148841",0.000396923741859632
"ENSG00000112182",0.000396879628544453
"ENSG00000153006",0.000396793809408003
"ENSG00000221923",0.000396780101391669
"ENSG00000129450",0.00039666355922195
"ENSG00000154001",0.000396069489972298
"ENSG00000183542",0.000396063258868102
"ENSG00000172175",0.000395802163634123
"ENSG00000183597",0.000395735320975404
"ENSG00000137074",0.000395688702830761
"ENSG00000132792",0.000395675003433737
"ENSG00000167664",0.000395390340532513
"ENSG00000103174",0.000395389637217643
"ENSG00000064995",0.000395356142865672
"ENSG00000197183",0.000395296501001499
"ENSG00000153561",0.000395265348978912
"ENSG00000140044",0.000395167491413546
"ENSG00000112685",0.000395086112362167
"ENSG00000176903",0.000394970668116509
"ENSG00000122783",0.000394944785878588
"ENSG00000137824",0.000394805165064172
"ENSG00000206418",0.000394587172592096
"ENSG00000005801",0.000394541444440894
"ENSG00000151247",0.000393981246665052
"ENSG00000137309",0.000393414287448149
"ENSG00000168995",0.000393243647778173
"ENSG00000100422",0.000393049668075268
"ENSG00000176871",0.000393009618679432
"ENSG00000103043",0.000392810966116844
"ENSG00000184432",0.000392712536697283
"ENSG00000103671",0.000392377519270977
"ENSG00000099985",0.000392158022160225
"ENSG00000100109",0.000391886956087808
"ENSG00000053501",0.000391779041350547
"ENSG00000119718",0.000391590583162563
"ENSG00000172534",0.000391529354977198
"ENSG00000198700",0.000391392274532423
"ENSG00000180011",0.000391357988865437
"ENSG00000204356",0.000391324276942409
"ENSG00000152484",0.000391283552240823
"ENSG00000130787",0.000391270120885599
"ENSG00000149262",0.000390963759522187
"ENSG00000136153",0.000390683037299638
"ENSG00000178234",0.000390537958852996
"ENSG00000119421",0.000390469389046397
"ENSG00000166401",0.000390300893462647
"ENSG00000242574",0.000389956335961089
"ENSG00000035862",0.000389779189464084
"ENSG00000001631",0.000389724250183704
"ENSG00000084073",0.000389701171561631
"ENSG00000052841",0.000389635376869226
"ENSG00000143185",0.00038927725978052
"ENSG00000129317",0.00038926386829741
"ENSG00000164305",0.000388870356351854
"ENSG00000081721",0.000388830074380207
"ENSG00000159023",0.000388751679265498
"ENSG00000119729",0.000388589067456927
"ENSG00000168936",0.000388409958076511
"ENSG00000170876",0.000388203714820057
"ENSG00000129636",0.000387755870102159
"ENSG00000066027",0.00038774580261238
"ENSG00000048140",0.000387668934650256
"ENSG00000230124",0.000387003762693
"ENSG00000104805",0.000386912959175148
"ENSG00000197965",0.00038679018592965
"ENSG00000064547",0.000386769089421766
"ENSG00000145916",0.000386570980764524
"ENSG00000132694",0.000386542220926471
"ENSG00000171861",0.000386386705371606
"ENSG00000122025",0.000386058783792926
"ENSG00000141279",0.000385927135122254
"ENSG00000159479",0.000385724458934671
"ENSG00000182199",0.000385231287909124
"ENSG00000044115",0.000384904723678952
"ENSG00000100055",0.00038466942994922
"ENSG00000143643",0.000384658461622049
"ENSG00000136536",0.000384417130801785
"ENSG00000011454",0.000384404254286178
"ENSG00000182810",0.000384258308793668
"ENSG00000254986",0.000383875068735001
"ENSG00000169410",0.00038377979354494
"ENSG00000108828",0.000383728472690917
"ENSG00000183172",0.000383651825205893
"ENSG00000170234",0.000383540394300287
"ENSG00000057657",0.000383538757462333
"ENSG00000137055",0.00038330323141049
"ENSG00000155097",0.000383025392338582
"ENSG00000005020",0.000382824370138235
"ENSG00000026751",0.000382776946240896
"ENSG00000126391",0.000382710613147337
"ENSG00000130119",0.000382706636514993
"ENSG00000167323",0.000382671546030317
"ENSG00000171492",0.000382277279364263
"ENSG00000105135",0.000382172670239061
"ENSG00000112339",0.000382172051346659
"ENSG00000182973",0.000381701456101846
"ENSG00000187699",0.000381695324590274
"ENSG00000188820",0.000381625323917656
"ENSG00000097033",0.000381162422527855
"ENSG00000147202",0.000381132459025029
"ENSG00000095585",0.000380897216618088
"ENSG00000141873",0.000380710212055043
"ENSG00000106049",0.000380496544823535
"ENSG00000149480",0.000380242974284868
"ENSG00000127948",0.000380188144184084
"ENSG00000122557",0.000379896718947428
"ENSG00000143321",0.00037967357637863
"ENSG00000153037",0.000379054531393237
"ENSG00000166478",0.000378945054819322
"ENSG00000115459",0.00037892707111087
"ENSG00000101199",0.000378782929987171
"ENSG00000164463",0.000378602248189989
"ENSG00000141858",0.000378558682001207
"ENSG00000178917",0.000378558604441901
"ENSG00000008405",0.000378536299553812
"ENSG00000110200",0.000378520098848409
"ENSG00000138785",0.000378349905412949
"ENSG00000171611",0.000378010463747984
"ENSG00000094975",0.000377927659879186
"ENSG00000127528",0.000377850144860338
"ENSG00000135317",0.000377806072445233
"ENSG00000124193",0.00037779586411831
"ENSG00000166260",0.00037735913266258
"ENSG00000088726",0.000377230841743549
"ENSG00000132670",0.000376878127974477
"ENSG00000189077",0.000376655545384336
"ENSG00000112078",0.000376401410774011
"ENSG00000059758",0.000376148242781944
"ENSG00000136811",0.000376004336453097
"ENSG00000174238",0.00037588488163304
"ENSG00000100360",0.000375870017837368
"ENSG00000275713",0.000375619955627421
"ENSG00000213626",0.000375415387305001
"ENSG00000100445",0.000375204628171331
"ENSG00000114745",0.000375108799927083
"ENSG00000146094",0.000375064811171016
"ENSG00000196177",0.000374981345266574
"ENSG00000102974",0.000374923059179122
"ENSG00000164253",0.000374674011401048
"ENSG00000143554",0.000374175627423244
"ENSG00000185947",0.000373576977194051
"ENSG00000164323",0.000373576011616408
"ENSG00000134602",0.000373538733929688
"ENSG00000162735",0.000373466332286167
"ENSG00000163161",0.000373455055963974
"ENSG00000103540",0.000373132878809172
"ENSG00000112996",0.00037311587260352
"ENSG00000132849",0.000372827986903745
"ENSG00000114541",0.0003728177872648
"ENSG00000159884",0.000372191304967715
"ENSG00000196209",0.000372135236247515
"ENSG00000135900",0.000371972995708191
"ENSG00000134970",0.000371762327082949
"ENSG00000128534",0.000371617191683603
"ENSG00000160948",0.000371502280955204
"ENSG00000119559",0.000371481130955314
"ENSG00000134262",0.000371465802671613
"ENSG00000107833",0.000371425727984014
"ENSG00000156928",0.000371331250506477
"ENSG00000177239",0.000371071351027514
"ENSG00000144228",0.000370757901050654
"ENSG00000169762",0.000370604018735538
"ENSG00000166908",0.000370560245242323
"ENSG00000100865",0.00037016662768341
"ENSG00000172977",0.000370147657961974
"ENSG00000187147",0.000369989617610684
"ENSG00000196365",0.000369862676851433
"ENSG00000185900",0.000369413088405788
"ENSG00000104064",0.000369343495204417
"ENSG00000163508",0.000369331746593806
"ENSG00000148925",0.000369166033794471
"ENSG00000161999",0.000369084421783901
"ENSG00000103197",0.000368857349957762
"ENSG00000141012",0.000368821275887735
"ENSG00000117133",0.000368580563387356
"ENSG00000112062",0.000368559753322343
"ENSG00000178802",0.000367782778874339
"ENSG00000169609",0.000367757391430858
"ENSG00000002822",0.000367526273529884
"ENSG00000020633",0.000367464804938849
"ENSG00000120725",0.000367415565450711
"ENSG00000113141",0.000367356945176836
"ENSG00000059573",0.000367336682911724
"ENSG00000197948",0.00036727602789702
"ENSG00000105327",0.000367258921434032
"ENSG00000165802",0.000367172303628466
"ENSG00000152061",0.000367000366241177
"ENSG00000096746",0.000366677504059934
"ENSG00000101082",0.000366541520078673
"ENSG00000108106",0.000366092062891832
"ENSG00000122507",0.000366016048123123
"ENSG00000166411",0.000365793463023168
"ENSG00000122550",0.000365748986999796
"ENSG00000177853",0.000365594988556572
"ENSG00000089234",0.000364970305865819
"ENSG00000137492",0.000364457559924108
"ENSG00000179456",0.000364451761589135
"ENSG00000076984",0.000364323162664492
"ENSG00000115241",0.000364307417448012
"ENSG00000131323",0.000364244192254728
"ENSG00000167106",0.000364171085068634
"ENSG00000153406",0.000364037568488524
"ENSG00000141258",0.00036403486145396
"ENSG00000101337",0.000363958205216554
"ENSG00000159363",0.000363131923207085
"ENSG00000272333",0.000362936031054985
"ENSG00000185246",0.000362794026919172
"ENSG00000136682",0.000362592674435502
"ENSG00000160445",0.000362525420284781
"ENSG00000131788",0.000362422585819793
"ENSG00000087338",0.000362365257469994
"ENSG00000148926",0.00036218355703339
"ENSG00000134318",0.000361828402448136
"ENSG00000141968",0.000361567866671956
"ENSG00000161265",0.000361246076926681
"ENSG00000138459",0.000361145360172882
"ENSG00000158773",0.000361129797191919
"ENSG00000130717",0.000361062699460934
"ENSG00000158805",0.000361017566866625
"ENSG00000256683",0.000360760150106793
"ENSG00000148291",0.000360756892374268
"ENSG00000169251",0.000360753659523994
"ENSG00000115919",0.000360687401084907
"ENSG00000080802",0.000360419680606714
"ENSG00000114573",0.000360164301952661
"ENSG00000171307",0.000360102481067728
"ENSG00000143158",0.000360079482951743
"ENSG00000197912",0.000360063601100146
"ENSG00000180776",0.000360034464342933
"ENSG00000151131",0.000359967312387559
"ENSG00000184678",0.000359615808929545
"ENSG00000136631",0.000359509419037024
"ENSG00000173559",0.000359426924174096
"ENSG00000121073",0.000358744427720144
"ENSG00000124535",0.000358734858505063
"ENSG00000179222",0.000358725907318162
"ENSG00000140521",0.000358524883603069
"ENSG00000149925",0.000358466267766936
"ENSG00000087263",0.000358085516814555
"ENSG00000147854",0.000358056879932805
"ENSG00000112511",0.000358003403109253
"ENSG00000095319",0.000357967151867255
"ENSG00000128654",0.000357937485163291
"ENSG00000068650",0.000357862651797434
"ENSG00000139192",0.000357757518859746
"ENSG00000135363",0.000357474104617923
"ENSG00000158796",0.000357169711786235
"ENSG00000112992",0.000356914549000242
"ENSG00000110330",0.000356801294915029
"ENSG00000168038",0.000356766577391079
"ENSG00000198189",0.000356650259649114
"ENSG00000069702",0.0003564228072853
"ENSG00000203880",0.000356407972496757
"ENSG00000119760",0.000356336277470588
"ENSG00000144231",0.000356026338274277
"ENSG00000104969",0.000355815391801835
"ENSG00000163870",0.000355717588644042
"ENSG00000176973",0.000355692885211957
"ENSG00000186891",0.000355581482890545
"ENSG00000155438",0.000355566903693525
"ENSG00000137288",0.000355563061325265
"ENSG00000164466",0.000355538455940626
"ENSG00000100029",0.000355308108981931
"ENSG00000185187",0.000355213615304954
"ENSG00000198961",0.000355181153662875
"ENSG00000121892",0.000355141793270467
"ENSG00000117280",0.000355078634384529
"ENSG00000021762",0.000354945327551908
"ENSG00000104408",0.000354894349912781
"ENSG00000175854",0.000354893297115175
"ENSG00000170222",0.000354860329506505
"ENSG00000196642",0.000354817068734444
"ENSG00000152582",0.000354731625119549
"ENSG00000070423",0.000354675919660964
"ENSG00000100711",0.000354663768776502
"ENSG00000125245",0.000354479201005226
"ENSG00000124942",0.000354319043356159
"ENSG00000075413",0.000353930753645184
"ENSG00000113108",0.000353904644474531
"ENSG00000135945",0.000353853829890669
"ENSG00000095380",0.000353680819245816
"ENSG00000102572",0.00035321508690909
"ENSG00000143256",0.000353210682882018
"ENSG00000183486",0.00035320651769491
"ENSG00000128908",0.00035308922840932
"ENSG00000165312",0.000352957305348012
"ENSG00000171606",0.000352790700931918
"ENSG00000162402",0.000352500716558596
"ENSG00000179958",0.00035248610279403
"ENSG00000119977",0.000352474787774055
"ENSG00000108784",0.000352467001723551
"ENSG00000158481",0.000352375257088324
"ENSG00000092439",0.000352283173132796
"ENSG00000061987",0.00035212548626489
"ENSG00000136059",0.000352120472701083
"ENSG00000162222",0.000351951953380297
"ENSG00000144567",0.000351933672227114
"ENSG00000101079",0.000351578746438475
"ENSG00000135778",0.000351388444207253
"ENSG00000153214",0.000351167383147654
"ENSG00000255112",0.000350966827691798
"ENSG00000149179",0.000350715609216403
"ENSG00000162174",0.000350181410565755
"ENSG00000168569",0.000350161157215889
"ENSG00000215251",0.000350160699967567
"ENSG00000139624",0.000350054633642108
"ENSG00000115904",0.000350049943548526
"ENSG00000134109",0.000350037291061436
"ENSG00000198912",0.000349920438043417
"ENSG00000112282",0.00034986361178014
"ENSG00000261236",0.000349799457652122
"ENSG00000094880",0.000349727931285023
"ENSG00000095139",0.000349501132175917
"ENSG00000211456",0.000349443182319477
"ENSG00000145740",0.000349399934388799
"ENSG00000122877",0.000349258755920924
"ENSG00000135070",0.000349207155844448
"ENSG00000174231",0.000349104593469046
"ENSG00000130803",0.000348983060908579
"ENSG00000104490",0.000348868699385858
"ENSG00000196459",0.000348617606235692
"ENSG00000169299",0.000348479996550803
"ENSG00000171115",0.000348332681465072
"ENSG00000068489",0.000348294810086169
"ENSG00000069966",0.00034821516762566
"ENSG00000165355",0.000348017595935368
"ENSG00000139323",0.000347977450497644
"ENSG00000197170",0.000347743006790513
"ENSG00000134255",0.000347693368204978
"ENSG00000161835",0.000347669656785137
"ENSG00000153015",0.000347641524024639
"ENSG00000174373",0.000347631703876365
"ENSG00000081087",0.000347577480081952
"ENSG00000058799",0.000347372478827296
"ENSG00000117500",0.000347027739801431
"ENSG00000175215",0.00034694419910013
"ENSG00000173660",0.000346751053920679
"ENSG00000147224",0.000346659729711924
"ENSG00000108591",0.000346378969354227
"ENSG00000103245",0.000346285607251073
"ENSG00000002834",0.0003459555582239
"ENSG00000065000",0.000345938029089929
"ENSG00000166398",0.000345835909838463
"ENSG00000119328",0.000345583603150845
"ENSG00000117505",0.000345491753492995
"ENSG00000065427",0.000345359784804376
"ENSG00000129534",0.000345250542215337
"ENSG00000169718",0.000344909484166602
"ENSG00000011132",0.000344886644887931
"ENSG00000116685",0.000344819280657771
"ENSG00000142892",0.00034435834067101
"ENSG00000117298",0.00034433682597882
"ENSG00000047621",0.000344276655764863
"ENSG00000160310",0.000344213970733856
"ENSG00000130159",0.000344147968201667
"ENSG00000172795",0.000343947407596123
"ENSG00000225697",0.000343764606155966
"ENSG00000114166",0.000343706626153366
"ENSG00000181666",0.000343156525801535
"ENSG00000156804",0.000343043402150104
"ENSG00000108061",0.000342901660489268
"ENSG00000067057",0.000342812876770494
"ENSG00000171109",0.000342461162627753
"ENSG00000138764",0.00034226814993982
"ENSG00000142208",0.000342213436268664
"ENSG00000158711",0.000342071977571573
"ENSG00000148843",0.000342036778681683
"ENSG00000157954",0.000341982890770072
"ENSG00000104731",0.000341960521261206
"ENSG00000161010",0.000341900326299224
"ENSG00000133858",0.000341206862929167
"ENSG00000103335",0.000341130867786457
"ENSG00000171792",0.000340853265591901
"ENSG00000128159",0.000340831563126642
"ENSG00000158793",0.000340770212319231
"ENSG00000239998",0.000340719657599055
"ENSG00000008382",0.000340432098762773
"ENSG00000165392",0.00034020471235204
"ENSG00000038382",0.000339662108278187
"ENSG00000163743",0.000339585504308811
"ENSG00000156802",0.000339556645494925
"ENSG00000213281",0.000339447606095113
"ENSG00000151552",0.000339426311335919
"ENSG00000125810",0.000339082257550777
"ENSG00000154813",0.000338946366443209
"ENSG00000039650",0.000338420655999519
"ENSG00000213465",0.000337997402549707
"ENSG00000077312",0.000337971912457412
"ENSG00000100731",0.000337971025585589
"ENSG00000184014",0.000337939749417104
"ENSG00000171049",0.000337840166739897
"ENSG00000198060",0.000337821837913267
"ENSG00000181026",0.000337595923961004
"ENSG00000115165",0.000337575609425007
"ENSG00000181444",0.000337554002458237
"ENSG00000132305",0.000337233240424221
"ENSG00000105329",0.000336962959726762
"ENSG00000167280",0.000336923301304137
"ENSG00000145287",0.000336751130402979
"ENSG00000107742",0.000336707716173433
"ENSG00000139726",0.000336605275605408
"ENSG00000105639",0.00033659911941675
"ENSG00000181852",0.000335960371645106
"ENSG00000162980",0.000335723507062283
"ENSG00000033100",0.000335359458794377
"ENSG00000119979",0.000335330175237255
"ENSG00000174175",0.000335198832262473
"ENSG00000050426",0.000335070739271231
"ENSG00000168067",0.000335062736085394
"ENSG00000181722",0.000334991685081717
"ENSG00000125447",0.000334979384966053
"ENSG00000168060",0.000334734712969723
"ENSG00000082512",0.000334622744594552
"ENSG00000197548",0.000334271835552207
"ENSG00000080815",0.000334247719276226
"ENSG00000070770",0.000334049259592719
"ENSG00000214194",0.000333963671864935
"ENSG00000198718",0.000333898304146213
"ENSG00000105953",0.000333832157489353
"ENSG00000138802",0.000333745634398733
"ENSG00000007541",0.000333608497141664
"ENSG00000133302",0.000333530534894378
"ENSG00000198692",0.000333432657274836
"ENSG00000175054",0.000333125061052683
"ENSG00000148343",0.000332877671213654
"ENSG00000152382",0.000332826189469712
"ENSG00000183741",0.000332799531628946
"ENSG00000183520",0.000332700602806513
"ENSG00000163918",0.000332525374807389
"ENSG00000105325",0.000332309288041379
"ENSG00000134717",0.000331955996523536
"ENSG00000065243",0.000331869628133829
"ENSG00000165389",0.000331772673303331
"ENSG00000214753",0.000331546503803111
"ENSG00000146859",0.000331453689265183
"ENSG00000004399",0.000331078007705057
"ENSG00000180354",0.000331034675857357
"ENSG00000235750",0.000330888743230251
"ENSG00000169925",0.000330736152298668
"ENSG00000100647",0.000330334115714591
"ENSG00000099992",0.000330307768257614
"ENSG00000110768",0.000330255290811003
"ENSG00000151292",0.000329994680005859
"ENSG00000040275",0.000329778150199214
"ENSG00000113441",0.000329695852744473
"ENSG00000105671",0.000329349739249348
"ENSG00000139163",0.000329342328019002
"ENSG00000164674",0.000329096784498314
"ENSG00000134321",0.000329057031487326
"ENSG00000126773",0.000328958795242397
"ENSG00000109083",0.000328493085209862
"ENSG00000139154",0.000328476393882638
"ENSG00000162928",0.000328343943454158
"ENSG00000148187",0.000328243295619511
"ENSG00000167967",0.000328232297738862
"ENSG00000122884",0.000328209896485431
"ENSG00000171155",0.000328177218144245
"ENSG00000075426",0.000327963022095598
"ENSG00000130475",0.000327729139297574
"ENSG00000101126",0.000327625886238856
"ENSG00000126216",0.000327565557604359
"ENSG00000171204",0.000327481621380794
"ENSG00000131242",0.000327218786237295
"ENSG00000135617",0.000327093049760799
"ENSG00000144218",0.000327060862037664
"ENSG00000123358",0.000327032299472388
"ENSG00000134152",0.000326862377650861
"ENSG00000171848",0.000326780693892357
"ENSG00000112159",0.000326726028215209
"ENSG00000121310",0.00032669035804402
"ENSG00000108666",0.000326658535666169
"ENSG00000186352",0.000326594980845774
"ENSG00000082258",0.000326211422150905
"ENSG00000165934",0.000326081880771845
"ENSG00000023228",0.000325820219799579
"ENSG00000173905",0.000325792952175735
"ENSG00000104412",0.00032544400047083
"ENSG00000141367",0.000325429556198912
"ENSG00000117318",0.000325352647665179
"ENSG00000169660",0.000325314932136571
"ENSG00000127720",0.000325133198870452
"ENSG00000275700",0.000324959951697268
"ENSG00000111321",0.000324816418251165
"ENSG00000125977",0.000324796038634105
"ENSG00000125991",0.000324205630388695
"ENSG00000158863",0.000324192099031259
"ENSG00000181481",0.000323954789315449
"ENSG00000110851",0.000323858779649816
"ENSG00000116857",0.000323769270147619
"ENSG00000151148",0.000323739027689046
"ENSG00000177311",0.000323700211952863
"ENSG00000163221",0.000323677634876422
"ENSG00000205268",0.000323487141603385
"ENSG00000047056",0.000323478607866878
"ENSG00000197713",0.000323447646255367
"ENSG00000117859",0.000323197056748513
"ENSG00000117226",0.000323114036468833
"ENSG00000109689",0.000323035428618342
"ENSG00000107819",0.000323016092186833
"ENSG00000144401",0.000322952479680697
"ENSG00000198087",0.000322718081449897
"ENSG00000136048",0.0003225799966826
"ENSG00000185033",0.000322562497097159
"ENSG00000171135",0.000322463305671392
"ENSG00000198909",0.000322252445461786
"ENSG00000138698",0.000322040461623101
"ENSG00000071894",0.000321762677037141
"ENSG00000164182",0.000321344416060155
"ENSG00000125386",0.000321036139754548
"ENSG00000135916",0.000320850511024731
"ENSG00000204178",0.000320476234769673
"ENSG00000179918",0.000320471706002529
"ENSG00000106012",0.000320280083000759
"ENSG00000179119",0.000320273957163601
"ENSG00000173064",0.000320158620829623
"ENSG00000134744",0.000320125946173595
"ENSG00000103091",0.000320053338382338
"ENSG00000095321",0.000320019005896616
"ENSG00000100744",0.000320018811526495
"ENSG00000095485",0.000319878382609087
"ENSG00000153071",0.000319279814117627
"ENSG00000139233",0.000319208371373648
"ENSG00000132950",0.000319192781359875
"ENSG00000122971",0.000319040892395313
"ENSG00000180822",0.000318921809572477
"ENSG00000171806",0.000318775778710611
"ENSG00000135842",0.000318725743512569
"ENSG00000107371",0.000318629677907711
"ENSG00000237441",0.000318556136882826
"ENSG00000169715",0.000317921463188233
"ENSG00000116350",0.000317872820899583
"ENSG00000186350",0.00031774713436769
"ENSG00000066427",0.000317648000498288
"ENSG00000134014",0.000317615654904348
"ENSG00000169504",0.000317430962702569
"ENSG00000086065",0.000317108966508558
"ENSG00000132155",0.00031698946641154
"ENSG00000101335",0.000316966412660201
"ENSG00000172830",0.000316611221006563
"ENSG00000196976",0.000316541298926176
"ENSG00000205339",0.000316535682207471
"ENSG00000107164",0.000316351230827793
"ENSG00000188021",0.000316177288464095
"ENSG00000101911",0.000316151659314335
"ENSG00000172046",0.000316088407229866
"ENSG00000178199",0.000315857866844643
"ENSG00000181896",0.000315629539067108
"ENSG00000146463",0.000315444298680262
"ENSG00000100934",0.000315389533203246
"ENSG00000174227",0.000315293017970946
"ENSG00000166938",0.000315246863800743
"ENSG00000198792",0.000315231716869469
"ENSG00000099956",0.00031516339023744
"ENSG00000113580",0.00031515225720181
"ENSG00000174903",0.000315149410230083
"ENSG00000120008",0.000315110292560971
"ENSG00000102897",0.000314971560709407
"ENSG00000134748",0.000314914545324314
"ENSG00000111877",0.000314913123722822
"ENSG00000091490",0.000314763909902883
"ENSG00000189068",0.000314763039961897
"ENSG00000164885",0.000314726369498582
"ENSG00000105516",0.000314588654741541
"ENSG00000116251",0.000314412030959062
"ENSG00000006576",0.000314403813056226
"ENSG00000138074",0.000314320902331804
"ENSG00000005007",0.000314052297546009
"ENSG00000116747",0.000313998841093378
"ENSG00000145982",0.000313973344355113
"ENSG00000105854",0.000313815262995502
"ENSG00000161955",0.000313680932780359
"ENSG00000127914",0.000313556392930868
"ENSG00000101997",0.000313554494892924
"ENSG00000250317",0.000313544070857686
"ENSG00000127922",0.000313525088459506
"ENSG00000115289",0.000313246374691325
"ENSG00000075089",0.000313222701904777
"ENSG00000005882",0.000313151913674396
"ENSG00000104518",0.0003130397085232
"ENSG00000105443",0.000312985557409217
"ENSG00000132646",0.000312947251880762
"ENSG00000170515",0.000312883701778428
"ENSG00000121940",0.000312814048678711
"ENSG00000197903",0.000312736264246985
"ENSG00000159618",0.0003126557082271
"ENSG00000068796",0.000312429690583488
"ENSG00000134444",0.000311906988644026
"ENSG00000131374",0.000311906095436186
"ENSG00000179344",0.000311820643941863
"ENSG00000134250",0.000311677737632529
"ENSG00000198478",0.000311644552196631
"ENSG00000125149",0.000311536575356032
"ENSG00000116717",0.000311511387793976
"ENSG00000130429",0.000311367266473674
"ENSG00000143793",0.000311301048260603
"ENSG00000152291",0.000311279943923047
"ENSG00000114650",0.000311215924708861
"ENSG00000204604",0.000311016120970288
"ENSG00000109790",0.000310942965496964
"ENSG00000070413",0.000310917151006859
"ENSG00000167258",0.000310742665456866
"ENSG00000164654",0.000310714117039732
"ENSG00000121766",0.000310711318398978
"ENSG00000057757",0.000310665469865395
"ENSG00000112977",0.000310563209519773
"ENSG00000143442",0.000310536236442689
"ENSG00000156469",0.000310462582871474
"ENSG00000111412",0.000310230080117242
"ENSG00000102606",0.000309984126426539
"ENSG00000179163",0.000309936701946874
"ENSG00000162241",0.000309868779042347
"ENSG00000118246",0.000309424070081054
"ENSG00000170542",0.000309304551601078
"ENSG00000108840",0.000309156167754554
"ENSG00000171453",0.000308983449597848
"ENSG00000077348",0.000308829077159965
"ENSG00000179021",0.000308472998501676
"ENSG00000132334",0.000308440385237055
"ENSG00000141040",0.000308274864963806
"ENSG00000120647",0.00030804062716252
"ENSG00000102081",0.000307871545025308
"ENSG00000086189",0.000307683899989852
"ENSG00000004961",0.00030765787635274
"ENSG00000132005",0.000307549079774844
"ENSG00000205643",0.000307519812235862
"ENSG00000059122",0.000307324449484675
"ENSG00000128739",0.000307221927111895
"ENSG00000005812",0.000307033697683392
"ENSG00000105676",0.00030686193509947
"ENSG00000036257",0.000306711545134927
"ENSG00000172009",0.000306637590724137
"ENSG00000177700",0.000306525604138976
"ENSG00000204161",0.000306459058024651
"ENSG00000162702",0.000306379471188646
"ENSG00000160691",0.000306345216319883
"ENSG00000130813",0.000306212596492426
"ENSG00000085978",0.000306030331888842
"ENSG00000106799",0.000305915140369529
"ENSG00000092931",0.000305859851885216
"ENSG00000038002",0.000305795003245972
"ENSG00000172785",0.000305679088501535
"ENSG00000113070",0.000305533324998913
"ENSG00000101017",0.00030534349854604
"ENSG00000149231",0.000305331816889666
"ENSG00000169093",0.000304738505051513
"ENSG00000101849",0.000304636361598494
"ENSG00000276070",0.000304479094749691
"ENSG00000076641",0.000304208796216666
"ENSG00000188321",0.000304167679767594
"ENSG00000173744",0.000304140335802903
"ENSG00000142751",0.000303973434191974
"ENSG00000137601",0.000303322933152502
"ENSG00000131149",0.000303284360704341
"ENSG00000163512",0.000303147636308823
"ENSG00000214114",0.000303107664810391
"ENSG00000167112",0.000302960484791026
"ENSG00000087470",0.000302935119190108
"ENSG00000124126",0.000302862190188829
"ENSG00000132952",0.000302857746782246
"ENSG00000242802",0.000302737398364169
"ENSG00000180098",0.000302720713648827
"ENSG00000173928",0.000302657523741665
"ENSG00000153574",0.000302490024504516
"ENSG00000144504",0.000302487560557106
"ENSG00000168887",0.00030242871645145
"ENSG00000132530",0.00030193889464569
"ENSG00000126522",0.000301831068694235
"ENSG00000198585",0.000301583862817283
"ENSG00000106638",0.000301481459697132
"ENSG00000153046",0.000301304329336657
"ENSG00000087116",0.000301270662372733
"ENSG00000117713",0.000301150106670242
"ENSG00000183735",0.00030107304953796
"ENSG00000101052",0.000301046913097299
"ENSG00000198837",0.000300798351480357
"ENSG00000107679",0.000300713612587672
"ENSG00000146409",0.000300577018303495
"ENSG00000186566",0.000300546892034246
"ENSG00000161904",0.000300351655315291
"ENSG00000107863",0.000300345100248881
"ENSG00000150961",0.000300227404519263
"ENSG00000105447",0.000300147646831595
"ENSG00000072858",0.000300020663400571
"ENSG00000179639",0.000299848875645168
"ENSG00000117153",0.000299362228137464
"ENSG00000176407",0.000299279618095332
"ENSG00000176083",0.000299084068119345
"ENSG00000166484",0.000299039291363853
"ENSG00000134058",0.00029884786497603
"ENSG00000132199",0.000298792771641262
"ENSG00000050405",0.000298590446055072
"ENSG00000092871",0.00029852071822913
"ENSG00000127870",0.000298508369772079
"ENSG00000166387",0.000298389543599311
"ENSG00000185515",0.000298064681814883
"ENSG00000037637",0.000297962316993926
"ENSG00000143374",0.000297903670280724
"ENSG00000115808",0.00029760553801146
"ENSG00000108963",0.000297338704802358
"ENSG00000102804",0.000296924222241597
"ENSG00000125375",0.000296820603345977
"ENSG00000170242",0.000296492582244093
"ENSG00000104299",0.000296293856766654
"ENSG00000126107",0.000296285079391956
"ENSG00000163694",0.000296203680353158
"ENSG00000204308",0.000296102925046172
"ENSG00000142002",0.000296016403614024
"ENSG00000164898",0.000295942257392693
"ENSG00000118260",0.00029577479939569
"ENSG00000100151",0.000295760378318339
"ENSG00000089775",0.000295642147385412
"ENSG00000156026",0.000295623924714697
"ENSG00000197451",0.000295314290767303
"ENSG00000116604",0.000295277059980301
"ENSG00000166233",0.000295211252858382
"ENSG00000112658",0.000295205827529111
"ENSG00000165795",0.000295201703849218
"ENSG00000114796",0.000295140502453808
"ENSG00000138081",0.000295101837571565
"ENSG00000138767",0.000295090914380046
"ENSG00000167207",0.00029487024918658
"ENSG00000126561",0.000294812026480135
"ENSG00000163634",0.000294774755959292
"ENSG00000086062",0.000294721138875845
"ENSG00000205138",0.000294628767024088
"ENSG00000166261",0.000294584379323891
"ENSG00000050748",0.000294467186115866
"ENSG00000138794",0.000294321583477527
"ENSG00000107551",0.000294298325012609
"ENSG00000147408",0.000294127646479102
"ENSG00000116918",0.000294104210477396
"ENSG00000058600",0.000294022883119684
"ENSG00000162366",0.000294006515862597
"ENSG00000077684",0.00029396572931107
"ENSG00000113161",0.000293962884703237
"ENSG00000177272",0.000293634471725657
"ENSG00000137764",0.000293263095974665
"ENSG00000119705",0.000293177742030306
"ENSG00000179832",0.000293115738232073
"ENSG00000025772",0.000293081252683828
"ENSG00000129465",0.000293012893843701
"ENSG00000144589",0.000292963910690971
"ENSG00000167986",0.000292962684702282
"ENSG00000096996",0.0002928578502039
"ENSG00000086758",0.0002928256353611
"ENSG00000115317",0.000292730512859699
"ENSG00000169228",0.000292728834046178
"ENSG00000148688",0.000292486056141528
"ENSG00000148719",0.000292286244653434
"ENSG00000246705",0.000292160188301793
"ENSG00000167785",0.000291775363467011
"ENSG00000127191",0.000291610199003652
"ENSG00000145860",0.00029152695490218
"ENSG00000110074",0.000291217338653142
"ENSG00000157800",0.000291155748974012
"ENSG00000085377",0.000291014270881035
"ENSG00000089220",0.000291006652657756
"ENSG00000167264",0.000290967668234377
"ENSG00000175274",0.000290756912202564
"ENSG00000145730",0.000290619756509901
"ENSG00000166275",0.000290560136699177
"ENSG00000148803",0.00029054691187388
"ENSG00000102575",0.000290540177229533
"ENSG00000108829",0.000290503845237252
"ENSG00000196151",0.000290413653110708
"ENSG00000163399",0.000290343301580999
"ENSG00000006712",0.000290108236163337
"ENSG00000182247",0.00028998168833413
"ENSG00000068394",0.000289886112624349
"ENSG00000148335",0.00028988195775144
"ENSG00000172336",0.000289836263200094
"ENSG00000173369",0.000289555920606779
"ENSG00000168710",0.000289554845747708
"ENSG00000011007",0.000289473103183353
"ENSG00000177830",0.000289434280293423
"ENSG00000159753",0.000289174191455164
"ENSG00000140262",0.000289171356673624
"ENSG00000172273",0.000289153665874732
"ENSG00000160072",0.000289118585155586
"ENSG00000100462",0.000289112717053995
"ENSG00000167543",0.00028887599223135
"ENSG00000165512",0.000288687828135964
"ENSG00000221968",0.000288653925659031
"ENSG00000130725",0.000288468976017719
"ENSG00000107643",0.000288355480605573
"ENSG00000140743",0.00028823843859625
"ENSG00000007202",0.000287997248942855
"ENSG00000170271",0.000287946988113408
"ENSG00000198925",0.000287817742892526
"ENSG00000176788",0.000287641613040754
"ENSG00000152240",0.000287524516090735
"ENSG00000204104",0.000287369822508695
"ENSG00000082641",0.000287320196482047
"ENSG00000171206",0.000287207094024137
"ENSG00000005249",0.000287175382518179
"ENSG00000165494",0.00028710273418208
"ENSG00000135597",0.000286755130983197
"ENSG00000109667",0.000286642715681172
"ENSG00000165714",0.000286591006978729
"ENSG00000143363",0.000286576233615564
"ENSG00000066583",0.000286396084164073
"ENSG00000140382",0.000286289242322227
"ENSG00000108510",0.000286236148831056
"ENSG00000136699",0.000286178421515303
"ENSG00000125459",0.000285737237336401
"ENSG00000127946",0.0002857055332143
"ENSG00000163659",0.000285659375507073
"ENSG00000110619",0.000285609175270126
"ENSG00000130560",0.000285528777698335
"ENSG00000197150",0.0002855240876003
"ENSG00000100077",0.000285482280130396
"ENSG00000115661",0.00028541456965222
"ENSG00000175104",0.00028522417826959
"ENSG00000198911",0.000285193407029947
"ENSG00000138796",0.000285039687878138
"ENSG00000141127",0.000284940113565578
"ENSG00000065675",0.000284724169780694
"ENSG00000119820",0.000284620502636456
"ENSG00000139832",0.000284606155603071
"ENSG00000204131",0.000284563238041467
"ENSG00000166197",0.000284531383336356
"ENSG00000105612",0.000284287886599895
"ENSG00000171681",0.000284275117506728
"ENSG00000119537",0.000284187070628165
"ENSG00000183484",0.000284138542982298
"ENSG00000130244",0.000284097028526884
"ENSG00000119383",0.000284095862162897
"ENSG00000064886",0.000284075740291628
"ENSG00000164031",0.000283638541347616
"ENSG00000135052",0.000283636572050441
"ENSG00000153339",0.00028339138622029
"ENSG00000123415",0.000283058686444016
"ENSG00000198393",0.000283004279541922
"ENSG00000102753",0.000282807841653092
"ENSG00000136045",0.000282794965155482
"ENSG00000126456",0.000282541539415783
"ENSG00000068912",0.00028250311090866
"ENSG00000116198",0.000282474645923098
"ENSG00000185305",0.000282449638990269
"ENSG00000116791",0.00028244890635107
"ENSG00000116663",0.00028235844591401
"ENSG00000152219",0.000282352715013492
"ENSG00000143486",0.000282273651708688
"ENSG00000143457",0.000282229069265434
"ENSG00000143641",0.000282168884159841
"ENSG00000135469",0.000282163257098653
"ENSG00000118971",0.000281966498904978
"ENSG00000213995",0.000281922978456811
"ENSG00000165487",0.000281688416104275
"ENSG00000259207",0.000281331920849414
"ENSG00000114439",0.000281309853208629
"ENSG00000121350",0.000281249517234172
"ENSG00000160991",0.000281160253026391
"ENSG00000156599",0.000280982758503104
"ENSG00000175768",0.000280871781308167
"ENSG00000074266",0.000280758005551116
"ENSG00000102893",0.00028064142123009
"ENSG00000132773",0.000280634681954539
"ENSG00000197119",0.000280614469331588
"ENSG00000105829",0.000280443980522368
"ENSG00000159063",0.000280314101907737
"ENSG00000179051",0.000280255751760159
"ENSG00000196187",0.000280057651392743
"ENSG00000131373",0.000280008714039021
"ENSG00000183828",0.000279930559495254
"ENSG00000164611",0.000279612775780181
"ENSG00000196544",0.000279574987035569
"ENSG00000118620",0.000279534060708011
"ENSG00000167977",0.000279501013069416
"ENSG00000147789",0.000279328550808578
"ENSG00000175826",0.000279220344206356
"ENSG00000136770",0.000279122216009952
"ENSG00000138621",0.00027912063936484
"ENSG00000033178",0.0002789362736063
"ENSG00000108405",0.000278786708779506
"ENSG00000151150",0.000278740833530346
"ENSG00000104980",0.000278685947627319
"ENSG00000100364",0.000278632941802014
"ENSG00000130021",0.000278584621151976
"ENSG00000108599",0.000278571156387373
"ENSG00000178971",0.000278560155952327
"ENSG00000157837",0.000278443117049785
"ENSG00000145979",0.000278388750252726
"ENSG00000213397",0.000278086014417002
"ENSG00000073803",0.000278045091551724
"ENSG00000181472",0.000277883970020017
"ENSG00000076685",0.000277797986410656
"ENSG00000165416",0.000277625241415206
"ENSG00000154059",0.00027761694954497
"ENSG00000164172",0.000277178379395796
"ENSG00000128218",0.000277102214256565
"ENSG00000042088",0.000277039254178349
"ENSG00000186810",0.000277026973092813
"ENSG00000197114",0.000277010571149318
"ENSG00000146232",0.000276767887049043
"ENSG00000095574",0.000276758281761695
"ENSG00000131844",0.000276548046551486
"ENSG00000143437",0.000276510351519999
"ENSG00000157303",0.000276454870448099
"ENSG00000070367",0.000276413927533743
"ENSG00000184967",0.000276108186282119
"ENSG00000102245",0.000276089842780929
"ENSG00000197635",0.000275825853866925
"ENSG00000123728",0.00027578720725735
"ENSG00000099940",0.00027576114039844
"ENSG00000112419",0.000275750838603559
"ENSG00000144043",0.000275515255087231
"ENSG00000158042",0.000275235951110846
"ENSG00000113597",0.000275202621242019
"ENSG00000114302",0.000275197097715481
"ENSG00000164961",0.000275015614969623
"ENSG00000128829",0.000274567916029678
"ENSG00000140848",0.00027454828310573
"ENSG00000118518",0.000274451385439693
"ENSG00000113734",0.000274077373007471
"ENSG00000138750",0.000274054135528496
"ENSG00000101901",0.000273949786769926
"ENSG00000111450",0.000273939437712359
"ENSG00000243660",0.00027370956662413
"ENSG00000273749",0.000273589312705217
"ENSG00000170502",0.000273451333444124
"ENSG00000165702",0.000273358052947266
"ENSG00000064545",0.000273356707335608
"ENSG00000132286",0.000273134989622095
"ENSG00000148337",0.000272928466118279
"ENSG00000196267",0.000272817643298731
"ENSG00000124596",0.000272682479062182
"ENSG00000175216",0.000272626051803772
"ENSG00000121671",0.000272582394507087
"ENSG00000150093",0.000272507118850563
"ENSG00000047579",0.0002724659320499
"ENSG00000130311",0.000272462999918375
"ENSG00000136273",0.000272388299199253
"ENSG00000107331",0.000272277548919938
"ENSG00000109320",0.000272205233191212
"ENSG00000137496",0.000272186146948461
"ENSG00000119408",0.000272179262161644
"ENSG00000213903",0.000272038806052214
"ENSG00000116667",0.00027150345989674
"ENSG00000066455",0.000271466297854496
"ENSG00000050393",0.000271396104287979
"ENSG00000120509",0.000271281970565576
"ENSG00000177885",0.00027126836054303
"ENSG00000143891",0.000271157412432323
"ENSG00000182628",0.000271115341115372
"ENSG00000177646",0.000271107401521617
"ENSG00000204138",0.000271026957531866
"ENSG00000032389",0.000270930640894156
"ENSG00000065150",0.000270787917844939
"ENSG00000105364",0.000270536496671884
"ENSG00000164244",0.000270294830546137
"ENSG00000106077",0.000270229344283209
"ENSG00000114737",0.000270058691295704
"ENSG00000173083",0.000270033132732547
"ENSG00000166206",0.000270030316376537
"ENSG00000171928",0.000269542884649878
"ENSG00000153879",0.000269419338134445
"ENSG00000110931",0.000269041203027663
"ENSG00000144426",0.000269018116038208
"ENSG00000023445",0.00026892633212766
"ENSG00000160124",0.000268804979469454
"ENSG00000168818",0.000268753337377692
"ENSG00000123240",0.000268719004645098
"ENSG00000132406",0.000268623429509263
"ENSG00000117395",0.000268533777134141
"ENSG00000182208",0.000268324369037307
"ENSG00000240849",0.000268194653666704
"ENSG00000132478",0.000268158815353205
"ENSG00000182359",0.000268082612848768
"ENSG00000198363",0.000268080038098838
"ENSG00000131584",0.000267896474635912
"ENSG00000176142",0.000267774794079235
"ENSG00000204130",0.00026766310166118
"ENSG00000106305",0.000267635173436316
"ENSG00000060749",0.00026707637100499
"ENSG00000172831",0.000266970325293814
"ENSG00000114779",0.000266931824578415
"ENSG00000154957",0.000266817808869451
"ENSG00000138413",0.000266470922438854
"ENSG00000103510",0.000266421717108381
"ENSG00000122417",0.000266274004975035
"ENSG00000163933",0.000266155148433569
"ENSG00000142856",0.000266091347042499
"ENSG00000148229",0.000266090689372036
"ENSG00000189190",0.000266050212307212
"ENSG00000185504",0.00026596742497168
"ENSG00000205707",0.000265933701942485
"ENSG00000109814",0.000265923797419122
"ENSG00000047249",0.00026591678577191
"ENSG00000010219",0.000265842289120069
"ENSG00000172340",0.000265765586116805
"ENSG00000257727",0.000265624276875546
"ENSG00000183386",0.000265593020201514
"ENSG00000183019",0.000265552188445885
"ENSG00000100124",0.000265549075101218
"ENSG00000155975",0.000265470838867282
"ENSG00000161677",0.000265253950407432
"ENSG00000110801",0.000265245459191017
"ENSG00000167657",0.0002651789160843
"ENSG00000241839",0.000265051909989883
"ENSG00000163389",0.000264985361304792
"ENSG00000140688",0.000264932337521044
"ENSG00000169599",0.000264402742982445
"ENSG00000118596",0.000264348440828279
"ENSG00000078687",0.000264297362807757
"ENSG00000089820",0.000264163527017653
"ENSG00000099308",0.000264155863867681
"ENSG00000221823",0.000264019289425847
"ENSG00000122085",0.000263913497888057
"ENSG00000137871",0.000263895196691431
"ENSG00000198836",0.000263864413146003
"ENSG00000067248",0.000263772045456057
"ENSG00000197632",0.000263425065839223
"ENSG00000277443",0.000263300961030385
"ENSG00000136100",0.000263215742520389
"ENSG00000120802",0.000263213326464679
"ENSG00000164292",0.000263151180844641
"ENSG00000136451",0.000263143798889528
"ENSG00000146476",0.000262967687834178
"ENSG00000149929",0.000262858906521003
"ENSG00000145868",0.000262762505519113
"ENSG00000114026",0.000262730033726372
"ENSG00000132600",0.000262647322091141
"ENSG00000180104",0.000262552894210228
"ENSG00000173588",0.00026254590915552
"ENSG00000138835",0.000262466474025353
"ENSG00000175376",0.000262379880199347
"ENSG00000103227",0.000262365544241857
"ENSG00000223501",0.00026233648091003
"ENSG00000184076",0.000262232549572463
"ENSG00000129347",0.000262161907953018
"ENSG00000069943",0.000262152730895113
"ENSG00000095564",0.000262106028106471
"ENSG00000106330",0.000262055791392378
"ENSG00000010278",0.000261790823695717
"ENSG00000086589",0.000261745694460757
"ENSG00000131389",0.000261708280250384
"ENSG00000138376",0.000261478875429459
"ENSG00000122042",0.000261436933734956
"ENSG00000174080",0.000261271673348901
"ENSG00000163823",0.000261171580240187
"ENSG00000165322",0.00026062619843027
"ENSG00000102225",0.000260535983765306
"ENSG00000114120",0.000260453588256588
"ENSG00000176171",0.000260327044395006
"ENSG00000171984",0.000260217519007937
"ENSG00000095261",0.000260195456418289
"ENSG00000120709",0.000260157513353626
"ENSG00000163882",0.000260130178895249
"ENSG00000101751",0.000259871678791643
"ENSG00000090376",0.00025967583524632
"ENSG00000135678",0.00025965764710886
"ENSG00000136802",0.000259543094936519
"ENSG00000119431",0.000259541372921736
"ENSG00000177663",0.00025931233057881
"ENSG00000153395",0.000259165979151065
"ENSG00000089916",0.000258979138282646
"ENSG00000165457",0.000258679541338561
"ENSG00000101445",0.000258610277407312
"ENSG00000172081",0.000258596296807137
"ENSG00000006530",0.00025857732860605
"ENSG00000111276",0.00025852025219285
"ENSG00000155846",0.000258512197050903
"ENSG00000100325",0.00025842713184538
"ENSG00000153786",0.000258417642821275
"ENSG00000137265",0.000258391665406448
"ENSG00000169902",0.000258179835845164
"ENSG00000075826",0.000258153343113255
"ENSG00000094841",0.000258097557474133
"ENSG00000144381",0.000257996817445219
"ENSG00000151470",0.000257938822655414
"ENSG00000181847",0.000257798299472631
"ENSG00000139679",0.000257777569265253
"ENSG00000164951",0.000257748532763237
"ENSG00000108406",0.000257732562163611
"ENSG00000078070",0.000257703065840754
"ENSG00000153391",0.000257636945786577
"ENSG00000082781",0.000257628610687075
"ENSG00000196730",0.000257551254857624
"ENSG00000113263",0.000257459360035995
"ENSG00000154511",0.000257293281119092
"ENSG00000179134",0.000257221446045015
"ENSG00000107854",0.000257199354752319
"ENSG00000168264",0.000257073702517048
"ENSG00000105281",0.000256876517629203
"ENSG00000143811",0.000256811255542814
"ENSG00000213654",0.00025676428239472
"ENSG00000123159",0.000256643361495674
"ENSG00000165632",0.000256364309243674
"ENSG00000072310",0.000256276395761791
"ENSG00000196247",0.000256189542715407
"ENSG00000162227",0.000256142143692391
"ENSG00000095209",0.000256074014936654
"ENSG00000109107",0.000256043833126669
"ENSG00000170476",0.000255834910206361
"ENSG00000096080",0.00025572874927645
"ENSG00000138821",0.000255588061849617
"ENSG00000127527",0.00025520354823254
"ENSG00000169696",0.000255128406449609
"ENSG00000143401",0.000255122543767003
"ENSG00000163029",0.000255101528432286
"ENSG00000101236",0.000255003121370651
"ENSG00000139190",0.000254983083183571
"ENSG00000167083",0.000254906705664929
"ENSG00000073756",0.000254902026973155
"ENSG00000204136",0.000254882228845829
"ENSG00000110871",0.000254876402350712
"ENSG00000170027",0.000254754223312092
"ENSG00000146282",0.000254487915627332
"ENSG00000100796",0.00025430589858513
"ENSG00000082213",0.000254257504950411
"ENSG00000126254",0.000254090309565366
"ENSG00000122692",0.000253946548084989
"ENSG00000144535",0.00025389094403899
"ENSG00000204228",0.000253806183081107
"ENSG00000184924",0.000253759590620988
"ENSG00000166979",0.000253725029007399
"ENSG00000095794",0.000253638071374135
"ENSG00000105552",0.000253354233664388
"ENSG00000197601",0.000253300366594709
"ENSG00000088826",0.000253293140836873
"ENSG00000096384",0.000253234933710578
"ENSG00000147364",0.000253131850843266
"ENSG00000124370",0.000253103684665834
"ENSG00000213625",0.000252918860785064
"ENSG00000183258",0.000252875806305176
"ENSG00000093167",0.00025281704735891
"ENSG00000115540",0.000252707520096389
"ENSG00000218739",0.000252694790362629
"ENSG00000125630",0.000252491635437485
"ENSG00000196576",0.00025248997101571
"ENSG00000178974",0.000252229920846996
"ENSG00000165140",0.000252219095569296
"ENSG00000116237",0.000252214681830457
"ENSG00000162923",0.000252020573573285
"ENSG00000117862",0.000251926068524112
"ENSG00000049656",0.00025187721620581
"ENSG00000064703",0.000251840200654778
"ENSG00000056097",0.000251775351833327
"ENSG00000076043",0.000251729677888997
"ENSG00000120942",0.000251660111178094
"ENSG00000156170",0.000251524579037392
"ENSG00000063241",0.000251198011897667
"ENSG00000008838",0.000251197029923514
"ENSG00000141385",0.000250951333764789
"ENSG00000116750",0.000250918567247789
"ENSG00000175334",0.000250633690428145
"ENSG00000130733",0.000250608184305004
"ENSG00000160714",0.000250591794085142
"ENSG00000070061",0.000250569387087381
"ENSG00000080298",0.000250562852178763
"ENSG00000150054",0.000250558529818755
"ENSG00000182551",0.000250493873883965
"ENSG00000131437",0.000250459541839488
"ENSG00000163964",0.00025015769930109
"ENSG00000116863",0.000250108786412241
"ENSG00000150867",0.000250011325155131
"ENSG00000198746",0.000249943786727203
"ENSG00000186480",0.000249888314455936
"ENSG00000136867",0.000249802415203649
"ENSG00000065600",0.000249732900358343
"ENSG00000010327",0.000249725991885915
"ENSG00000066926",0.00024966075847069
"ENSG00000123349",0.000249583389678411
"ENSG00000152778",0.000249474506215044
"ENSG00000119720",0.000249436616949564
"ENSG00000166199",0.00024942611601167
"ENSG00000104812",0.000249372193297919
"ENSG00000241685",0.000249314226218912
"ENSG00000132109",0.000249293322760192
"ENSG00000162734",0.000249201105786463
"ENSG00000105248",0.000249200132939151
"ENSG00000143653",0.00024912199864096
"ENSG00000153130",0.00024905897541009
"ENSG00000117533",0.000248937721861561
"ENSG00000125482",0.000248936567650874
"ENSG00000156931",0.000248928959116202
"ENSG00000177548",0.000248923404786009
"ENSG00000182541",0.000248823332662718
"ENSG00000144867",0.000248729602004759
"ENSG00000142188",0.000248692678005549
"ENSG00000071054",0.000248482274229613
"ENSG00000150768",0.000248393482146612
"ENSG00000177042",0.000248304878843923
"ENSG00000146350",0.000248057751316472
"ENSG00000265491",0.000248008050471213
"ENSG00000083223",0.000247898941098365
"ENSG00000213619",0.00024764311779966
"ENSG00000131196",0.00024763130714493
"ENSG00000204590",0.000247526327876703
"ENSG00000149091",0.000247350147384753
"ENSG00000109919",0.00024730216053437
"ENSG00000166135",0.000247200071521353
"ENSG00000169964",0.000246935202079699
"ENSG00000106290",0.000246626797966106
"ENSG00000147121",0.000246496840474673
"ENSG00000113088",0.00024638950882501
"ENSG00000172113",0.000246130417722731
"ENSG00000107929",0.000246008933593938
"ENSG00000151065",0.000246002052901339
"ENSG00000111540",0.00024590458980355
"ENSG00000073861",0.000245821285611502
"ENSG00000186654",0.000245514354688573
"ENSG00000164347",0.000245396753305828
"ENSG00000132676",0.000245381723201978
"ENSG00000188785",0.000244920561882253
"ENSG00000204514",0.000244805918873131
"ENSG00000148218",0.000244553336203042
"ENSG00000165806",0.000244293769642627
"ENSG00000140386",0.00024424460702496
"ENSG00000121060",0.000243935457337351
"ENSG00000159593",0.00024387067744291
"ENSG00000032444",0.000243645287361379
"ENSG00000099804",0.00024359213427349
"ENSG00000157881",0.000243451523971297
"ENSG00000170860",0.000243326346895857
"ENSG00000143155",0.000243283565443645
"ENSG00000163344",0.000243228582961447
"ENSG00000122140",0.000243148038003126
"ENSG00000161036",0.000243102793438833
"ENSG00000100393",0.000242976352916133
"ENSG00000174197",0.000242941596746639
"ENSG00000141664",0.000242939949871597
"ENSG00000167674",0.000242930369548579
"ENSG00000153207",0.000242876606197171
"ENSG00000172262",0.000242847907882597
"ENSG00000142875",0.000242799502250991
"ENSG00000075914",0.000242762494352995
"ENSG00000168538",0.00024271289709335
"ENSG00000103274",0.0002427068445414
"ENSG00000253719",0.000242512170027562
"ENSG00000170525",0.000242354084922136
"ENSG00000135776",0.000242351640834425
"ENSG00000244187",0.000242253990227186
"ENSG00000166454",0.000242205283909279
"ENSG00000183943",0.000242109002566276
"ENSG00000127483",0.000242085551716554
"ENSG00000164109",0.00024184764494438
"ENSG00000198862",0.000241588103144843
"ENSG00000198721",0.000241574836485059
"ENSG00000172059",0.000241394403792806
"ENSG00000182858",0.000241386419918124
"ENSG00000166986",0.000241365316869682
"ENSG00000100417",0.00024136154579235
"ENSG00000131558",0.000241313968987016
"ENSG00000264364",0.000241176061708522
"ENSG00000111639",0.000241111660940598
"ENSG00000166405",0.000240573543602145
"ENSG00000088035",0.000240524510837526
"ENSG00000105186",0.000240374447719429
"ENSG00000240344",0.000240077306849453
"ENSG00000112592",0.000239973196750683
"ENSG00000147853",0.000239939410694133
"ENSG00000131148",0.000239887981736309
"ENSG00000110090",0.000239874638939585
"ENSG00000162676",0.000239798814890079
"ENSG00000164609",0.000239633768661461
"ENSG00000123219",0.00023963344568384
"ENSG00000116539",0.000239455123406894
"ENSG00000126858",0.000239238756654766
"ENSG00000170854",0.000239156949514892
"ENSG00000136504",0.000238989198299484
"ENSG00000138138",0.000238924470441353
"ENSG00000120280",0.000238908639157087
"ENSG00000108509",0.000238904790776421
"ENSG00000179029",0.000238503439028184
"ENSG00000091542",0.00023846524110675
"ENSG00000173137",0.000238452526240127
"ENSG00000175137",0.00023837171674555
"ENSG00000124532",0.000238351053529859
"ENSG00000132535",0.000238184548201835
"ENSG00000168229",0.000238140594523054
"ENSG00000126351",0.000237861421339867
"ENSG00000100918",0.000237807076863541
"ENSG00000139266",0.000237803987192885
"ENSG00000034533",0.000237787521041176
"ENSG00000083844",0.000237690666206172
"ENSG00000196923",0.000237533252198022
"ENSG00000198040",0.000237523754019595
"ENSG00000100483",0.000237463071495505
"ENSG00000146067",0.000237453481723743
"ENSG00000101019",0.000237221747815068
"ENSG00000112773",0.000236992714494733
"ENSG00000100578",0.000236842474983477
"ENSG00000136161",0.000236811844993318
"ENSG00000141428",0.00023680640969246
"ENSG00000182149",0.000236532072513536
"ENSG00000163739",0.000236283901785839
"ENSG00000155561",0.00023626923481273
"ENSG00000177606",0.000236238101556029
"ENSG00000080839",0.000236223850681865
"ENSG00000104164",0.000236139338806932
"ENSG00000145354",0.000236101341855425
"ENSG00000164219",0.000236068731962407
"ENSG00000141349",0.000235995530679417
"ENSG00000108819",0.000235543417310869
"ENSG00000125124",0.000235480743150342
"ENSG00000100226",0.000235355304988634
"ENSG00000108433",0.000235338038140938
"ENSG00000177868",0.000235323261429372
"ENSG00000149557",0.000235282126099274
"ENSG00000163568",0.000234233576152443
"ENSG00000148331",0.000234189987513427
"ENSG00000085415",0.000234169350437832
"ENSG00000104219",0.000234108268780731
"ENSG00000197562",0.000234058932967663
"ENSG00000083290",0.000234029827073488
"ENSG00000105793",0.000233926067485985
"ENSG00000148572",0.000233724711718889
"ENSG00000133935",0.000233708302462595
"ENSG00000009413",0.000233302707322153
"ENSG00000161395",0.000233147675888
"ENSG00000100372",0.000233087229470638
"ENSG00000135775",0.000232974776296519
"ENSG00000173540",0.000232923116015953
"ENSG00000157483",0.000232831206589519
"ENSG00000100889",0.000232796720070714
"ENSG00000172932",0.000232592191753338
"ENSG00000143756",0.000232550384249079
"ENSG00000132386",0.000232511644223572
"ENSG00000151729",0.000232337430059171
"ENSG00000074935",0.000232158303444151
"ENSG00000179862",0.000232089221977228
"ENSG00000155189",0.000232014108535207
"ENSG00000137040",0.00023198585570596
"ENSG00000114742",0.000231983071760302
"ENSG00000125637",0.0002318682373912
"ENSG00000162851",0.00023175971883089
"ENSG00000135341",0.000231746743487644
"ENSG00000066739",0.000231701963327319
"ENSG00000126062",0.000231655264044374
"ENSG00000124279",0.000231594492488005
"ENSG00000172661",0.000231518896235028
"ENSG00000085760",0.000231288599776868
"ENSG00000125817",0.000231252077769989
"ENSG00000105607",0.000231160823571919
"ENSG00000204560",0.000231064261791599
"ENSG00000137364",0.000231055715439181
"ENSG00000139505",0.000231050087535474
"ENSG00000069424",0.000230818357096933
"ENSG00000138613",0.000230781078803072
"ENSG00000213722",0.000230773274072253
"ENSG00000155256",0.000230692301933596
"ENSG00000106459",0.000230642009083575
"ENSG00000134243",0.000230623615733369
"ENSG00000126749",0.000230576224118517
"ENSG00000187116",0.000230492018259043
"ENSG00000105323",0.00023044368246176
"ENSG00000100614",0.000230347167115789
"ENSG00000111731",0.000230323674495263
"ENSG00000135241",0.000230267225447946
"ENSG00000169375",0.000230200449423298
"ENSG00000174738",0.000230162857312691
"ENSG00000119912",0.000230093428152724
"ENSG00000161217",0.000230088998563779
"ENSG00000172939",0.000230068370342375
"ENSG00000214046",0.000230051684169418
"ENSG00000118454",0.000230034790438254
"ENSG00000107021",0.000229997267291671
"ENSG00000122483",0.000229966426130512
"ENSG00000149313",0.000229942217567444
"ENSG00000055163",0.000229879427395885
"ENSG00000108846",0.000229695606523693
"ENSG00000073169",0.000229569829060806
"ENSG00000188921",0.000229473823279211
"ENSG00000130810",0.000229469776915458
"ENSG00000117143",0.000229419555433316
"ENSG00000133742",0.000229402333164707
"ENSG00000137075",0.000229318025805974
"ENSG00000160305",0.000229202698179564
"ENSG00000170846",0.000229168547508794
"ENSG00000010292",0.000229017063032866
"ENSG00000164068",0.000229006112098706
"ENSG00000196712",0.000228883014084585
"ENSG00000107937",0.000228530086258883
"ENSG00000101444",0.000228497178261199
"ENSG00000248905",0.000228387611961542
"ENSG00000186827",0.000228294207691548
"ENSG00000167671",0.000228276557659954
"ENSG00000130921",0.000228240391582172
"ENSG00000105655",0.000228220541513939
"ENSG00000171100",0.000228211200666924
"ENSG00000078043",0.000228161420820445
"ENSG00000141971",0.000227995198642475
"ENSG00000164091",0.000227994985435997
"ENSG00000197563",0.000227968432529339
"ENSG00000129559",0.000227966245649719
"ENSG00000130150",0.000227919303461823
"ENSG00000182183",0.000227766301483212
"ENSG00000145782",0.000227734287716385
"ENSG00000105821",0.000227726120269947
"ENSG00000181467",0.000227681866408942
"ENSG00000065135",0.000227540389130934
"ENSG00000088451",0.000227535615814358
"ENSG00000114812",0.000227515813644598
"ENSG00000132603",0.000227504235465027
"ENSG00000139370",0.000227384146713997
"ENSG00000131871",0.000227175541875043
"ENSG00000065057",0.000226876569109768
"ENSG00000140553",0.000226855323451473
"ENSG00000159596",0.000226841098040653
"ENSG00000167984",0.00022683334732131
"ENSG00000124784",0.000226810272441273
"ENSG00000136603",0.000226790179540159
"ENSG00000153774",0.000226777691499055
"ENSG00000126226",0.000226719362353302
"ENSG00000151881",0.000226708884087357
"ENSG00000154589",0.000226696908655629
"ENSG00000102078",0.000226630324487118
"ENSG00000146802",0.000226471463483305
"ENSG00000123975",0.000226449471858639
"ENSG00000163812",0.000226421110505819
"ENSG00000197043",0.000226396369116657
"ENSG00000149294",0.000226395211216306
"ENSG00000147155",0.000226370170150505
"ENSG00000140416",0.000226263311256337
"ENSG00000122435",0.000225948386641904
"ENSG00000110395",0.000225720558697499
"ENSG00000180891",0.000225680129499632
"ENSG00000104976",0.000225621760330517
"ENSG00000169188",0.000225473038576552
"ENSG00000187522",0.00022541456975865
"ENSG00000074706",0.000225403154420639
"ENSG00000026950",0.000225327672079649
"ENSG00000241468",0.00022527773087965
"ENSG00000109113",0.000225259382913243
"ENSG00000137720",0.000225166113121565
"ENSG00000138185",0.000225141043486776
"ENSG00000141424",0.000225114719376173
"ENSG00000182287",0.000225084001213508
"ENSG00000130305",0.000224893478800511
"ENSG00000173480",0.000224828233827965
"ENSG00000184117",0.000224729451593586
"ENSG00000161920",0.000224463711321988
"ENSG00000135956",0.000224449888483039
"ENSG00000140463",0.000224213795207086
"ENSG00000144524",0.000224188651038277
"ENSG00000109756",0.00022407523691049
"ENSG00000145348",0.000224031729809846
"ENSG00000160959",0.000223866115695028
"ENSG00000176974",0.00022377013708584
"ENSG00000115365",0.000223666724885906
"ENSG00000171840",0.00022351364874393
"ENSG00000130024",0.00022348227003478
"ENSG00000175575",0.00022332067355561
"ENSG00000163904",0.000223224044039687
"ENSG00000160961",0.000223117017366253
"ENSG00000107521",0.000223113017562437
"ENSG00000138617",0.000223104025005458
"ENSG00000179715",0.000223012069175726
"ENSG00000171033",0.000223004039212401
"ENSG00000184557",0.000222952964428116
"ENSG00000101844",0.000222856410934093
"ENSG00000089335",0.000222546712786736
"ENSG00000056586",0.00022251446597405
"ENSG00000136404",0.000222488760693643
"ENSG00000142039",0.000222466710640138
"ENSG00000134548",0.00022245877602944
"ENSG00000083750",0.000222362893325225
"ENSG00000135912",0.000222209467982321
"ENSG00000146535",0.000222156760905101
"ENSG00000132612",0.000222061762841259
"ENSG00000187735",0.000222007138788368
"ENSG00000119650",0.000221928517124045
"ENSG00000204856",0.000221881604485696
"ENSG00000123395",0.000221810840276538
"ENSG00000006715",0.000221755441109573
"ENSG00000170037",0.000221715468377139
"ENSG00000113658",0.000221595681163143
"ENSG00000181631",0.000221450178191178
"ENSG00000186132",0.000221130167484674
"ENSG00000141179",0.000221000418808587
"ENSG00000100362",0.000220983999426164
"ENSG00000178623",0.000220784426991735
"ENSG00000160226",0.000220780741988754
"ENSG00000135272",0.000220724074984392
"ENSG00000103707",0.000220696642177345
"ENSG00000166527",0.000220570420988495
"ENSG00000184508",0.000220349890561175
"ENSG00000196214",0.000220326657462862
"ENSG00000101247",0.000220293478785751
"ENSG00000198026",0.000220218551672003
"ENSG00000132740",0.000220214415690926
"ENSG00000132275",0.000220106645961497
"ENSG00000184221",0.000219981260003114
"ENSG00000196507",0.000219804486397131
"ENSG00000103423",0.000219675890817095
"ENSG00000126821",0.000219521862055472
"ENSG00000111596",0.000219516556638966
"ENSG00000100902",0.000219499899774409
"ENSG00000121851",0.000219361901953835
"ENSG00000089597",0.000219358098846677
"ENSG00000138303",0.000219319253408852
"ENSG00000196323",0.000219282034962031
"ENSG00000007168",0.000219279865746467
"ENSG00000046647",0.000219223078458571
"ENSG00000196227",0.000219096242506391
"ENSG00000165288",0.000218889298460485
"ENSG00000122965",0.000218847638065445
"ENSG00000095015",0.00021880334253991
"ENSG00000112343",0.000218795631503862
"ENSG00000168890",0.000218779781972633
"ENSG00000033170",0.000218778892037338
"ENSG00000153201",0.000218736500088664
"ENSG00000141425",0.000218615645899038
"ENSG00000120210",0.000218477419617267
"ENSG00000071889",0.000218188669766344
"ENSG00000089060",0.000218059623654136
"ENSG00000157349",0.0002180336642124
"ENSG00000130517",0.000217886319640834
"ENSG00000066044",0.000217651839982904
"ENSG00000176102",0.000217580759802793
"ENSG00000105352",0.000217526316178019
"ENSG00000100023",0.000217522841670821
"ENSG00000132604",0.000217481572484834
"ENSG00000184574",0.000217340594806577
"ENSG00000115274",0.000217153625063154
"ENSG00000001461",0.000217121991968271
"ENSG00000183155",0.000217010641909486
"ENSG00000132382",0.000216830194516561
"ENSG00000141505",0.000216745217759813
"ENSG00000100908",0.000216654878974165
"ENSG00000055332",0.000216644039553106
"ENSG00000107829",0.000216624466865846
"ENSG00000198546",0.000216426084840248
"ENSG00000119487",0.000215978037579521
"ENSG00000111671",0.000215950950360575
"ENSG00000091483",0.000215923305696631
"ENSG00000110435",0.000215904364021197
"ENSG00000106052",0.000215791787541586
"ENSG00000075303",0.000215458319851382
"ENSG00000115970",0.00021544721341737
"ENSG00000122484",0.00021527262503466
"ENSG00000187193",0.000215128097933465
"ENSG00000123815",0.00021504754375792
"ENSG00000137692",0.000215024088972428
"ENSG00000172530",0.00021481990247227
"ENSG00000096092",0.000214801616739265
"ENSG00000154930",0.000214708511036687
"ENSG00000119599",0.000214598752985013
"ENSG00000114648",0.000214583072846201
"ENSG00000120833",0.000214580188666611
"ENSG00000155363",0.000214537392158836
"ENSG00000137200",0.00021450936882727
"ENSG00000133794",0.000214493777549007
"ENSG00000198960",0.000214456727554275
"ENSG00000117151",0.00021438005248379
"ENSG00000112659",0.00021428248929253
"ENSG00000111885",0.000214102159403162
"ENSG00000131188",0.000214075551670393
"ENSG00000185340",0.0002140093608782
"ENSG00000182463",0.000213958928033788
"ENSG00000121578",0.00021395240551234
"ENSG00000091732",0.000213884134128632
"ENSG00000143514",0.000213876493238558
"ENSG00000111364",0.000213787465789672
"ENSG00000144815",0.000213764873932977
"ENSG00000152242",0.000213759261772935
"ENSG00000184470",0.000213343532003803
"ENSG00000075539",0.000213252035938313
"ENSG00000269556",0.000213190400883022
"ENSG00000187091",0.000213176173604974
"ENSG00000105497",0.000213099196012423
"ENSG00000141429",0.000212897284665814
"ENSG00000017260",0.000212781131954716
"ENSG00000164649",0.000212769826036443
"ENSG00000083520",0.000212636594932756
"ENSG00000078699",0.000212452818467934
"ENSG00000099800",0.000212370155433818
"ENSG00000106608",0.000212353830402808
"ENSG00000155158",0.000212320769400458
"ENSG00000169193",0.000212283370156083
"ENSG00000135108",0.000212259022516103
"ENSG00000080371",0.000212159973067018
"ENSG00000204475",0.00021208678973235
"ENSG00000113282",0.000212055146242242
"ENSG00000213347",0.000211891757116252
"ENSG00000145632",0.0002117845229869
"ENSG00000164300",0.000211725225778692
"ENSG00000115561",0.000211650682728296
"ENSG00000160214",0.000211616193995042
"ENSG00000174243",0.000211562712370271
"ENSG00000196787",0.000211517293550652
"ENSG00000116353",0.000211516674610774
"ENSG00000065559",0.000211360402915537
"ENSG00000165359",0.000211313645847287
"ENSG00000171940",0.000211308693894662
"ENSG00000106460",0.00021076960293067
"ENSG00000085871",0.000210503498742629
"ENSG00000151093",0.000210453338142442
"ENSG00000108839",0.000210430905391444
"ENSG00000054267",0.00021040183095638
"ENSG00000182095",0.000210237172918899
"ENSG00000164823",0.00021022753476768
"ENSG00000176018",0.000210170380036988
"ENSG00000099203",0.000210154624466415
"ENSG00000090674",0.000210127372881914
"ENSG00000133134",0.000209979743957381
"ENSG00000030110",0.000209962101249391
"ENSG00000139428",0.000209955773339003
"ENSG00000139350",0.000209865921215287
"ENSG00000104450",0.000209646782090982
"ENSG00000111331",0.000209607701937904
"ENSG00000174456",0.000209490594410537
"ENSG00000101557",0.000209448531031965
"ENSG00000068354",0.000209354041772369
"ENSG00000151332",0.000209297596033942
"ENSG00000103569",0.000209269622962798
"ENSG00000113716",0.000209090753341355
"ENSG00000265681",0.000208977381327878
"ENSG00000079785",0.000208950171686703
"ENSG00000133265",0.00020889410004665
"ENSG00000120896",0.000208846995936159
"ENSG00000115364",0.000208717884826931
"ENSG00000185112",0.000208694320337051
"ENSG00000116688",0.000208572836957964
"ENSG00000145214",0.000208523725793737
"ENSG00000178852",0.000208509827705577
"ENSG00000172594",0.000208425632600103
"ENSG00000172115",0.000208315451642027
"ENSG00000197724",0.000208303098831554
"ENSG00000025156",0.000208205390630954
"ENSG00000116062",0.000208042979670196
"ENSG00000176619",0.000207910869806184
"ENSG00000139687",0.000207773375058947
"ENSG00000058668",0.000207760422704283
"ENSG00000119772",0.00020770466600311
"ENSG00000121542",0.000207578376733609
"ENSG00000096968",0.000207475122494434
"ENSG00000117090",0.000207417517410699
"ENSG00000110911",0.000207234186334292
"ENSG00000135387",0.000207100083791151
"ENSG00000179454",0.000206923676428693
"ENSG00000197345",0.000206882464511292
"ENSG00000166133",0.000206809292771472
"ENSG00000170632",0.000206714036310828
"ENSG00000133818",0.000206600673058771
"ENSG00000196968",0.000206586599759138
"ENSG00000125871",0.000206562299215781
"ENSG00000166532",0.000206324273693106
"ENSG00000138468",0.000206318558568027
"ENSG00000110446",0.000206159261989859
"ENSG00000171103",0.000206133649899852
"ENSG00000005206",0.000206058664957229
"ENSG00000139178",0.000205899591044592
"ENSG00000119640",0.000205853440017868
"ENSG00000117305",0.000205775471662551
"ENSG00000085063",0.000205743702833043
"ENSG00000083814",0.000205692707544139
"ENSG00000154640",0.000205250248887763
"ENSG00000083454",0.00020521312518007
"ENSG00000101974",0.000205151858706668
"ENSG00000274523",0.000205098004869339
"ENSG00000122432",0.000205049505601348
"ENSG00000182768",0.000204825550469406
"ENSG00000119669",0.000204823021251631
"ENSG00000170832",0.000204820328916725
"ENSG00000008710",0.000204767053951754
"ENSG00000094631",0.000204702692657631
"ENSG00000139132",0.000204652277169091
"ENSG00000001084",0.000204523058250596
"ENSG00000162819",0.000204192441429569
"ENSG00000135587",0.000204177653026918
"ENSG00000100359",0.000203948241521149
"ENSG00000100266",0.000203934610476125
"ENSG00000151665",0.00020389906426722
"ENSG00000102218",0.000203726242094813
"ENSG00000270647",0.000203531946750464
"ENSG00000134198",0.000203494437021936
"ENSG00000118200",0.00020305977672377
"ENSG00000182150",0.000202973788727362
"ENSG00000108100",0.000202943170874616
"ENSG00000181744",0.000202866882208776
"ENSG00000170322",0.000202800863164765
"ENSG00000139211",0.000202726939473174
"ENSG00000177225",0.000202636394285463
"ENSG00000188647",0.000202634591331288
"ENSG00000110063",0.00020263183299363
"ENSG00000004478",0.00020261532447529
"ENSG00000186812",0.00020255991151477
"ENSG00000070540",0.000202432872110196
"ENSG00000276085",0.000202394307531366
"ENSG00000135127",0.00020239074458012
"ENSG00000148396",0.000202322278787244
"ENSG00000090061",0.000202253692795647
"ENSG00000171443",0.000202247997061214
"ENSG00000213658",0.000202228259409338
"ENSG00000120158",0.00020210610459521
"ENSG00000127993",0.000201956782988761
"ENSG00000164332",0.000201914046680976
"ENSG00000058453",0.000201819834959961
"ENSG00000122707",0.000201813748877782
"ENSG00000165282",0.000201730689672464
"ENSG00000079974",0.000201714198501676
"ENSG00000129484",0.000201533030806716
"ENSG00000127415",0.000201521766137893
"ENSG00000138399",0.00020152003089174
"ENSG00000100804",0.000201345355680688
"ENSG00000171475",0.00020124114976041
"ENSG00000138035",0.000201111483575071
"ENSG00000139668",0.000201024910854353
"ENSG00000171045",0.000201007133345091
"ENSG00000181035",0.000200970711046724
"ENSG00000018699",0.000200945298606682
"ENSG00000158122",0.000200865320459747
"ENSG00000160953",0.00020081586714122
"ENSG00000184743",0.000200743305151591
"ENSG00000177054",0.000200741070248902
"ENSG00000149418",0.000200733170962326
"ENSG00000196116",0.00020060336489508
"ENSG00000110002",0.000200450198309115
"ENSG00000182534",0.000200406347641801
"ENSG00000117625",0.000200253549311764
"ENSG00000089351",0.000199996329764839
"ENSG00000139826",0.00019997901157151
"ENSG00000131591",0.00019991035493306
"ENSG00000214530",0.000199875744311887
"ENSG00000006695",0.000199756396665609
"ENSG00000101255",0.000199679973171346
"ENSG00000138772",0.000199561262090415
"ENSG00000113552",0.000199266537313777
"ENSG00000125740",0.000199177491649721
"ENSG00000044446",0.000199101714811113
"ENSG00000206530",0.000199099683064561
"ENSG00000088970",0.000199098136510832
"ENSG00000162714",0.000198991954522146
"ENSG00000006652",0.000198975230383136
"ENSG00000115368",0.000198916432153002
"ENSG00000183508",0.000198818214733373
"ENSG00000143543",0.000198693811848561
"ENSG00000119321",0.000198495257433784
"ENSG00000244462",0.000198483092995607
"ENSG00000112640",0.000198428668248215
"ENSG00000063322",0.00019842393459464
"ENSG00000196821",0.000198414560607973
"ENSG00000170946",0.00019841085811773
"ENSG00000196505",0.000198312483228175
"ENSG00000115998",0.000198284479887246
"ENSG00000196233",0.000198142594535437
"ENSG00000166598",0.000198017881427686
"ENSG00000133895",0.000197993726206515
"ENSG00000176731",0.000197882230172904
"ENSG00000119844",0.000197842744312228
"ENSG00000149177",0.000197765708930428
"ENSG00000004975",0.000197723183374432
"ENSG00000133317",0.000197712389814121
"ENSG00000175066",0.000197611628627668
"ENSG00000154122",0.000197590916924765
"ENSG00000140750",0.000197399727164991
"ENSG00000089289",0.000197396616196505
"ENSG00000128272",0.000197345977099203
"ENSG00000132024",0.000197231257170891
"ENSG00000233493",0.000197224177982707
"ENSG00000156603",0.000197212163659953
"ENSG00000012124",0.000197189274611985
"ENSG00000169598",0.000197167814250396
"ENSG00000143575",0.000197146988515446
"ENSG00000135929",0.000197111820249791
"ENSG00000170545",0.00019710685026256
"ENSG00000173762",0.000197106041415327
"ENSG00000164040",0.00019710535803034
"ENSG00000166377",0.000197008169698064
"ENSG00000155749",0.00019699075400269
"ENSG00000111863",0.000196835110586876
"ENSG00000133997",0.000196749082155952
"ENSG00000085365",0.000196745455273743
"ENSG00000013583",0.000196706261076612
"ENSG00000059691",0.000196639601014647
"ENSG00000213563",0.000196634153488582
"ENSG00000064225",0.000196462155245505
"ENSG00000115425",0.000196454013551951
"ENSG00000072364",0.000196447993262143
"ENSG00000170962",0.000196407278745265
"ENSG00000125703",0.000196380679804697
"ENSG00000006757",0.000196340973248598
"ENSG00000160185",0.000196240598270748
"ENSG00000132716",0.000196168190774411
"ENSG00000047849",0.000196118991998079
"ENSG00000165195",0.000195995243748236
"ENSG00000100890",0.000195923327306288
"ENSG00000205413",0.000195799953029396
"ENSG00000095002",0.000195624193681586
"ENSG00000085719",0.000195602428964765
"ENSG00000160917",0.000195593794831656
"ENSG00000100307",0.000195483736326803
"ENSG00000116127",0.000195465095784265
"ENSG00000131165",0.000195425071199053
"ENSG00000143771",0.000195415522656804
"ENSG00000132405",0.000195394252969429
"ENSG00000079999",0.000195350181745163
"ENSG00000105520",0.00019510946676055
"ENSG00000138071",0.000194968912390351
"ENSG00000136824",0.000194935050599545
"ENSG00000143207",0.000194818415845552
"ENSG00000129084",0.000194733693989242
"ENSG00000149657",0.000194608830314802
"ENSG00000165060",0.000194581938236043
"ENSG00000100376",0.000194245006797243
"ENSG00000118412",0.000194173047891869
"ENSG00000041988",0.000193910700406478
"ENSG00000131370",0.000193572420756288
"ENSG00000152256",0.000193531592329136
"ENSG00000177383",0.000193509938210025
"ENSG00000164506",0.000193466380635148
"ENSG00000161980",0.000193404565570695
"ENSG00000184887",0.000193360897640571
"ENSG00000116406",0.000193232247441282
"ENSG00000159445",0.000193171924960214
"ENSG00000113048",0.000193089915640926
"ENSG00000120029",0.000193072042239537
"ENSG00000159579",0.000193052808248778
"ENSG00000173226",0.000192891381931762
"ENSG00000107537",0.000192884241324978
"ENSG00000138381",0.000192786196202042
"ENSG00000093000",0.000192619507934794
"ENSG00000120314",0.000192610776709712
"ENSG00000116017",0.000192572517894096
"ENSG00000185291",0.000192543917212462
"ENSG00000115042",0.000192536055485656
"ENSG00000146757",0.00019247044718453
"ENSG00000114770",0.000192435317474665
"ENSG00000114767",0.000192311199281633
"ENSG00000158156",0.000192249692333724
"ENSG00000090615",0.000191942264740958
"ENSG00000047365",0.000191933546829483
"ENSG00000143919",0.000191736982431054
"ENSG00000166200",0.000191736453143375
"ENSG00000127452",0.000191711649472167
"ENSG00000176485",0.000191636224243977
"ENSG00000204392",0.000191615926768752
"ENSG00000117475",0.000191537213135556
"ENSG00000177628",0.000191384593967454
"ENSG00000154305",0.000191341215512444
"ENSG00000134072",0.000191291130726367
"ENSG00000160219",0.000191147445837644
"ENSG00000142444",0.000191051003301505
"ENSG00000138942",0.000191039556370607
"ENSG00000181396",0.00019101878395507
"ENSG00000014914",0.000190934069009516
"ENSG00000133731",0.000190860776563888
"ENSG00000107902",0.000190858956537154
"ENSG00000166145",0.000190823892141153
"ENSG00000111647",0.000190736298769936
"ENSG00000152942",0.000190716529900265
"ENSG00000083123",0.000190655951507758
"ENSG00000215021",0.000190625962870367
"ENSG00000114030",0.000190412916854156
"ENSG00000084733",0.000190393289226141
"ENSG00000115504",0.000190370263020237
"ENSG00000204577",0.000190296021959263
"ENSG00000105708",0.000190278540338396
"ENSG00000111674",0.000190277898681959
"ENSG00000043093",0.000190140449571793
"ENSG00000186716",0.000190082035250809
"ENSG00000100083",0.000190025330976008
"ENSG00000139180",0.00018994763103141
"ENSG00000152102",0.000189925931016794
"ENSG00000102531",0.000189924162650494
"ENSG00000102738",0.000189909971265892
"ENSG00000073350",0.000189797575640738
"ENSG00000023330",0.000189734560137893
"ENSG00000101104",0.000189548078688183
"ENSG00000156709",0.00018936466977541
"ENSG00000110628",0.000189263573115021
"ENSG00000159086",0.000189157713714885
"ENSG00000277972",0.000189131581517621
"ENSG00000076924",0.000189125487545787
"ENSG00000100280",0.000189004611922525
"ENSG00000168824",0.000189001225239993
"ENSG00000000419",0.000188946948319503
"ENSG00000116871",0.00018886324673288
"ENSG00000110075",0.000188823823896824
"ENSG00000123983",0.000188794319482503
"ENSG00000175893",0.000188718274478776
"ENSG00000133678",0.000188683718536663
"ENSG00000206560",0.000188508699924168
"ENSG00000204394",0.000188482809346912
"ENSG00000069248",0.000188404476686021
"ENSG00000139405",0.000188385319235862
"ENSG00000143924",0.00018816083092645
"ENSG00000204209",0.000188142713103911
"ENSG00000100883",0.00018799049121366
"ENSG00000163599",0.000187968829751888
"ENSG00000008869",0.00018793172329174
"ENSG00000121481",0.0001878549868927
"ENSG00000144736",0.00018732610527591
"ENSG00000085788",0.000187228650423944
"ENSG00000143952",0.000187074064032967
"ENSG00000180035",0.000187053163791596
"ENSG00000108651",0.000187047189350845
"ENSG00000215712",0.000187036689737569
"ENSG00000117480",0.000186951125569435
"ENSG00000001167",0.000186896227125344
"ENSG00000184162",0.000186848139156335
"ENSG00000077097",0.000186821773128938
"ENSG00000155868",0.000186641173687122
"ENSG00000114316",0.00018661106969148
"ENSG00000119522",0.00018644160433511
"ENSG00000120685",0.000186379918403894
"ENSG00000151287",0.00018609174778711
"ENSG00000174292",0.000185976905932428
"ENSG00000090661",0.000185711245511717
"ENSG00000107959",0.000185585208891869
"ENSG00000113838",0.000185389033050047
"ENSG00000121741",0.000185369376276498
"ENSG00000096717",0.000185316379698974
"ENSG00000142409",0.000185147161467093
"ENSG00000144468",0.000185082793160524
"ENSG00000140199",0.000185023880626748
"ENSG00000157212",0.000184876910888726
"ENSG00000130023",0.000184870276354722
"ENSG00000167613",0.000184728780811402
"ENSG00000131023",0.000184413800450215
"ENSG00000101442",0.000184288382662571
"ENSG00000070214",0.000184253315715092
"ENSG00000104361",0.000184178413156983
"ENSG00000170471",0.000184163336011717
"ENSG00000163001",0.000184140656733284
"ENSG00000213462",0.000183960430244479
"ENSG00000213614",0.000183849649221757
"ENSG00000089123",0.000183842189532981
"ENSG00000111581",0.000183774017233876
"ENSG00000102910",0.000183637440052145
"ENSG00000175701",0.000183630915563674
"ENSG00000169914",0.000183573314762555
"ENSG00000179593",0.000183434035387848
"ENSG00000086475",0.000183218612291184
"ENSG00000075975",0.000183146068733236
"ENSG00000151553",0.000183077347282172
"ENSG00000147421",0.000183070299779606
"ENSG00000154760",0.000182943294593506
"ENSG00000134574",0.000182917907494792
"ENSG00000169136",0.000182910353325845
"ENSG00000109536",0.000182847567954856
"ENSG00000254415",0.000182840588738923
"ENSG00000093183",0.000182838149433089
"ENSG00000168036",0.000182773021748157
"ENSG00000237190",0.000182739667435255
"ENSG00000148356",0.000182690982106004
"ENSG00000171960",0.000182657676638595
"ENSG00000159335",0.000182647735535756
"ENSG00000163617",0.000182480139985871
"ENSG00000124207",0.000182416943387749
"ENSG00000176170",0.000182328113164034
"ENSG00000159496",0.000182247324585524
"ENSG00000078589",0.000182228851816593
"ENSG00000239672",0.000182107461415994
"ENSG00000178996",0.000182080364196683
"ENSG00000177565",0.000181976403701477
"ENSG00000183864",0.000181952861426111
"ENSG00000176476",0.000181898434735071
"ENSG00000179151",0.000181664644282057
"ENSG00000156671",0.000181646599287539
"ENSG00000168827",0.000181541631353998
"ENSG00000116157",0.000181436283571634
"ENSG00000164889",0.000181417337786952
"ENSG00000185670",0.00018134705097191
"ENSG00000239839",0.00018132765154979
"ENSG00000156411",0.00018120340049633
"ENSG00000118046",0.000181160085633416
"ENSG00000184281",0.000181109779650559
"ENSG00000197620",0.000181105518384541
"ENSG00000092978",0.000181073709724795
"ENSG00000141446",0.000181016741049187
"ENSG00000164168",0.00018098603509141
"ENSG00000025770",0.000180897057239548
"ENSG00000235173",0.000180861760633442
"ENSG00000035115",0.000180854069712794
"ENSG00000175213",0.000180757889982542
"ENSG00000213672",0.000180725995117841
"ENSG00000174165",0.000180725527172382
"ENSG00000172716",0.000180675410892791
"ENSG00000143622",0.000180671408486495
"ENSG00000160094",0.00018044892829495
"ENSG00000171793",0.00018043641690214
"ENSG00000244045",0.000180391550884913
"ENSG00000184588",0.000180294144970884
"ENSG00000154265",0.00018022560984953
"ENSG00000196449",0.000180196411170259
"ENSG00000122873",0.000180168420950882
"ENSG00000106537",0.00017980887717364
"ENSG00000156860",0.000179807911742909
"ENSG00000136044",0.000179702165439952
"ENSG00000159658",0.000179625985125348
"ENSG00000100296",0.00017960350614359
"ENSG00000138095",0.000179585917986513
"ENSG00000117091",0.000179550409163173
"ENSG00000104738",0.000179428497087862
"ENSG00000198858",0.00017939960937949
"ENSG00000131781",0.000179219766824787
"ENSG00000167904",0.000179076803881655
"ENSG00000179988",0.00017897738008768
"ENSG00000165644",0.000178849901188413
"ENSG00000127989",0.000178748112545945
"ENSG00000151532",0.000178691540958777
"ENSG00000198130",0.000178650206126146
"ENSG00000092531",0.000178612245195981
"ENSG00000165914",0.000178517608916144
"ENSG00000167380",0.000178408701755128
"ENSG00000102312",0.00017833281387952
"ENSG00000175471",0.000178266152618857
"ENSG00000124160",0.000178213907583424
"ENSG00000184381",0.000178194634970286
"ENSG00000130940",0.000178165437640602
"ENSG00000121104",0.000178153181483216
"ENSG00000115825",0.000178123151677959
"ENSG00000280789",0.00017801258240931
"ENSG00000123444",0.000177873916928732
"ENSG00000104972",0.000177788410684724
"ENSG00000148985",0.000177722284086673
"ENSG00000203485",0.000177672969099946
"ENSG00000037757",0.000177648520692373
"ENSG00000117614",0.000177524188154534
"ENSG00000182923",0.000177484909994002
"ENSG00000138642",0.000177462241154152
"ENSG00000090470",0.000177443284265278
"ENSG00000115306",0.000177380324297848
"ENSG00000184515",0.000177359473331798
"ENSG00000183049",0.000177319148130238
"ENSG00000172765",0.00017728565179356
"ENSG00000255529",0.000177281910098981
"ENSG00000136104",0.000177152199741401
"ENSG00000088356",0.000177103557776703
"ENSG00000006062",0.000177096291898367
"ENSG00000007350",0.000176861704006646
"ENSG00000136243",0.000176810227760764
"ENSG00000003402",0.000176763474516703
"ENSG00000168283",0.000176655907918829
"ENSG00000126005",0.000176611649987849
"ENSG00000213341",0.00017659140494659
"ENSG00000155893",0.000176570231085721
"ENSG00000070476",0.000176513280182881
"ENSG00000166224",0.000176468306591391
"ENSG00000243943",0.000176353431844008
"ENSG00000163737",0.000176283014996454
"ENSG00000124802",0.000176237089571421
"ENSG00000100304",0.000176196412434804
"ENSG00000102390",0.000176135788240186
"ENSG00000143376",0.000176126320877237
"ENSG00000176463",0.00017608762116689
"ENSG00000186818",0.000176024830069613
"ENSG00000111271",0.000176000364129732
"ENSG00000198467",0.000175981586873046
"ENSG00000112242",0.000175953855404514
"ENSG00000103196",0.000175934985278708
"ENSG00000012983",0.000175887378733287
"ENSG00000081019",0.000175855771355068
"ENSG00000170903",0.000175642887121911
"ENSG00000196865",0.00017564127004828
"ENSG00000133321",0.000175610570540228
"ENSG00000144445",0.000175587686810792
"ENSG00000137478",0.000175540254593512
"ENSG00000164830",0.000175477427734367
"ENSG00000172315",0.000175441413052362
"ENSG00000168872",0.000175386718436245
"ENSG00000132196",0.000175352698462586
"ENSG00000162664",0.000175260389980965
"ENSG00000112237",0.000175107601893155
"ENSG00000213928",0.00017498053014366
"ENSG00000163681",0.000174963064842292
"ENSG00000204420",0.000174724259890991
"ENSG00000168566",0.000174685277513403
"ENSG00000152944",0.00017465060522731
"ENSG00000135318",0.000174594785763616
"ENSG00000078124",0.000174590332545373
"ENSG00000181904",0.000174540326382314
"ENSG00000185973",0.000174481398099762
"ENSG00000143387",0.000174435994171219
"ENSG00000018510",0.0001743985005869
"ENSG00000114988",0.000174376834220584
"ENSG00000204859",0.000174345729512833
"ENSG00000113312",0.000174283261869024
"ENSG00000177683",0.000174156598974175
"ENSG00000108559",0.000174152761517194
"ENSG00000131378",0.00017406875574524
"ENSG00000085491",0.00017405891839379
"ENSG00000130844",0.000174057183559206
"ENSG00000116106",0.000174022317028295
"ENSG00000170175",0.000173859821476928
"ENSG00000160783",0.000173631800185262
"ENSG00000109466",0.000173622209745759
"ENSG00000049089",0.000173417671750335
"ENSG00000139055",0.000173344419299855
"ENSG00000156711",0.000173325832372944
"ENSG00000119682",0.000173299742223316
"ENSG00000116793",0.000173184309063464
"ENSG00000007923",0.000173174557477654
"ENSG00000013810",0.000173095555544764
"ENSG00000107951",0.000173007382230925
"ENSG00000146842",0.000172973351816015
"ENSG00000186660",0.00017294241808279
"ENSG00000127586",0.000172886113587915
"ENSG00000162408",0.000172805755244985
"ENSG00000134202",0.000172699878383227
"ENSG00000159202",0.000172554177270969
"ENSG00000144840",0.000172550460205045
"ENSG00000171236",0.000172443287321943
"ENSG00000110218",0.000172425280577954
"ENSG00000145012",0.000172314730045172
"ENSG00000112299",0.000172221447829756
"ENSG00000197579",0.000172215180063016
"ENSG00000101189",0.000172086845210941
"ENSG00000197302",0.000172002645832838
"ENSG00000013288",0.000171990873914861
"ENSG00000157593",0.000171905289014062
"ENSG00000148346",0.000171626875583192
"ENSG00000078487",0.000171566774929106
"ENSG00000089876",0.000171559136795829
"ENSG00000186001",0.000171551695188456
"ENSG00000167721",0.000171460730384102
"ENSG00000137812",0.000171288188359782
"ENSG00000163319",0.000171201439533712
"ENSG00000184863",0.000170746772721999
"ENSG00000158290",0.00017071190042894
"ENSG00000160256",0.000170649153058808
"ENSG00000205269",0.000170607727457498
"ENSG00000186153",0.000170504949911111
"ENSG00000169245",0.000170486629307578
"ENSG00000136936",0.000170386682349644
"ENSG00000004468",0.000170353757045902
"ENSG00000113593",0.000170339414301136
"ENSG00000130714",0.000170261203668566
"ENSG00000164815",0.000170205264080482
"ENSG00000106211",0.000170166983970102
"ENSG00000179348",0.000170166102634422
"ENSG00000088812",0.000170154885403204
"ENSG00000115129",0.000170154319127938
"ENSG00000172893",0.000170150119349542
"ENSG00000166716",0.000170145440303657
"ENSG00000136709",0.000169992669009548
"ENSG00000181704",0.000169965287199858
"ENSG00000143493",0.000169924543744708
"ENSG00000069667",0.00016987747481421
"ENSG00000138134",0.000169851833674706
"ENSG00000182093",0.000169593991718904
"ENSG00000165275",0.000169454786466999
"ENSG00000109016",0.000169309969501639
"ENSG00000213203",0.000168930310102576
"ENSG00000108587",0.000168811232708155
"ENSG00000177542",0.000168779174022309
"ENSG00000099849",0.000168746117578016
"ENSG00000163463",0.000168744632330751
"ENSG00000107566",0.000168711936911413
"ENSG00000149150",0.000168696333195622
"ENSG00000075151",0.000168663062875137
"ENSG00000115145",0.000168425753026272
"ENSG00000172493",0.000168358314538802
"ENSG00000055917",0.00016833442868656
"ENSG00000162607",0.000168306770880426
"ENSG00000178562",0.000168295994060594
"ENSG00000101888",0.000168287509433973
"ENSG00000135632",0.000168164381358846
"ENSG00000145990",0.000168137119463715
"ENSG00000119314",0.000168126355932202
"ENSG00000110171",0.000168071521243277
"ENSG00000176454",0.00016785020366154
"ENSG00000110583",0.000167755162893472
"ENSG00000120053",0.00016766298754516
"ENSG00000182827",0.000167619324175171
"ENSG00000130479",0.000167593099163973
"ENSG00000149089",0.000167580418740671
"ENSG00000120688",0.000167563142670059
"ENSG00000143624",0.000167493977537956
"ENSG00000163600",0.000167418608621887
"ENSG00000243477",0.000167407384620116
"ENSG00000182903",0.000167213067411353
"ENSG00000177463",0.000167209180480092
"ENSG00000213782",0.000167171543915285
"ENSG00000259431",0.000167123997994185
"ENSG00000177409",0.000166997434571766
"ENSG00000148339",0.000166906227949721
"ENSG00000166452",0.000166637317449902
"ENSG00000100368",0.000166540900271592
"ENSG00000115840",0.00016652419589865
"ENSG00000070501",0.000166477692522832
"ENSG00000130313",0.000166357792282176
"ENSG00000185745",0.000166280879213298
"ENSG00000105514",0.000166185395859062
"ENSG00000140859",0.000166155969544348
"ENSG00000140548",0.000166104150945647
"ENSG00000132541",0.000166093589050608
"ENSG00000112679",0.000166007182891308
"ENSG00000151304",0.000165974360308987
"ENSG00000173442",0.000165953170417846
"ENSG00000171067",0.000165929785592466
"ENSG00000128563",0.000165856262156112
"ENSG00000085231",0.000165823724324664
"ENSG00000174579",0.000165731553975344
"ENSG00000102030",0.000165730671704381
"ENSG00000151422",0.000165649283053518
"ENSG00000180398",0.000165467936905605
"ENSG00000198677",0.000165381654009577
"ENSG00000140153",0.000165317476720923
"ENSG00000187266",0.000165300931611
"ENSG00000173041",0.000165262950042116
"ENSG00000167900",0.00016518201102197
"ENSG00000135316",0.000165153294949771
"ENSG00000146574",0.000165131294450631
"ENSG00000160190",0.000165125951839922
"ENSG00000137996",0.000165001779454966
"ENSG00000204371",0.000164917719086198
"ENSG00000122741",0.000164878604865252
"ENSG00000116809",0.00016485281567807
"ENSG00000119899",0.000164809407382851
"ENSG00000134215",0.00016476686808628
"ENSG00000099942",0.000164733581446775
"ENSG00000066379",0.000164683026989729
"ENSG00000114520",0.000164645305277455
"ENSG00000140694",0.000164627958403746
"ENSG00000164967",0.000164552958169653
"ENSG00000168476",0.000164551299371014
"ENSG00000052749",0.000164493525192027
"ENSG00000063244",0.000164475417703658
"ENSG00000185716",0.000164462383957189
"ENSG00000178573",0.00016445048616753
"ENSG00000272602",0.000164404362000659
"ENSG00000196268",0.000164311533375008
"ENSG00000145365",0.000164212320547681
"ENSG00000135211",0.000164209316617306
"ENSG00000146592",0.00016417593202388
"ENSG00000133641",0.000164174080505222
"ENSG00000142082",0.000164097419369579
"ENSG00000237489",0.00016409165628533
"ENSG00000239306",0.000163982237125426
"ENSG00000167553",0.00016393589372316
"ENSG00000114544",0.000163864956142823
"ENSG00000173457",0.000163793081037048
"ENSG00000171823",0.000163789745824178
"ENSG00000180228",0.000163740875062694
"ENSG00000169972",0.000163569340340842
"ENSG00000176248",0.000163499439572942
"ENSG00000085274",0.000163494972977436
"ENSG00000187630",0.000163477802579075
"ENSG00000188906",0.000163420315299396
"ENSG00000157933",0.000163413815539541
"ENSG00000224051",0.000163399908626066
"ENSG00000115239",0.00016337063206226
"ENSG00000117899",0.000163328732391064
"ENSG00000138604",0.000163291616120227
"ENSG00000185453",0.000163258534725082
"ENSG00000006534",0.000163239643671391
"ENSG00000108395",0.000163206783486714
"ENSG00000141642",0.000163134375227188
"ENSG00000130449",0.000163077945608542
"ENSG00000274641",0.000162748276376904
"ENSG00000196670",0.000162734707566893
"ENSG00000103111",0.000162580454996066
"ENSG00000125686",0.000162494675819429
"ENSG00000166685",0.000162367470298882
"ENSG00000240038",0.000162031657854682
"ENSG00000114268",0.00016196802256649
"ENSG00000004766",0.000161911902531069
"ENSG00000167257",0.000161830143427564
"ENSG00000225528",0.000161719314911219
"ENSG00000272391",0.000161618022655435
"ENSG00000168016",0.000161527017007065
"ENSG00000169252",0.000161369771714264
"ENSG00000182568",0.000161208565732613
"ENSG00000169564",0.000161093158405695
"ENSG00000240230",0.000160935666836409
"ENSG00000156521",0.000160909817638566
"ENSG00000104824",0.000160888075094471
"ENSG00000133256",0.000160824483787766
"ENSG00000095059",0.000160698848617862
"ENSG00000160307",0.000160675358559934
"ENSG00000142065",0.000160662933733473
"ENSG00000166435",0.000160545163816619
"ENSG00000188677",0.000160542128065003
"ENSG00000136715",0.000160441831147965
"ENSG00000149084",0.000160430222824604
"ENSG00000143179",0.000160428951296719
"ENSG00000175727",0.000160370508485564
"ENSG00000137806",0.00016024104485649
"ENSG00000170430",0.000160176949165228
"ENSG00000277075",0.000160137299564264
"ENSG00000034053",0.00016007705215676
"ENSG00000154309",0.000160032113741372
"ENSG00000125863",0.000159977576356882
"ENSG00000135829",0.000159825692428164
"ENSG00000205309",0.00015981774845183
"ENSG00000131931",0.000159714218328085
"ENSG00000162972",0.000159682474428622
"ENSG00000165699",0.000159635220364572
"ENSG00000130713",0.000159435126090973
"ENSG00000119004",0.000159431088124532
"ENSG00000277149",0.000159423121146614
"ENSG00000214717",0.000159416783934757
"ENSG00000152492",0.000159392298431727
"ENSG00000052802",0.000159383860298015
"ENSG00000156958",0.00015896151639742
"ENSG00000118217",0.000158808811886071
"ENSG00000134987",0.000158731268983908
"ENSG00000099204",0.000158703740542705
"ENSG00000170190",0.000158639407696673
"ENSG00000104142",0.000158564783636719
"ENSG00000128513",0.000158519164536169
"ENSG00000120662",0.00015846996991183
"ENSG00000182518",0.000158431179602576
"ENSG00000099326",0.000158394943408585
"ENSG00000144580",0.00015836419966042
"ENSG00000071967",0.000158356361605981
"ENSG00000068878",0.000158326595270144
"ENSG00000162695",0.000158196502429912
"ENSG00000158428",0.000158179278404214
"ENSG00000033800",0.000158133925269841
"ENSG00000239900",0.000157964653203838
"ENSG00000073050",0.0001578751302288
"ENSG00000110079",0.000157803313305113
"ENSG00000168297",0.000157790667229151
"ENSG00000125812",0.000157697070643543
"ENSG00000156795",0.000157605243105586
"ENSG00000138639",0.000157542558877924
"ENSG00000148297",0.000157478372679633
"ENSG00000161381",0.000157281011008187
"ENSG00000040633",0.00015726270468741
"ENSG00000119333",0.000157067309682439
"ENSG00000166337",0.000157025972816602
"ENSG00000170100",0.000156971920322206
"ENSG00000198839",0.000156953067831874
"ENSG00000174282",0.000156883059146842
"ENSG00000160799",0.000156837132798993
"ENSG00000079277",0.000156647999629726
"ENSG00000079215",0.000156548038384558
"ENSG00000181220",0.000156523459207437
"ENSG00000157350",0.000156433303331396
"ENSG00000109079",0.000156343000258441
"ENSG00000112365",0.00015632105634313
"ENSG00000110080",0.000156292021387524
"ENSG00000169683",0.000156202298701951
"ENSG00000188315",0.000156152042724361
"ENSG00000103066",0.00015614254925729
"ENSG00000139537",0.000156140417015489
"ENSG00000276234",0.000156118009499564
"ENSG00000133065",0.000156067658145903
"ENSG00000196511",0.000155939952020399
"ENSG00000108773",0.000155846720793822
"ENSG00000178764",0.000155822100469374
"ENSG00000134545",0.000155804005776668
"ENSG00000178188",0.000155788776267247
"ENSG00000172575",0.000155766168064314
"ENSG00000102786",0.000155641546865166
"ENSG00000176444",0.000155458449601844
"ENSG00000167632",0.000155435522501857
"ENSG00000136144",0.000155403193300479
"ENSG00000198642",0.000155328378966824
"ENSG00000197982",0.000155211554520638
"ENSG00000110367",0.000155183906194568
"ENSG00000077713",0.000155072938349203
"ENSG00000102189",0.000155067757101493
"ENSG00000130340",0.000155030950745681
"ENSG00000162066",0.000155010609513063
"ENSG00000010818",0.000154960850406906
"ENSG00000188191",0.000154913328990856
"ENSG00000105755",0.000154802906423703
"ENSG00000135047",0.000154777228384947
"ENSG00000155254",0.000154753242469967
"ENSG00000119457",0.000154739124426882
"ENSG00000179409",0.000154594920223983
"ENSG00000187231",0.000154540960858304
"ENSG00000139737",0.000154450528387083
"ENSG00000141068",0.000154412135311591
"ENSG00000198715",0.000154354692750201
"ENSG00000166272",0.000154344890679071
"ENSG00000115267",0.000154323159610944
"ENSG00000186815",0.000154157961099566
"ENSG00000135966",0.000154157501448978
"ENSG00000171161",0.000154124427787447
"ENSG00000275714",0.000154123872465066
"ENSG00000162373",0.000154042702314502
"ENSG00000138735",0.000153965706883158
"ENSG00000137502",0.000153924801086799
"ENSG00000104671",0.000153908706372013
"ENSG00000197062",0.000153869750043954
"ENSG00000165724",0.000153816226163801
"ENSG00000121274",0.000153787915046434
"ENSG00000100263",0.000153780300976399
"ENSG00000137814",0.000153766661825184
"ENSG00000110060",0.000153719920313095
"ENSG00000173786",0.000153607974345767
"ENSG00000119673",0.000153560850904041
"ENSG00000145545",0.000153502622822969
"ENSG00000124209",0.000153462445543393
"ENSG00000185917",0.000153323692420607
"ENSG00000140367",0.000153315351361548
"ENSG00000163312",0.000153314843356438
"ENSG00000149716",0.000153285493741648
"ENSG00000136933",0.000153249300674513
"ENSG00000068971",0.000153214880822696
"ENSG00000104783",0.000153110104139562
"ENSG00000149218",0.000153042247085143
"ENSG00000165506",0.000153007732268606
"ENSG00000178691",0.000153003444109676
"ENSG00000161013",0.000152957994048241
"ENSG00000211450",0.000152883869490516
"ENSG00000138375",0.000152821295985595
"ENSG00000013503",0.000152765683834273
"ENSG00000014257",0.000152740287468828
"ENSG00000173153",0.000152678012301779
"ENSG00000164576",0.000152602699291633
"ENSG00000107281",0.000152555453540143
"ENSG00000149658",0.000152502382996658
"ENSG00000186625",0.000152454612171857
"ENSG00000100413",0.000152385332075194
"ENSG00000111445",0.000152342675514293
"ENSG00000187601",0.00015233935834418
"ENSG00000137145",0.0001523256057834
"ENSG00000089195",0.000152243675583305
"ENSG00000085998",0.000152218225641891
"ENSG00000185808",0.000152215541202792
"ENSG00000063761",0.000152149260311617
"ENSG00000130590",0.000152142192484738
"ENSG00000221957",0.000152092631906362
"ENSG00000156787",0.000151991116479028
"ENSG00000109133",0.000151942244289652
"ENSG00000075188",0.000151552552069366
"ENSG00000038532",0.000151387431891862
"ENSG00000177425",0.000151373568900477
"ENSG00000205356",0.000151297209295687
"ENSG00000185198",0.000151198688289082
"ENSG00000160194",0.000151116074510521
"ENSG00000111252",0.000151093299917878
"ENSG00000113356",0.000151082334643082
"ENSG00000003509",0.000151081512507111
"ENSG00000163430",0.000150938934877104
"ENSG00000176095",0.000150863421316932
"ENSG00000184517",0.000150837344109812
"ENSG00000197798",0.000150813298162342
"ENSG00000198265",0.000150804812699427
"ENSG00000168395",0.000150801527400287
"ENSG00000175294",0.000150750705758565
"ENSG00000148660",0.000150669565578031
"ENSG00000089154",0.000150589454445626
"ENSG00000228486",0.000150576920008745
"ENSG00000059145",0.000150556959853829
"ENSG00000141026",0.000150519686103077
"ENSG00000213762",0.000150403332124048
"ENSG00000158321",0.000150402014158079
"ENSG00000184979",0.000150395164791934
"ENSG00000166582",0.000150345000232181
"ENSG00000169131",0.000150197832784611
"ENSG00000134049",0.000150167407613515
"ENSG00000137944",0.000150118443863732
"ENSG00000143507",0.000149964293297235
"ENSG00000134644",0.000149938877812075
"ENSG00000278311",0.000149901171568591
"ENSG00000128335",0.000149899265181235
"ENSG00000064419",0.000149864677713042
"ENSG00000164136",0.000149846474481329
"ENSG00000108590",0.000149782666329238
"ENSG00000171843",0.000149769583752278
"ENSG00000162836",0.00014971216000014
"ENSG00000100104",0.000149668582370668
"ENSG00000180917",0.000149662781881816
"ENSG00000185298",0.000149501527567663
"ENSG00000155744",0.000149474651756643
"ENSG00000113845",0.000149427189768425
"ENSG00000181804",0.000149283979764552
"ENSG00000156162",0.000149262809659834
"ENSG00000136816",0.000149253388617678
"ENSG00000013016",0.000149226682050646
"ENSG00000178860",0.000149219607068086
"ENSG00000184384",0.000149176487349497
"ENSG00000159733",0.0001491343116903
"ENSG00000124222",0.000148981266799469
"ENSG00000169379",0.000148771710806658
"ENSG00000166225",0.000148677682937976
"ENSG00000198270",0.000148598624667823
"ENSG00000168301",0.000148513705723195
"ENSG00000099290",0.000148441270538116
"ENSG00000127334",0.000148398007864576
"ENSG00000117036",0.000148378676040812
"ENSG00000080345",0.000148285487115119
"ENSG00000149131",0.000148180871597924
"ENSG00000153975",0.00014814700382418
"ENSG00000132906",0.000148098108578087
"ENSG00000167555",0.00014808482660426
"ENSG00000163539",0.000148084682745281
"ENSG00000161956",0.000148020862355956
"ENSG00000040341",0.000148018312349164
"ENSG00000243667",0.000147798016305889
"ENSG00000189007",0.00014774359466705
"ENSG00000189241",0.000147718432068343
"ENSG00000108389",0.000147672554656758
"ENSG00000196735",0.000147658407743022
"ENSG00000101194",0.000147548818141388
"ENSG00000148019",0.000147547992399694
"ENSG00000051825",0.000147389306981238
"ENSG00000162086",0.000147357984710818
"ENSG00000107485",0.000147320946438429
"ENSG00000131791",0.000147311824937536
"ENSG00000173638",0.000147308992073024
"ENSG00000084693",0.000147236622612459
"ENSG00000110422",0.000147236159123433
"ENSG00000173409",0.000147231441172668
"ENSG00000185418",0.000147216849285376
"ENSG00000140450",0.000147161307820843
"ENSG00000092036",0.000147100097528458
"ENSG00000135905",0.000147081189238308
"ENSG00000184730",0.000147073682730226
"ENSG00000186205",0.000147053686242698
"ENSG00000164134",0.00014690085604825
"ENSG00000105656",0.000146883794278371
"ENSG00000146576",0.00014687444518569
"ENSG00000183513",0.000146840446927222
"ENSG00000266028",0.000146830953718546
"ENSG00000139197",0.000146821439083719
"ENSG00000162129",0.000146763076950166
"ENSG00000152642",0.000146762438166555
"ENSG00000103544",0.000146602476304546
"ENSG00000131067",0.000146550732796623
"ENSG00000109118",0.000146535570117342
"ENSG00000142686",0.000146507412937231
"ENSG00000074054",0.000146470489282994
"ENSG00000132359",0.000146460545355072
"ENSG00000181191",0.000146412848255924
"ENSG00000006025",0.000146400918189953
"ENSG00000090097",0.000146366586494578
"ENSG00000119900",0.00014634081105892
"ENSG00000168769",0.000146253905694178
"ENSG00000163939",0.000146159091270126
"ENSG00000054654",0.000146114865780011
"ENSG00000125505",0.000146024446613491
"ENSG00000163110",0.000145956986939207
"ENSG00000146083",0.000145939095085208
"ENSG00000167196",0.000145877411366274
"ENSG00000196961",0.000145823547309377
"ENSG00000181830",0.000145757745313179
"ENSG00000105619",0.000145711846069763
"ENSG00000086827",0.000145662931058556
"ENSG00000165417",0.000145584278235264
"ENSG00000139793",0.000145533617010538
"ENSG00000163795",0.000145514543279886
"ENSG00000141524",0.000145491400415357
"ENSG00000087053",0.000145396917912222
"ENSG00000198252",0.000145341217964277
"ENSG00000134463",0.000145258017289095
"ENSG00000053770",0.000145251958151326
"ENSG00000171302",0.000145242767575401
"ENSG00000142046",0.000145195779922632
"ENSG00000051009",0.000145113966445502
"ENSG00000122678",0.000145064896637811
"ENSG00000171262",0.000145048708113185
"ENSG00000068724",0.000144999272045523
"ENSG00000006831",0.000144977573247243
"ENSG00000156639",0.000144911730845487
"ENSG00000198648",0.000144910814181639
"ENSG00000167615",0.000144882477451445
"ENSG00000163923",0.000144801651895045
"ENSG00000013573",0.000144743704247962
"ENSG00000170779",0.000144639313941295
"ENSG00000105732",0.00014461228274002
"ENSG00000140396",0.000144584667206161
"ENSG00000187609",0.000144487605216287
"ENSG00000101407",0.000144406492200194
"ENSG00000143797",0.000144386113971527
"ENSG00000254858",0.00014437850109471
"ENSG00000100221",0.000144364392681471
"ENSG00000198948",0.000144305726658822
"ENSG00000107263",0.000144265086786956
"ENSG00000164073",0.000144262774830084
"ENSG00000163482",0.000144236264628374
"ENSG00000106484",0.000144207701057216
"ENSG00000113119",0.000144124809844414
"ENSG00000158828",0.000143940676330757
"ENSG00000205726",0.000143833832713847
"ENSG00000083828",0.000143700367745594
"ENSG00000149428",0.000143686296911795
"ENSG00000096401",0.000143655790576733
"ENSG00000164163",0.000143606209105559
"ENSG00000167850",0.000143534675708664
"ENSG00000177595",0.00014353435214279
"ENSG00000196363",0.000143468958142121
"ENSG00000213551",0.000143445256239228
"ENSG00000174125",0.000143435059707936
"ENSG00000162076",0.000143372683647137
"ENSG00000059588",0.00014334049500573
"ENSG00000167703",0.000143324275533463
"ENSG00000101132",0.000143318861828698
"ENSG00000186834",0.00014320170285898
"ENSG00000158769",0.00014317959168635
"ENSG00000163536",0.000143033137669911
"ENSG00000152213",0.000143013700287241
"ENSG00000129657",0.000142974139998056
"ENSG00000141337",0.000142917121904429
"ENSG00000132664",0.00014290227231455
"ENSG00000070718",0.000142899881360973
"ENSG00000187325",0.000142714200635874
"ENSG00000118689",0.000142703960741833
"ENSG00000007341",0.000142684726639197
"ENSG00000204386",0.000142653314282853
"ENSG00000134825",0.000142631021413902
"ENSG00000157734",0.000142612709865976
"ENSG00000104205",0.00014255354334189
"ENSG00000148840",0.000142420691262224
"ENSG00000158109",0.00014235132259427
"ENSG00000115207",0.000142298195269864
"ENSG00000048342",0.000142280963942905
"ENSG00000124422",0.000142251391572937
"ENSG00000108691",0.000142211319095153
"ENSG00000168575",0.00014215887009817
"ENSG00000164978",0.000141939043629046
"ENSG00000173674",0.000141890601903175
"ENSG00000169641",0.000141842277885536
"ENSG00000123575",0.000141828179785016
"ENSG00000034677",0.000141814200274117
"ENSG00000102100",0.000141786186341427
"ENSG00000138660",0.000141782164381193
"ENSG00000011021",0.000141778765577234
"ENSG00000102921",0.000141768487983913
"ENSG00000162722",0.000141656932258626
"ENSG00000160199",0.000141641196448232
"ENSG00000163734",0.000141617885107952
"ENSG00000089692",0.000141423433492346
"ENSG00000172943",0.000141263713396213
"ENSG00000167447",0.000141261601711769
"ENSG00000005243",0.000141241129911362
"ENSG00000135205",0.000141240156791504
"ENSG00000169288",0.000141205084760932
"ENSG00000151623",0.000141176592877063
"ENSG00000076248",0.00014110932854704
"ENSG00000147316",0.000141089034020129
"ENSG00000048544",0.000140960626926865
"ENSG00000156735",0.000140944392986776
"ENSG00000141252",0.000140917976109183
"ENSG00000130005",0.000140904707101238
"ENSG00000166734",0.000140870740968757
"ENSG00000143079",0.000140849901274218
"ENSG00000173890",0.000140790809733466
"ENSG00000088766",0.000140706423606255
"ENSG00000262919",0.000140675009974337
"ENSG00000172954",0.000140613694888504
"ENSG00000138594",0.000140564100243025
"ENSG00000090447",0.000140504656630545
"ENSG00000124444",0.000140460235350822
"ENSG00000048462",0.00014027534229963
"ENSG00000129460",0.00014016056388738
"ENSG00000197008",0.000139935513820894
"ENSG00000145388",0.000139914857149861
"ENSG00000143324",0.000139897790176857
"ENSG00000072210",0.000139821493119035
"ENSG00000117560",0.000139799836982918
"ENSG00000171777",0.000139779639511378
"ENSG00000167005",0.000139569387280655
"ENSG00000169891",0.000139524508738097
"ENSG00000160049",0.000139479199139548
"ENSG00000197013",0.000139475580911655
"ENSG00000107745",0.00013947161156304
"ENSG00000155903",0.000139446755385466
"ENSG00000138768",0.000139437094522752
"ENSG00000178719",0.000139387478418193
"ENSG00000100600",0.000139364345222479
"ENSG00000124067",0.00013926122112732
"ENSG00000165879",0.000139215316920504
"ENSG00000155970",0.000139203824008874
"ENSG00000131653",0.000139170274410094
"ENSG00000148384",0.000139063725780743
"ENSG00000148634",0.000138958127676344
"ENSG00000164366",0.000138916773308878
"ENSG00000120370",0.000138879444012361
"ENSG00000226742",0.000138858045454708
"ENSG00000164162",0.000138842745569683
"ENSG00000256043",0.000138762974184286
"ENSG00000006015",0.000138726567764014
"ENSG00000054277",0.000138564655950144
"ENSG00000090861",0.000138509982652739
"ENSG00000151176",0.000138508837153991
"ENSG00000158526",0.000138344624920825
"ENSG00000101193",0.000138327406949993
"ENSG00000048392",0.000138289609347025
"ENSG00000130741",0.000138223190028539
"ENSG00000108094",0.000138054557717425
"ENSG00000164327",0.000137863645050958
"ENSG00000106524",0.000137800059616938
"ENSG00000023909",0.000137773732042499
"ENSG00000152229",0.000137745915028559
"ENSG00000159842",0.000137589896036741
"ENSG00000166483",0.000137538516912162
"ENSG00000185432",0.000137487159608151
"ENSG00000168615",0.000137422320844211
"ENSG00000077147",0.000137247642755435
"ENSG00000213809",0.000137193496112393
"ENSG00000090020",0.000137140265176576
"ENSG00000135951",0.000137130181515233
"ENSG00000070444",0.000137054301156284
"ENSG00000111269",0.000137016860604992
"ENSG00000173264",0.000137001854058229
"ENSG00000204160",0.000136852744972919
"ENSG00000278259",0.000136805218623943
"ENSG00000276966",0.000136714159565417
"ENSG00000174796",0.000136665591673177
"ENSG00000161800",0.000136579313925449
"ENSG00000132294",0.000136537670785766
"ENSG00000097021",0.000136532668088584
"ENSG00000041880",0.000136444760263884
"ENSG00000163346",0.000136442742625347
"ENSG00000204220",0.000136335552573409
"ENSG00000079332",0.000136139839711005
"ENSG00000187210",0.000136091809923972
"ENSG00000138757",0.000136064531510895
"ENSG00000112796",0.00013603956416305
"ENSG00000082397",0.00013603346842019
"ENSG00000053372",0.000135958701751234
"ENSG00000100605",0.000135917415600899
"ENSG00000175354",0.000135874152815553
"ENSG00000148943",0.000135862048043006
"ENSG00000154727",0.000135769512537588
"ENSG00000204084",0.000135736507981507
"ENSG00000092148",0.00013560317593348
"ENSG00000079257",0.000135580129020653
"ENSG00000120594",0.000135521069659435
"ENSG00000145391",0.000135499162929187
"ENSG00000198848",0.000135407713870166
"ENSG00000125898",0.000135401585905945
"ENSG00000125912",0.000135376482368023
"ENSG00000075945",0.000135351967422793
"ENSG00000198814",0.000135344215341123
"ENSG00000176155",0.000135326653075063
"ENSG00000144485",0.000135280623015112
"ENSG00000139182",0.000135189606133576
"ENSG00000196812",0.000135170744322959
"ENSG00000120159",0.000135090444119435
"ENSG00000048052",0.000134999312157512
"ENSG00000104880",0.00013497699469658
"ENSG00000196378",0.000134961744974673
"ENSG00000084110",0.000134886669020339
"ENSG00000104884",0.000134866625138971
"ENSG00000137822",0.000134860084409464
"ENSG00000131943",0.000134857817764564
"ENSG00000169026",0.000134815677455386
"ENSG00000011198",0.000134784320204897
"ENSG00000166024",0.000134629183402704
"ENSG00000136929",0.000134510130021861
"ENSG00000168564",0.000134472559436034
"ENSG00000112715",0.000134422207392567
"ENSG00000115946",0.000134348611548912
"ENSG00000269743",0.000134271966500141
"ENSG00000170892",0.000134265553107707
"ENSG00000068097",0.000134253491383437
"ENSG00000276410",0.000134230759320585
"ENSG00000152127",0.000134164951461598
"ENSG00000250479",0.000134163722936867
"ENSG00000163961",0.00013412977029395
"ENSG00000198846",0.000134073021098996
"ENSG00000170448",0.000134012267806419
"ENSG00000155252",0.00013400923612174
"ENSG00000149582",0.000133957408034277
"ENSG00000100836",0.000133953784466014
"ENSG00000198380",0.000133924492853287
"ENSG00000259330",0.000133904420745956
"ENSG00000091073",0.000133745084193109
"ENSG00000072864",0.000133699905742395
"ENSG00000160999",0.000133622581408547
"ENSG00000121058",0.000133608844825168
"ENSG00000113971",0.000133508924846952
"ENSG00000083544",0.000133358473044342
"ENSG00000119523",0.000133139846782874
"ENSG00000103313",0.000133097455178388
"ENSG00000175595",0.000132947943408714
"ENSG00000110344",0.000132921285778713
"ENSG00000039319",0.000132652365742494
"ENSG00000155304",0.000132531753586591
"ENSG00000100823",0.00013247732694366
"ENSG00000167685",0.000132431722037861
"ENSG00000145919",0.000132428966464732
"ENSG00000144554",0.000132424093558824
"ENSG00000175536",0.000132378851966668
"ENSG00000164039",0.00013232137703407
"ENSG00000183765",0.000132263052658009
"ENSG00000143093",0.000132206613200984
"ENSG00000196372",0.00013212820086718
"ENSG00000140030",0.000132068310532249
"ENSG00000117408",0.000132025889278041
"ENSG00000145331",0.000132007073363677
"ENSG00000136897",0.000131932570975522
"ENSG00000100162",0.000131833469393031
"ENSG00000150637",0.000131819429533408
"ENSG00000129158",0.000131725018777073
"ENSG00000187240",0.000131724148713715
"ENSG00000108370",0.000131623403722302
"ENSG00000196455",0.000131603943624081
"ENSG00000196655",0.000131546287671747
"ENSG00000168096",0.000131530712273985
"ENSG00000137713",0.000131496292883708
"ENSG00000179889",0.000131413876418337
"ENSG00000184445",0.000131406640727007
"ENSG00000131634",0.000131362876636224
"ENSG00000170836",0.000131357294434811
"ENSG00000165675",0.000131347961319295
"ENSG00000138709",0.000131321371728835
"ENSG00000001561",0.000131267852828756
"ENSG00000115604",0.000131252340793116
"ENSG00000174437",0.000131124139090076
"ENSG00000106415",0.000131091267277125
"ENSG00000165410",0.000131054731196707
"ENSG00000134954",0.000130905576321077
"ENSG00000197265",0.00013085789446825
"ENSG00000145723",0.000130845552324075
"ENSG00000185024",0.00013065452032293
"ENSG00000133243",0.000130540995319642
"ENSG00000143157",0.000130486809063596
"ENSG00000135362",0.000130413282177734
"ENSG00000166822",0.000130406653240952
"ENSG00000140526",0.000130370742946098
"ENSG00000269404",0.000130328912688517
"ENSG00000196743",0.000130071598965146
"ENSG00000235568",0.000130069223350308
"ENSG00000184792",0.000130059876708974
"ENSG00000083937",0.000129934184915513
"ENSG00000102908",0.000129864124409843
"ENSG00000073060",0.000129858183071521
"ENSG00000197785",0.000129790119966042
"ENSG00000160211",0.000129766757752432
"ENSG00000247077",0.00012970174376769
"ENSG00000164306",0.000129583806650083
"ENSG00000129083",0.000129559661856777
"ENSG00000175115",0.000129555679121681
"ENSG00000185022",0.000129542060331651
"ENSG00000153107",0.000129527205110646
"ENSG00000159079",0.000129284832345558
"ENSG00000105321",0.000129242064355641
"ENSG00000165102",0.000129225636917115
"ENSG00000071564",0.000129217609121055
"ENSG00000185238",0.000129197394774566
"ENSG00000006756",0.000129189157481717
"ENSG00000152495",0.00012909897630494
"ENSG00000126759",0.000129053764189262
"ENSG00000149591",0.000129032610651985
"ENSG00000273611",0.000129020379561953
"ENSG00000168803",0.000128907388547929
"ENSG00000109881",0.000128758926817413
"ENSG00000174206",0.000128754931882747
"ENSG00000163328",0.00012874822450246
"ENSG00000128731",0.00012866575555802
"ENSG00000131127",0.000128663239553964
"ENSG00000004866",0.000128623125208932
"ENSG00000197136",0.000128593678015213
"ENSG00000113761",0.000128567481100991
"ENSG00000215252",0.000128477506176539
"ENSG00000168556",0.0001284461172711
"ENSG00000125814",0.000128442660196709
"ENSG00000173530",0.000128440599581027
"ENSG00000111850",0.000128362437805619
"ENSG00000257017",0.000128334121688822
"ENSG00000124459",0.000128209292114999
"ENSG00000115421",0.000128208757224128
"ENSG00000196646",0.000128133021639384
"ENSG00000120526",0.000128026207916133
"ENSG00000013523",0.000128018507565678
"ENSG00000167700",0.000128015197333966
"ENSG00000060642",0.000127981627426721
"ENSG00000206503",0.000127979368702878
"ENSG00000113638",0.000127959530449494
"ENSG00000133422",0.000127952625161288
"ENSG00000127507",0.000127939786927284
"ENSG00000106261",0.000127917352772912
"ENSG00000172586",0.00012788882713612
"ENSG00000134108",0.000127871307328453
"ENSG00000176597",0.00012785102131461
"ENSG00000141540",0.000127703517158039
"ENSG00000112699",0.000127697309883764
"ENSG00000171469",0.000127661821881208
"ENSG00000034693",0.000127532320700439
"ENSG00000187741",0.000127509659839335
"ENSG00000112303",0.000127498686306478
"ENSG00000136261",0.000127497237287957
"ENSG00000103257",0.000127423851810601
"ENSG00000166900",0.000127404207212477
"ENSG00000101639",0.000127404137800225
"ENSG00000101928",0.000127389411964279
"ENSG00000155542",0.00012729868636535
"ENSG00000138867",0.000127257701762168
"ENSG00000105229",0.000127180223442335
"ENSG00000254087",0.00012691605294049
"ENSG00000183918",0.000126911559240819
"ENSG00000007129",0.000126905167196683
"ENSG00000144909",0.000126860973826616
"ENSG00000122490",0.000126754809587707
"ENSG00000149485",0.000126731213104943
"ENSG00000179152",0.00012672308606297
"ENSG00000157778",0.0001266177475725
"ENSG00000131069",0.000126533060457033
"ENSG00000134287",0.000126476853623295
"ENSG00000064933",0.000126359776007105
"ENSG00000171174",0.000126346932383781
"ENSG00000100478",0.000126320926801234
"ENSG00000067048",0.00012626440221131
"ENSG00000170627",0.000126251897804429
"ENSG00000116922",0.000126234832436817
"ENSG00000075239",0.000126159898080355
"ENSG00000147383",0.000126057014718296
"ENSG00000095066",0.000126008553201651
"ENSG00000169612",0.000125910114955314
"ENSG00000160208",0.000125885999167259
"ENSG00000101343",0.000125821163065555
"ENSG00000105875",0.000125761489574846
"ENSG00000128694",0.000125657450361101
"ENSG00000154642",0.000125540690501932
"ENSG00000149532",0.000125453993306252
"ENSG00000114491",0.000125430620951437
"ENSG00000181826",0.000125327573137236
"ENSG00000102805",0.000125316931000477
"ENSG00000162236",0.000125294072031618
"ENSG00000038210",0.000125291211054792
"ENSG00000100815",0.000125251637916018
"ENSG00000173801",0.000125181828800682
"ENSG00000159792",0.000125046807598655
"ENSG00000084092",0.000125046138289431
"ENSG00000198624",0.000124975663691368
"ENSG00000118985",0.000124839991007055
"ENSG00000070882",0.000124797605419188
"ENSG00000163545",0.000124764414429078
"ENSG00000188428",0.000124762641107433
"ENSG00000101266",0.000124706747200716
"ENSG00000204463",0.000124669768297258
"ENSG00000138050",0.000124641456519309
"ENSG00000112667",0.000124548179964053
"ENSG00000153898",0.000124530470863421
"ENSG00000077514",0.000124426292206836
"ENSG00000269335",0.000124400881387787
"ENSG00000176845",0.000124362154317309
"ENSG00000104863",0.000124351524641894
"ENSG00000163541",0.000124267548341054
"ENSG00000111737",0.000124241976711259
"ENSG00000102984",0.000124011382725384
"ENSG00000261221",0.000123947458213648
"ENSG00000135766",0.000123898493978464
"ENSG00000042062",0.000123819874028874
"ENSG00000113456",0.000123817981025405
"ENSG00000124164",0.00012372266176239
"ENSG00000153487",0.000123712830596874
"ENSG00000128891",0.000123688497745562
"ENSG00000066422",0.000123663845350527
"ENSG00000138061",0.000123655703687177
"ENSG00000146830",0.000123647554927042
"ENSG00000151239",0.000123577443336043
"ENSG00000171456",0.000123552878730412
"ENSG00000175482",0.000123464896504916
"ENSG00000140992",0.000123454527210104
"ENSG00000101191",0.000123441504620293
"ENSG00000176261",0.000123395316395103
"ENSG00000071189",0.000123350309200985
"ENSG00000130758",0.000123259809081383
"ENSG00000160803",0.000123246307088076
"ENSG00000160993",0.000123225540145624
"ENSG00000144597",0.000123216248048899
"ENSG00000168765",0.000123139177719479
"ENSG00000163214",0.000123080659378217
"ENSG00000111859",0.000123067630692088
"ENSG00000104626",0.00012305891202059
"ENSG00000152270",0.000122980938233508
"ENSG00000108861",0.000122975393425414
"ENSG00000185842",0.000122964223219333
"ENSG00000090612",0.000122952966043701
"ENSG00000145817",0.000122905284221508
"ENSG00000086506",0.000122860195921218
"ENSG00000133067",0.000122778790653323
"ENSG00000163281",0.000122776754361188
"ENSG00000099821",0.000122768666060052
"ENSG00000198598",0.000122571924610093
"ENSG00000109685",0.000122571874688624
"ENSG00000066923",0.000122537035435713
"ENSG00000154370",0.000122511117037048
"ENSG00000146416",0.00012249452268158
"ENSG00000115993",0.000122263995021793
"ENSG00000188419",0.000122204705515037
"ENSG00000110721",0.000122192356835515
"ENSG00000196693",0.000122067289156293
"ENSG00000133195",0.000122057950516436
"ENSG00000185527",0.000121977029866952
"ENSG00000241657",0.000121884240028418
"ENSG00000132357",0.000121880570181045
"ENSG00000143751",0.000121809953157526
"ENSG00000163644",0.000121692866584626
"ENSG00000091972",0.000121653684613804
"ENSG00000106404",0.000121331786399974
"ENSG00000157259",0.000121323412415885
"ENSG00000100056",0.000121315884390449
"ENSG00000160336",0.000121256568763786
"ENSG00000175283",0.000121247913354295
"ENSG00000198799",0.000121246492120853
"ENSG00000189319",0.000121228477748594
"ENSG00000185220",0.000121122894432782
"ENSG00000037042",0.000121070604358989
"ENSG00000120837",0.000120951339131931
"ENSG00000211455",0.000120878991085045
"ENSG00000168904",0.000120874987039259
"ENSG00000134575",0.000120848525028504
"ENSG00000196588",0.000120817485015492
"ENSG00000101346",0.000120795165946313
"ENSG00000173715",0.000120776459897781
"ENSG00000101493",0.000120721866600426
"ENSG00000183808",0.000120641230455627
"ENSG00000259494",0.000120620524442788
"ENSG00000102580",0.000120500196926373
"ENSG00000116641",0.000120484891920835
"ENSG00000203950",0.000120433614623955
"ENSG00000198001",0.000120284465512066
"ENSG00000135521",0.000120215348169577
"ENSG00000106069",0.000120184926287503
"ENSG00000145715",0.000120157586790678
"ENSG00000100271",0.000120087532901975
"ENSG00000166949",0.000120081833363277
"ENSG00000158234",0.000120026706993126
"ENSG00000164620",0.000120016938098919
"ENSG00000146063",0.000119948996560624
"ENSG00000181045",0.000119945121393213
"ENSG00000130956",0.00011991311050624
"ENSG00000211445",0.000119887564965831
"ENSG00000134827",0.000119852657991722
"ENSG00000198915",0.000119831955724114
"ENSG00000101945",0.000119829409967477
"ENSG00000101811",0.000119819233531594
"ENSG00000189350",0.000119803581299824
"ENSG00000134056",0.000119751792984955
"ENSG00000115084",0.000119674589097206
"ENSG00000004939",0.000119661694941293
"ENSG00000137073",0.000119648137811646
"ENSG00000149016",0.000119643717832091
"ENSG00000129911",0.000119499509026776
"ENSG00000070269",0.000119494972771015
"ENSG00000136193",0.000119484663759443
"ENSG00000244005",0.000119409610890164
"ENSG00000181192",0.000119282965042976
"ENSG00000158435",0.000119277333305688
"ENSG00000166747",0.000119245307665296
"ENSG00000122515",0.000119244717888332
"ENSG00000174225",0.00011920601594796
"ENSG00000064651",0.000119129102707094
"ENSG00000172889",0.000119118699844463
"ENSG00000132394",0.000119015484855449
"ENSG00000136371",0.000118992655551543
"ENSG00000157168",0.000118864468066333
"ENSG00000133104",0.00011881285079305
"ENSG00000184178",0.000118692330267703
"ENSG00000108953",0.00011868593566437
"ENSG00000133114",0.000118481144499957
"ENSG00000073910",0.000118250655235064
"ENSG00000138668",0.000118233341919625
"ENSG00000233822",0.000118227011641314
"ENSG00000070190",0.000118164840663566
"ENSG00000187554",0.000118151775376818
"ENSG00000168071",0.000118138174972577
"ENSG00000178694",0.000118096279767778
"ENSG00000171603",0.000118086148562146
"ENSG00000085382",0.000118062068403465
"ENSG00000108515",0.000117711273466131
"ENSG00000100503",0.000117557914510927
"ENSG00000117115",0.00011753984472737
"ENSG00000215375",0.000117494201860673
"ENSG00000188986",0.000117425240981739
"ENSG00000196605",0.000117424109925887
"ENSG00000155827",0.000117416877971202
"ENSG00000140577",0.000117393964476738
"ENSG00000240505",0.000117288745360156
"ENSG00000114867",0.000117155104075438
"ENSG00000107816",0.000117139646559215
"ENSG00000273559",0.000117132952997139
"ENSG00000039523",0.000117056391450446
"ENSG00000133103",0.000117051215860041
"ENSG00000196814",0.000117028508136148
"ENSG00000135541",0.000117026991392198
"ENSG00000275342",0.000117004861728634
"ENSG00000177685",0.000116875528264916
"ENSG00000155393",0.000116854467228454
"ENSG00000143167",0.00011685019950953
"ENSG00000080608",0.000116830332951053
"ENSG00000129472",0.000116818903085008
"ENSG00000136868",0.000116740802784239
"ENSG00000065911",0.000116716530078813
"ENSG00000100288",0.000116678847154034
"ENSG00000145041",0.00011659657800301
"ENSG00000105738",0.000116487840764767
"ENSG00000103429",0.000116438737583912
"ENSG00000148459",0.000116420468013321
"ENSG00000157693",0.000116415773754433
"ENSG00000005700",0.000116409769763908
"ENSG00000183060",0.000116374020411589
"ENSG00000157326",0.000116302405975997
"ENSG00000101464",0.000116296017422002
"ENSG00000161996",0.000116210505804429
"ENSG00000249222",0.000116188205379304
"ENSG00000173145",0.00011616587857097
"ENSG00000198440",0.000116157959595303
"ENSG00000135439",0.000116029610629101
"ENSG00000183718",0.00011601415869877
"ENSG00000164048",0.000115963624867343
"ENSG00000153823",0.00011594744942672
"ENSG00000136828",0.000115930422502164
"ENSG00000172215",0.000115895502459611
"ENSG00000119943",0.000115879145758815
"ENSG00000116260",0.000115819589064225
"ENSG00000164687",0.000115740756675452
"ENSG00000240857",0.00011573965619234
"ENSG00000133612",0.000115691361178805
"ENSG00000130222",0.000115514295273558
"ENSG00000040531",0.000115471077643621
"ENSG00000124882",0.00011539468277799
"ENSG00000174946",0.000115365107580178
"ENSG00000044459",0.000115362646967041
"ENSG00000185963",0.000115302420145193
"ENSG00000167705",0.00011525935291835
"ENSG00000146192",0.000115192550628075
"ENSG00000198663",0.000115171619111167
"ENSG00000101294",0.000115164284741464
"ENSG00000100418",0.000115151541218599
"ENSG00000204564",0.000115120703044273
"ENSG00000167333",0.000115116641755649
"ENSG00000111602",0.000115108848074013
"ENSG00000185163",0.000115105928552028
"ENSG00000108465",0.000115079086351556
"ENSG00000107036",0.00011502986911924
"ENSG00000156381",0.000115013435658633
"ENSG00000109929",0.000114997248441788
"ENSG00000170468",0.000114933423891407
"ENSG00000167842",0.000114877261070218
"ENSG00000166889",0.000114867524182731
"ENSG00000139131",0.00011481765066188
"ENSG00000134369",0.000114738325011222
"ENSG00000102595",0.000114644380859331
"ENSG00000205629",0.000114639496532014
"ENSG00000121577",0.000114614718940813
"ENSG00000136643",0.000114556613415733
"ENSG00000084774",0.000114521343205161
"ENSG00000182919",0.000114426750175484
"ENSG00000177352",0.000114420655011368
"ENSG00000176182",0.000114406417929561
"ENSG00000183691",0.000114333794898132
"ENSG00000174775",0.000114187607483399
"ENSG00000167528",0.000114186327743703
"ENSG00000142733",0.000114084759986771
"ENSG00000115159",0.000114002844327442
"ENSG00000077235",0.00011396806887577
"ENSG00000167930",0.000113927863943283
"ENSG00000250571",0.000113919641335477
"ENSG00000138463",0.000113915851624651
"ENSG00000146733",0.000113870835259764
"ENSG00000112200",0.000113850759567405
"ENSG00000143319",0.00011381835844076
"ENSG00000167702",0.000113753773072423
"ENSG00000171132",0.000113720682058225
"ENSG00000235453",0.000113678966408188
"ENSG00000186908",0.000113652239258653
"ENSG00000134594",0.000113577958493793
"ENSG00000119986",0.000113538455195953
"ENSG00000213380",0.000113538094304515
"ENSG00000099810",0.000113513432739637
"ENSG00000005379",0.000113462334652767
"ENSG00000160679",0.000113444727506534
"ENSG00000143409",0.000113435290648776
"ENSG00000189046",0.000113399842853704
"ENSG00000162604",0.000113382678873993
"ENSG00000186591",0.00011336832991284
"ENSG00000126106",0.000113362051507508
"ENSG00000134077",0.000113344853423518
"ENSG00000197372",0.000113313252071652
"ENSG00000164169",0.00011324694412751
"ENSG00000115966",0.000113225781079898
"ENSG00000168275",0.000113200987215463
"ENSG00000143013",0.000113127140476551
"ENSG00000062725",0.000113091257500622
"ENSG00000124574",0.000112998246311838
"ENSG00000196139",0.000112958201614225
"ENSG00000153140",0.000112849730691852
"ENSG00000188493",0.000112845098077293
"ENSG00000161405",0.000112798283225455
"ENSG00000164125",0.000112693208522689
"ENSG00000083444",0.00011267021829127
"ENSG00000006625",0.00011256494606938
"ENSG00000172432",0.000112474172174481
"ENSG00000128989",0.000112459394394549
"ENSG00000176919",0.000112409360915279
"ENSG00000154027",0.000112298079161188
"ENSG00000102858",0.000112292148617058
"ENSG00000096093",0.000112288564046662
"ENSG00000196757",0.000112205484883461
"ENSG00000169592",0.000112191717936128
"ENSG00000163157",0.000112186681324163
"ENSG00000185085",0.000112155475951486
"ENSG00000139117",0.000112126195962597
"ENSG00000115687",0.000112105547960826
"ENSG00000148450",0.000112097912983263
"ENSG00000135437",0.000112012240467456
"ENSG00000119714",0.000111925764633534
"ENSG00000240403",0.000111837698357932
"ENSG00000115415",0.000111770785685754
"ENSG00000101868",0.000111685815357185
"ENSG00000197837",0.000111669670629012
"ENSG00000137880",0.0001116447493343
"ENSG00000103978",0.000111589176328853
"ENSG00000187961",0.000111580461037601
"ENSG00000183779",0.000111574404644317
"ENSG00000186166",0.000111265815848545
"ENSG00000114480",0.000111235636339573
"ENSG00000242114",0.000111228324629095
"ENSG00000114405",0.000111226610861886
"ENSG00000145050",0.000111164577675299
"ENSG00000072803",0.000111131115148352
"ENSG00000188342",0.000111114969361798
"ENSG00000003400",0.00011100257469156
"ENSG00000135709",0.000110969175990913
"ENSG00000106692",0.000110951510639612
"ENSG00000103253",0.000110864234387533
"ENSG00000127663",0.000110812750561991
"ENSG00000186364",0.000110751914855922
"ENSG00000255150",0.000110498210318957
"ENSG00000150636",0.000110475739934918
"ENSG00000092529",0.000110465255882072
"ENSG00000184903",0.000110411250758732
"ENSG00000141736",0.000110409480645451
"ENSG00000078967",0.000110407190285885
"ENSG00000130038",0.000110377770438898
"ENSG00000175931",0.000110345683142131
"ENSG00000000457",0.000110231192143722
"ENSG00000284691",0.000110174082730456
"ENSG00000154124",0.000110163645740074
"ENSG00000151445",0.000110132336075223
"ENSG00000164056",0.000110111542285907
"ENSG00000161558",0.000110102973875987
"ENSG00000146414",0.00011006715545271
"ENSG00000073921",0.000110053882053879
"ENSG00000206190",0.00010997111844489
"ENSG00000166311",0.000109951853825536
"ENSG00000176853",0.000109930090777451
"ENSG00000020129",0.000109879359429786
"ENSG00000113300",0.000109855023339675
"ENSG00000112137",0.000109834478066522
"ENSG00000029993",0.000109797036667372
"ENSG00000010165",0.000109731359790716
"ENSG00000127774",0.000109724546428581
"ENSG00000103932",0.00010964729764248
"ENSG00000133627",0.000109586163046057
"ENSG00000171208",0.000109583803795473
"ENSG00000159082",0.000109578435964726
"ENSG00000182134",0.000109545850800489
"ENSG00000145439",0.000109521100711441
"ENSG00000135722",0.000109469107832359
"ENSG00000197818",0.000109464511182487
"ENSG00000181751",0.000109407535257635
"ENSG00000134982",0.000109331555170102
"ENSG00000054611",0.000109318685850524
"ENSG00000173926",0.000109302206553339
"ENSG00000119280",0.000109284344212655
"ENSG00000184056",0.00010924250430119
"ENSG00000124772",0.000109193654659477
"ENSG00000155729",0.000109131357054116
"ENSG00000178921",0.000109128600006404
"ENSG00000141569",0.000109088283642156
"ENSG00000102981",0.000108999152489523
"ENSG00000164077",0.000108715145564635
"ENSG00000145332",0.000108676843532845
"ENSG00000164051",0.000108616803817524
"ENSG00000166855",0.000108475262572611
"ENSG00000134851",0.000108436914992772
"ENSG00000147099",0.000108422216426431
"ENSG00000103148",0.000108340958186404
"ENSG00000119969",0.000108318516950665
"ENSG00000184481",0.000108300808895936
"ENSG00000169221",0.000108296635691196
"ENSG00000166046",0.000108269309580807
"ENSG00000048405",0.000108231088578847
"ENSG00000147400",0.000108229839749931
"ENSG00000157106",0.000108193414669761
"ENSG00000165458",0.00010818986026921
"ENSG00000115170",0.000108061818847478
"ENSG00000164983",0.000108032116021034
"ENSG00000124486",0.000108008992841205
"ENSG00000069509",0.000107992327144826
"ENSG00000147576",0.000107952680902004
"ENSG00000104825",0.000107949661822074
"ENSG00000135002",0.000107884582760781
"ENSG00000124383",0.000107854484742527
"ENSG00000162591",0.000107836792816713
"ENSG00000137714",0.000107728108257197
"ENSG00000167136",0.000107707191777461
"ENSG00000163935",0.000107700277196121
"ENSG00000104974",0.000107678455317708
"ENSG00000125875",0.000107625595758923
"ENSG00000167182",0.000107588260904755
"ENSG00000154222",0.000107387870761819
"ENSG00000239382",0.000107383591945267
"ENSG00000144451",0.000107381297823175
"ENSG00000171425",0.000107374113060229
"ENSG00000141101",0.000107224929506306
"ENSG00000019991",0.000107162619453852
"ENSG00000124098",0.000107156891586607
"ENSG00000108578",0.000107130228211501
"ENSG00000012232",0.000107058630522429
"ENSG00000160785",0.000107014947626197
"ENSG00000110693",0.000107014895725125
"ENSG00000110925",0.000106937770813301
"ENSG00000111554",0.000106870428741199
"ENSG00000196405",0.000106807563167962
"ENSG00000064687",0.00010674133890635
"ENSG00000142552",0.000106665475697119
"ENSG00000132704",0.000106640088252603
"ENSG00000241127",0.000106617176665451
"ENSG00000169087",0.000106615559330484
"ENSG00000092201",0.000106608314459558
"ENSG00000162783",0.000106601635098327
"ENSG00000128284",0.000106572476274477
"ENSG00000166166",0.000106554530643484
"ENSG00000216490",0.00010652457119877
"ENSG00000134815",0.000106509645321553
"ENSG00000166788",0.000106454020087582
"ENSG00000181218",0.000106422059760858
"ENSG00000117009",0.000106417749821517
"ENSG00000168237",0.000106377107620832
"ENSG00000141510",0.00010634446097041
"ENSG00000166783",0.000106243528198445
"ENSG00000119636",0.000106132388721598
"ENSG00000126822",0.000106126460337465
"ENSG00000132329",0.000106106439741806
"ENSG00000137486",0.000106032785585634
"ENSG00000150540",0.000105896063878538
"ENSG00000186787",0.000105886513814222
"ENSG00000174799",0.000105858854488837
"ENSG00000088543",0.000105776855236875
"ENSG00000158792",0.00010575943210055
"ENSG00000113924",0.000105603900069569
"ENSG00000084676",0.000105565316458666
"ENSG00000029364",0.00010555758338941
"ENSG00000099330",0.000105549557935183
"ENSG00000106636",0.000105514047843896
"ENSG00000105048",0.000105493412363042
"ENSG00000178038",0.000105372640195654
"ENSG00000203326",0.000105350205111337
"ENSG00000062822",0.000105323340548427
"ENSG00000162300",0.000105304723931305
"ENSG00000178726",0.000105285704821634
"ENSG00000139697",0.000105276770987284
"ENSG00000164414",0.000105270591838042
"ENSG00000181929",0.000105191242642079
"ENSG00000104897",0.000105169633545962
"ENSG00000107651",0.000105102882455371
"ENSG00000162413",0.000105096323351477
"ENSG00000170185",0.000105071111644768
"ENSG00000116830",0.000105069134182338
"ENSG00000104881",0.000105061663130252
"ENSG00000158106",0.000105000453069294
"ENSG00000119403",0.000104984478504999
"ENSG00000072518",0.000104968994580746
"ENSG00000160588",0.000104961052475446
"ENSG00000160703",0.00010487189419556
"ENSG00000129538",0.000104857118887216
"ENSG00000021776",0.000104699675165468
"ENSG00000197063",0.000104698023972877
"ENSG00000054282",0.000104645893906328
"ENSG00000268500",0.000104562218744373
"ENSG00000066557",0.000104538293203608
"ENSG00000149809",0.000104414692683379
"ENSG00000174276",0.000104380526013537
"ENSG00000018610",0.00010437539760927
"ENSG00000035720",0.000104306607254271
"ENSG00000136040",0.000104304340090959
"ENSG00000108312",0.000104286400910141
"ENSG00000144635",0.000104228103231713
"ENSG00000156858",0.000104197104898476
"ENSG00000132361",0.000104085662353556
"ENSG00000198551",0.000104081648809429
"ENSG00000185753",0.000104057501485853
"ENSG00000133703",0.000104032488194754
"ENSG00000215440",0.000104022418613541
"ENSG00000180979",0.000103954584476409
"ENSG00000213024",0.000103951461045027
"ENSG00000166750",0.000103950458678213
"ENSG00000065485",0.000103924862157338
"ENSG00000167600",0.000103851975076251
"ENSG00000143515",0.000103829062348505
"ENSG00000130164",0.000103767252514747
"ENSG00000174943",0.000103700327780502
"ENSG00000127084",0.000103676112519769
"ENSG00000145476",0.000103618351219887
"ENSG00000141456",0.000103549996649958
"ENSG00000122008",0.00010352485478246
"ENSG00000110048",0.000103454404477138
"ENSG00000119396",0.00010338748447672
"ENSG00000203791",0.000103371909043199
"ENSG00000166171",0.000103361191445795
"ENSG00000142303",0.00010335698024577
"ENSG00000206561",0.000103298786019691
"ENSG00000144199",0.000103287607911936
"ENSG00000198336",0.000103241512406762
"ENSG00000198689",0.000103164912102397
"ENSG00000145743",0.000103134305608013
"ENSG00000173482",0.000103116810421378
"ENSG00000129696",0.000103078673398291
"ENSG00000122376",0.000103072748566665
"ENSG00000100523",0.000102987385325196
"ENSG00000137700",0.000102979500766425
"ENSG00000104689",0.000102941086614841
"ENSG00000092621",0.000102928820866823
"ENSG00000064313",0.000102894267665287
"ENSG00000111752",0.000102885957411575
"ENSG00000170385",0.000102873453072296
"ENSG00000134899",0.000102847135436995
"ENSG00000137501",0.000102823234657775
"ENSG00000136319",0.000102798561598594
"ENSG00000103248",0.000102730774759386
"ENSG00000122482",0.000102709940916036
"ENSG00000107625",0.000102580165772142
"ENSG00000108387",0.000102570526114114
"ENSG00000271605",0.000102371868329981
"ENSG00000247596",0.000102269932020249
"ENSG00000267796",0.000102245146185069
"ENSG00000134070",0.000102192482717051
"ENSG00000088827",0.000102131385286062
"ENSG00000135972",0.000101957269306354
"ENSG00000204323",0.000101928645271836
"ENSG00000149930",0.000101924512997681
"ENSG00000157895",0.000101867760222659
"ENSG00000146918",0.000101793618957759
"ENSG00000197122",0.000101761627159648
"ENSG00000070961",0.000101748232534601
"ENSG00000125746",0.000101693179612114
"ENSG00000253251",0.000101628967005833
"ENSG00000284024",0.000101611834152209
"ENSG00000163428",0.000101588799211689
"ENSG00000066697",0.000101587425950382
"ENSG00000204351",0.00010158532843715
"ENSG00000105963",0.000101546298869484
"ENSG00000198093",0.000101539377431411
"ENSG00000156127",0.000101511657951678
"ENSG00000123268",0.000101462104137402
"ENSG00000244482",0.000101408246220772
"ENSG00000135392",0.000101305864691604
"ENSG00000197879",0.000101164450808637
"ENSG00000185414",0.000101164360058595
"ENSG00000198246",0.000101139081277328
"ENSG00000116191",0.000101091526982596
"ENSG00000080845",0.00010105854960614
"ENSG00000148154",0.000101043306976174
"ENSG00000121390",0.000101036574531554
"ENSG00000198113",0.000101012907331818
"ENSG00000185760",0.000100986107756949
"ENSG00000139613",0.000100825608165581
"ENSG00000104549",0.000100794463867911
"ENSG00000101350",0.000100733595791186
"ENSG00000075240",0.000100733181413264
"ENSG00000250361",0.000100657690972548
"ENSG00000120832",0.000100621145214217
"ENSG00000096433",0.000100583418908986
"ENSG00000164181",0.000100579603290383
"ENSG00000135249",0.000100548060120036
"ENSG00000005238",0.000100518849987569
"ENSG00000103061",0.000100479043369811
"ENSG00000118939",0.000100435885433019
"ENSG00000147050",0.000100426523683023
"ENSG00000173511",0.000100339922152
"ENSG00000172465",0.000100315423402756
"ENSG00000107140",0.000100304619811087
"ENSG00000213185",0.000100252892276131
"ENSG00000164610",0.000100207556704767
"ENSG00000182185",0.000100152779556694
"ENSG00000162747",0.000100103800028804
"ENSG00000119723",0.000100071740869515
"ENSG00000188566",0.000100065047982028
"ENSG00000113273",0.000100021072938426
"ENSG00000165752",9.99762937991086e-05
"ENSG00000198538",9.9972447254835e-05
"ENSG00000179010",9.99509599425907e-05
"ENSG00000221963",9.99378309976478e-05
"ENSG00000073536",9.9907560436796e-05
"ENSG00000154102",9.98765703001896e-05
"ENSG00000115756",9.98551755497224e-05
"ENSG00000189227",9.98251388153046e-05
"ENSG00000122779",9.98195154679887e-05
"ENSG00000276368",9.97797905821179e-05
"ENSG00000134324",9.97403332616733e-05
"ENSG00000100292",9.96952504048413e-05
"ENSG00000110104",9.9686151419433e-05
"ENSG00000155636",9.96588661275774e-05
"ENSG00000012817",9.9639601361869e-05
"ENSG00000243678",9.96326546051793e-05
"ENSG00000167536",9.960911052182e-05
"ENSG00000163788",9.95598477654179e-05
"ENSG00000182557",9.95047988062414e-05
"ENSG00000189339",9.94591145749078e-05
"ENSG00000104381",9.94313789135251e-05
"ENSG00000143862",9.93737071302232e-05
"ENSG00000140006",9.92560010886666e-05
"ENSG00000092421",9.91234416724289e-05
"ENSG00000197355",9.91180794247901e-05
"ENSG00000173451",9.91042958442386e-05
"ENSG00000175063",9.90963353805442e-05
"ENSG00000135953",9.90616600278475e-05
"ENSG00000169967",9.90284883557692e-05
"ENSG00000175395",9.89587874937188e-05
"ENSG00000138434",9.88904388129602e-05
"ENSG00000151704",9.88366005307868e-05
"ENSG00000126838",9.87850638345299e-05
"ENSG00000127463",9.87536251993673e-05
"ENSG00000203760",9.86939597084194e-05
"ENSG00000130818",9.86876694039281e-05
"ENSG00000198431",9.86876470897446e-05
"ENSG00000149474",9.85976481730338e-05
"ENSG00000147654",9.85721426036462e-05
"ENSG00000164114",9.85510354887928e-05
"ENSG00000100554",9.85211543801444e-05
"ENSG00000166189",9.8502564128214e-05
"ENSG00000166004",9.84734382774192e-05
"ENSG00000073969",9.8468516677276e-05
"ENSG00000165886",9.84326062110873e-05
"ENSG00000122912",9.84324969307417e-05
"ENSG00000164574",9.84312203822807e-05
"ENSG00000159692",9.84246223823705e-05
"ENSG00000150712",9.84204536996998e-05
"ENSG00000107789",9.83984304208421e-05
"ENSG00000184900",9.82389594010318e-05
"ENSG00000185798",9.8208185480962e-05
"ENSG00000145734",9.81703890281609e-05
"ENSG00000180423",9.81200224673015e-05
"ENSG00000101452",9.8095747261299e-05
"ENSG00000118600",9.80081318959677e-05
"ENSG00000168944",9.80033518720827e-05
"ENSG00000161267",9.79875892878506e-05
"ENSG00000152556",9.78537815379825e-05
"ENSG00000197037",9.78290333477688e-05
"ENSG00000097046",9.77541807864617e-05
"ENSG00000133030",9.7736693471295e-05
"ENSG00000144354",9.77341233374459e-05
"ENSG00000114735",9.77204872257169e-05
"ENSG00000107611",9.76347644722782e-05
"ENSG00000179583",9.75643010692248e-05
"ENSG00000096063",9.75609904845955e-05
"ENSG00000175806",9.75435135063713e-05
"ENSG00000100526",9.74818611490175e-05
"ENSG00000127666",9.74584647590492e-05
"ENSG00000184271",9.74533103821693e-05
"ENSG00000100601",9.74292333158538e-05
"ENSG00000164597",9.74192341354209e-05
"ENSG00000107796",9.73747165945142e-05
"ENSG00000113504",9.73426165903552e-05
"ENSG00000167987",9.73025813039515e-05
"ENSG00000105254",9.72833112812323e-05
"ENSG00000166801",9.72716374019325e-05
"ENSG00000101057",9.72569580423666e-05
"ENSG00000074621",9.71932081982867e-05
"ENSG00000136732",9.71517348021663e-05
"ENSG00000187800",9.70974426799114e-05
"ENSG00000124786",9.70839872479204e-05
"ENSG00000165476",9.70786283695317e-05
"ENSG00000214413",9.70579435221882e-05
"ENSG00000183354",9.70194243265794e-05
"ENSG00000127124",9.69890714432301e-05
"ENSG00000181322",9.6986690808976e-05
"ENSG00000196436",9.69770652120043e-05
"ENSG00000213889",9.69611825002495e-05
"ENSG00000242259",9.69500915768983e-05
"ENSG00000157869",9.6907497213247e-05
"ENSG00000122786",9.68800086944122e-05
"ENSG00000141564",9.68374033441107e-05
"ENSG00000105011",9.68359206438432e-05
"ENSG00000129295",9.67654659424782e-05
"ENSG00000185344",9.66292070150604e-05
"ENSG00000060982",9.66143828565385e-05
"ENSG00000141376",9.64987461352772e-05
"ENSG00000186074",9.64660374324254e-05
"ENSG00000213398",9.64216252069526e-05
"ENSG00000184708",9.64087253754885e-05
"ENSG00000174130",9.63506575421625e-05
"ENSG00000205060",9.63115433929917e-05
"ENSG00000174173",9.62839626964806e-05
"ENSG00000122952",9.62817618422255e-05
"ENSG00000204899",9.62336623207822e-05
"ENSG00000198865",9.61976683082395e-05
"ENSG00000198879",9.61929939477868e-05
"ENSG00000170128",9.61735584734177e-05
"ENSG00000119686",9.61644705193591e-05
"ENSG00000164220",9.61198916164813e-05
"ENSG00000172159",9.60138628190549e-05
"ENSG00000162298",9.59552196430041e-05
"ENSG00000160055",9.59199423538792e-05
"ENSG00000139351",9.59108384791494e-05
"ENSG00000119787",9.58431003123544e-05
"ENSG00000168159",9.58024573960139e-05
"ENSG00000198157",9.57986164623442e-05
"ENSG00000176473",9.57772238671628e-05
"ENSG00000175792",9.57766150903158e-05
"ENSG00000221926",9.56892056478762e-05
"ENSG00000091136",9.56509446736123e-05
"ENSG00000165271",9.56475178508211e-05
"ENSG00000117724",9.56326067153287e-05
"ENSG00000142961",9.5622960463703e-05
"ENSG00000206527",9.56033360524738e-05
"ENSG00000090924",9.55969449452459e-05
"ENSG00000178096",9.55942601724834e-05
"ENSG00000198056",9.55247699276378e-05
"ENSG00000156206",9.55028018170597e-05
"ENSG00000120262",9.54890958741403e-05
"ENSG00000118292",9.54748801068865e-05
"ENSG00000180694",9.54673392899988e-05
"ENSG00000204316",9.54572725593534e-05
"ENSG00000137522",9.54015593653916e-05
"ENSG00000060558",9.5389052515746e-05
"ENSG00000174106",9.53592929470023e-05
"ENSG00000177150",9.53296157674029e-05
"ENSG00000189114",9.53269184857483e-05
"ENSG00000138246",9.52761429658664e-05
"ENSG00000184500",9.5266470837975e-05
"ENSG00000189171",9.52471363649475e-05
"ENSG00000137513",9.50687028435735e-05
"ENSG00000198885",9.4931862146529e-05
"ENSG00000175866",9.4888236254785e-05
"ENSG00000239282",9.48540882560114e-05
"ENSG00000112893",9.48467348210236e-05
"ENSG00000117586",9.48411922407897e-05
"ENSG00000104356",9.47788707182623e-05
"ENSG00000015171",9.47541614751432e-05
"ENSG00000124243",9.46553054298071e-05
"ENSG00000170909",9.46221104812818e-05
"ENSG00000103512",9.45639708373499e-05
"ENSG00000205659",9.45626219337431e-05
"ENSG00000076003",9.4542556848158e-05
"ENSG00000140464",9.45359089656233e-05
"ENSG00000211584",9.4484414801317e-05
"ENSG00000100395",9.44762725786783e-05
"ENSG00000131507",9.44297251246702e-05
"ENSG00000110917",9.4394468466778e-05
"ENSG00000183340",9.43467582870791e-05
"ENSG00000117758",9.42875840681686e-05
"ENSG00000219200",9.42820321217682e-05
"ENSG00000171723",9.42795417055847e-05
"ENSG00000137726",9.42622404697291e-05
"ENSG00000138101",9.42454008449457e-05
"ENSG00000143772",9.41878586378224e-05
"ENSG00000185614",9.41399856210888e-05
"ENSG00000183337",9.41193711404849e-05
"ENSG00000100427",9.40641287650733e-05
"ENSG00000159399",9.40287978238065e-05
"ENSG00000166997",9.40123176475394e-05
"ENSG00000177666",9.39737531729591e-05
"ENSG00000062194",9.39542243170024e-05
"ENSG00000123384",9.39495514470115e-05
"ENSG00000254709",9.39161983041583e-05
"ENSG00000237765",9.38850894889315e-05
"ENSG00000106479",9.3775569263205e-05
"ENSG00000171428",9.36816611230684e-05
"ENSG00000008441",9.36792411328053e-05
"ENSG00000142794",9.35941972407227e-05
"ENSG00000167130",9.34678513168321e-05
"ENSG00000180182",9.34588044265977e-05
"ENSG00000173273",9.33831213287456e-05
"ENSG00000181163",9.33368142481174e-05
"ENSG00000111879",9.3223738231242e-05
"ENSG00000104973",9.3217459367332e-05
"ENSG00000157036",9.31213284893702e-05
"ENSG00000175592",9.30817382189275e-05
"ENSG00000132434",9.30407790684014e-05
"ENSG00000011143",9.30238651104523e-05
"ENSG00000089737",9.29486565630324e-05
"ENSG00000085563",9.29435887533987e-05
"ENSG00000109189",9.28921226535351e-05
"ENSG00000079134",9.28917389073246e-05
"ENSG00000185164",9.28791895870383e-05
"ENSG00000108262",9.28490222032515e-05
"ENSG00000205639",9.28398852152679e-05
"ENSG00000134184",9.28306960734288e-05
"ENSG00000111684",9.28270231834379e-05
"ENSG00000026652",9.27663270581514e-05
"ENSG00000077782",9.27247162353699e-05
"ENSG00000144120",9.2706637232552e-05
"ENSG00000161533",9.26952874580676e-05
"ENSG00000166526",9.26929136680699e-05
"ENSG00000166086",9.25930237142173e-05
"ENSG00000164117",9.25806736348658e-05
"ENSG00000257923",9.25562384491918e-05
"ENSG00000225663",9.25515069954438e-05
"ENSG00000158186",9.24946507074521e-05
"ENSG00000151612",9.24406021080451e-05
"ENSG00000130299",9.24225395368553e-05
"ENSG00000117360",9.24150174032555e-05
"ENSG00000074071",9.23901036847319e-05
"ENSG00000137574",9.22882685971112e-05
"ENSG00000113595",9.2269781115008e-05
"ENSG00000114841",9.22641763696284e-05
"ENSG00000127252",9.22374467210575e-05
"ENSG00000163606",9.21359760176832e-05
"ENSG00000139631",9.20886310240558e-05
"ENSG00000100330",9.20522799150912e-05
"ENSG00000135976",9.2019636065456e-05
"ENSG00000147586",9.19737902932811e-05
"ENSG00000181513",9.1947293941414e-05
"ENSG00000109180",9.18810988832688e-05
"ENSG00000176396",9.18674268526545e-05
"ENSG00000166471",9.18125016456427e-05
"ENSG00000075340",9.17972764601384e-05
"ENSG00000137656",9.17363796252784e-05
"ENSG00000121931",9.17299012068612e-05
"ENSG00000121989",9.1722380334407e-05
"ENSG00000140598",9.16994099509809e-05
"ENSG00000100575",9.1697665940545e-05
"ENSG00000167925",9.16963143386673e-05
"ENSG00000119689",9.16678849956425e-05
"ENSG00000042445",9.1666632192916e-05
"ENSG00000106028",9.16545563687066e-05
"ENSG00000127511",9.16478198372247e-05
"ENSG00000172613",9.16428287863464e-05
"ENSG00000103260",9.15993985543936e-05
"ENSG00000278677",9.1573666037549e-05
"ENSG00000140403",9.15292910252015e-05
"ENSG00000144283",9.14753456532966e-05
"ENSG00000005436",9.14179298838665e-05
"ENSG00000157110",9.14018376418415e-05
"ENSG00000101363",9.13798747068931e-05
"ENSG00000132718",9.13661337229084e-05
"ENSG00000103966",9.13214007691814e-05
"ENSG00000122986",9.11837673310631e-05
"ENSG00000117308",9.11781109419383e-05
"ENSG00000187676",9.10410379388963e-05
"ENSG00000135736",9.10391829443881e-05
"ENSG00000155313",9.10033366206859e-05
"ENSG00000238227",9.09755256201886e-05
"ENSG00000167985",9.0968073942132e-05
"ENSG00000114933",9.09542241447704e-05
"ENSG00000167670",9.08001865524846e-05
"ENSG00000151116",9.07612100050275e-05
"ENSG00000109762",9.07542039481382e-05
"ENSG00000164074",9.07075027703224e-05
"ENSG00000163938",9.06795891885213e-05
"ENSG00000087903",9.05862685435087e-05
"ENSG00000163291",9.05744182048852e-05
"ENSG00000141441",9.05107781397014e-05
"ENSG00000100429",9.04274776851987e-05
"ENSG00000147251",9.04212370911901e-05
"ENSG00000257704",9.04172749452659e-05
"ENSG00000108443",9.0407028387998e-05
"ENSG00000055955",9.02638331775574e-05
"ENSG00000164038",9.02453276048075e-05
"ENSG00000140678",9.0228766611459e-05
"ENSG00000163735",9.01930731430877e-05
"ENSG00000167535",9.01767263666148e-05
"ENSG00000174791",9.01332535613043e-05
"ENSG00000085872",9.00954316528887e-05
"ENSG00000172671",9.00686637224784e-05
"ENSG00000105810",9.00321998115895e-05
"ENSG00000134852",9.00298073492879e-05
"ENSG00000006194",8.99052149159977e-05
"ENSG00000183621",8.98839568860442e-05
"ENSG00000065989",8.98525328222636e-05
"ENSG00000083807",8.98424954220217e-05
"ENSG00000159216",8.98414518159797e-05
"ENSG00000088387",8.97428123808995e-05
"ENSG00000157796",8.97395389607633e-05
"ENSG00000196155",8.96892689790066e-05
"ENSG00000176022",8.96886670452339e-05
"ENSG00000036054",8.96729420018439e-05
"ENSG00000132912",8.96219181254108e-05
"ENSG00000111880",8.95811886988919e-05
"ENSG00000170425",8.95644809064163e-05
"ENSG00000027869",8.95372073217775e-05
"ENSG00000136840",8.94979985294968e-05
"ENSG00000173598",8.94623260832268e-05
"ENSG00000196428",8.94197735448013e-05
"ENSG00000151690",8.94041973354512e-05
"ENSG00000198890",8.93018921641999e-05
"ENSG00000131351",8.92302185882286e-05
"ENSG00000114107",8.91939218939259e-05
"ENSG00000162419",8.91631511847642e-05
"ENSG00000170634",8.9150210793803e-05
"ENSG00000091409",8.9078936277326e-05
"ENSG00000125731",8.9053694230191e-05
"ENSG00000171865",8.90121706802425e-05
"ENSG00000183475",8.89806025318886e-05
"ENSG00000214954",8.89694130277347e-05
"ENSG00000152454",8.89519700936239e-05
"ENSG00000204271",8.89379139925933e-05
"ENSG00000103222",8.89081544367332e-05
"ENSG00000126001",8.8869164512076e-05
"ENSG00000107669",8.87859418162732e-05
"ENSG00000182240",8.87754223684635e-05
"ENSG00000243927",8.87293193517987e-05
"ENSG00000112763",8.87281394987912e-05
"ENSG00000058729",8.87253602844654e-05
"ENSG00000204653",8.85801960325234e-05
"ENSG00000163104",8.85378820265936e-05
"ENSG00000155666",8.85156771759693e-05
"ENSG00000168303",8.84679274020815e-05
"ENSG00000143995",8.84289722841761e-05
"ENSG00000121057",8.83843130050175e-05
"ENSG00000188372",8.8354516961319e-05
"ENSG00000132522",8.82810638657602e-05
"ENSG00000168785",8.82500500241095e-05
"ENSG00000110536",8.82211722379186e-05
"ENSG00000161654",8.81019947326288e-05
"ENSG00000174428",8.80596067230083e-05
"ENSG00000158578",8.80169679427884e-05
"ENSG00000125962",8.7994367077301e-05
"ENSG00000198198",8.78297903826187e-05
"ENSG00000119231",8.7828813722692e-05
"ENSG00000116514",8.77876947908127e-05
"ENSG00000101846",8.77739927798965e-05
"ENSG00000204619",8.76997104320448e-05
"ENSG00000167173",8.76577661338082e-05
"ENSG00000083097",8.75962973303257e-05
"ENSG00000116194",8.75807119897049e-05
"ENSG00000112234",8.75334074244276e-05
"ENSG00000134057",8.75097952249806e-05
"ENSG00000122547",8.75058811337469e-05
"ENSG00000076604",8.74886363463457e-05
"ENSG00000169994",8.74435812986848e-05
"ENSG00000063601",8.73586725822931e-05
"ENSG00000204946",8.73281855304182e-05
"ENSG00000157107",8.71184513233898e-05
"ENSG00000169372",8.70504395675047e-05
"ENSG00000163421",8.70408190869049e-05
"ENSG00000145428",8.70090483256088e-05
"ENSG00000104903",8.69716241145336e-05
"ENSG00000117481",8.69521856405797e-05
"ENSG00000140682",8.69184513449619e-05
"ENSG00000144152",8.69119349827639e-05
"ENSG00000152689",8.68914883324079e-05
"ENSG00000067182",8.68215994387046e-05
"ENSG00000109534",8.67501208623796e-05
"ENSG00000152465",8.66773841642722e-05
"ENSG00000162601",8.66026910539765e-05
"ENSG00000213930",8.65840469188288e-05
"ENSG00000106991",8.65481300510038e-05
"ENSG00000158856",8.65170491748069e-05
"ENSG00000066651",8.64686309224979e-05
"ENSG00000205078",8.64684563116143e-05
"ENSG00000097007",8.64593076220001e-05
"ENSG00000175470",8.64330046447877e-05
"ENSG00000133111",8.64077994998224e-05
"ENSG00000087884",8.63993172588869e-05
"ENSG00000143458",8.63774460478242e-05
"ENSG00000134802",8.63058346124095e-05
"ENSG00000107736",8.62554873551518e-05
"ENSG00000176208",8.61234413875297e-05
"ENSG00000121769",8.61097196323183e-05
"ENSG00000153896",8.61041881403386e-05
"ENSG00000006327",8.60999785256864e-05
"ENSG00000118894",8.60425972358119e-05
"ENSG00000023516",8.60413937810119e-05
"ENSG00000136108",8.60374163175273e-05
"ENSG00000170296",8.60066002366943e-05
"ENSG00000156374",8.59562008653981e-05
"ENSG00000119965",8.59347720878878e-05
"ENSG00000151748",8.59253904836112e-05
"ENSG00000136628",8.58871713475667e-05
"ENSG00000141854",8.58609261945104e-05
"ENSG00000007047",8.58267976082607e-05
"ENSG00000185838",8.57712523445855e-05
"ENSG00000243716",8.57424830739247e-05
"ENSG00000143971",8.57375413416033e-05
"ENSG00000109787",8.57203074211255e-05
"ENSG00000162194",8.57024889589665e-05
"ENSG00000148950",8.56603649986003e-05
"ENSG00000083812",8.56320533608189e-05
"ENSG00000181090",8.5562978712106e-05
"ENSG00000176055",8.54741854282435e-05
"ENSG00000112739",8.54691359466536e-05
"ENSG00000151692",8.54289502178443e-05
"ENSG00000186951",8.5424626993781e-05
"ENSG00000141574",8.53879215592277e-05
"ENSG00000068024",8.53366823648094e-05
"ENSG00000125846",8.5303099074133e-05
"ENSG00000077152",8.52844620088264e-05
"ENSG00000173917",8.52834536482922e-05
"ENSG00000188283",8.52601696135853e-05
"ENSG00000058804",8.52189858038977e-05
"ENSG00000121644",8.51806946867601e-05
"ENSG00000103351",8.51803651853258e-05
"ENSG00000013563",8.5152535892874e-05
"ENSG00000167633",8.51148396734259e-05
"ENSG00000106397",8.50508774762563e-05
"ENSG00000131089",8.50031077899147e-05
"ENSG00000197208",8.49594888555354e-05
"ENSG00000186409",8.49545088699122e-05
"ENSG00000102882",8.49282653825064e-05
"ENSG00000107949",8.48945134194887e-05
"ENSG00000111537",8.48763415131761e-05
"ENSG00000105289",8.48229620934246e-05
"ENSG00000018408",8.47755204634911e-05
"ENSG00000140829",8.46252397301098e-05
"ENSG00000112759",8.46094158061475e-05
"ENSG00000178104",8.45974259464624e-05
"ENSG00000179981",8.45773778814059e-05
"ENSG00000133028",8.4491144478466e-05
"ENSG00000168675",8.44609732171843e-05
"ENSG00000151657",8.43995060234608e-05
"ENSG00000157184",8.43661932223068e-05
"ENSG00000067606",8.43567339032763e-05
"ENSG00000167123",8.42794656647845e-05
"ENSG00000170113",8.42451619514894e-05
"ENSG00000125834",8.42362040383628e-05
"ENSG00000164284",8.41988569154731e-05
"ENSG00000197386",8.41483982518885e-05
"ENSG00000130827",8.40947860855842e-05
"ENSG00000136159",8.40316575043073e-05
"ENSG00000128266",8.40293261759932e-05
"ENSG00000110108",8.39725323810029e-05
"ENSG00000096070",8.39623671231297e-05
"ENSG00000154945",8.3932838094739e-05
"ENSG00000157181",8.39260599069898e-05
"ENSG00000178761",8.39220513185775e-05
"ENSG00000130695",8.39120797431382e-05
"ENSG00000160753",8.39105612324691e-05
"ENSG00000144559",8.38533716092562e-05
"ENSG00000198589",8.38424534506923e-05
"ENSG00000243772",8.36592906629695e-05
"ENSG00000025434",8.36172217371799e-05
"ENSG00000196230",8.35960127486409e-05
"ENSG00000141084",8.3522019643814e-05
"ENSG00000035664",8.34692246818937e-05
"ENSG00000180884",8.3417767460075e-05
"ENSG00000161618",8.33591283210186e-05
"ENSG00000157017",8.32992975428174e-05
"ENSG00000197044",8.32934808202975e-05
"ENSG00000130193",8.32714006124887e-05
"ENSG00000135093",8.32296482867183e-05
"ENSG00000166226",8.31018070382626e-05
"ENSG00000213965",8.30411741764821e-05
"ENSG00000065970",8.30360831107843e-05
"ENSG00000068001",8.29799477292385e-05
"ENSG00000100749",8.29036582822447e-05
"ENSG00000171659",8.28975573931261e-05
"ENSG00000068366",8.28929799675043e-05
"ENSG00000180871",8.28716716045507e-05
"ENSG00000075407",8.28673182674765e-05
"ENSG00000183891",8.2844991726455e-05
"ENSG00000179241",8.28282882347582e-05
"ENSG00000116661",8.27666455694885e-05
"ENSG00000006607",8.26736420304261e-05
"ENSG00000243056",8.25312077240218e-05
"ENSG00000061918",8.25167840532337e-05
"ENSG00000137177",8.25013105198509e-05
"ENSG00000172915",8.24933015837058e-05
"ENSG00000254536",8.24403378677466e-05
"ENSG00000198841",8.24108148639842e-05
"ENSG00000171503",8.23938602654617e-05
"ENSG00000081377",8.23802121477536e-05
"ENSG00000154174",8.23015292672799e-05
"ENSG00000163900",8.22962219013567e-05
"ENSG00000157450",8.22156434657412e-05
"ENSG00000187775",8.22107683763985e-05
"ENSG00000117322",8.21981663059663e-05
"ENSG00000138760",8.21974230517654e-05
"ENSG00000066855",8.21963236148293e-05
"ENSG00000185101",8.21944807489559e-05
"ENSG00000116120",8.2190263831248e-05
"ENSG00000172264",8.21730440531417e-05
"ENSG00000138032",8.2172781781932e-05
"ENSG00000197415",8.21266753188185e-05
"ENSG00000196338",8.2121424840765e-05
"ENSG00000116786",8.21182601271872e-05
"ENSG00000109452",8.20938714911909e-05
"ENSG00000089012",8.20745013804316e-05
"ENSG00000180549",8.20511507515407e-05
"ENSG00000027847",8.20034574220875e-05
"ENSG00000165115",8.19499419771624e-05
"ENSG00000129993",8.19491809764704e-05
"ENSG00000131263",8.19381416123687e-05
"ENSG00000090554",8.18871689035594e-05
"ENSG00000109084",8.1868296245157e-05
"ENSG00000120278",8.1832417956984e-05
"ENSG00000167740",8.18270995327403e-05
"ENSG00000183137",8.17576807801925e-05
"ENSG00000197603",8.17568374495214e-05
"ENSG00000136689",8.17446556027787e-05
"ENSG00000182197",8.17297668915411e-05
"ENSG00000184898",8.16431314182112e-05
"ENSG00000105404",8.16254887818163e-05
"ENSG00000103160",8.1488946818928e-05
"ENSG00000146054",8.14865314050628e-05
"ENSG00000172824",8.14797469645378e-05
"ENSG00000123737",8.14773385743026e-05
"ENSG00000102934",8.1345558917691e-05
"ENSG00000136098",8.11793916721958e-05
"ENSG00000167964",8.11505838682006e-05
"ENSG00000143303",8.11261500227307e-05
"ENSG00000166925",8.10879591470695e-05
"ENSG00000184220",8.10437165445547e-05
"ENSG00000174151",8.10047091966278e-05
"ENSG00000197892",8.09947058637627e-05
"ENSG00000158411",8.09946024180759e-05
"ENSG00000217555",8.09800987387614e-05
"ENSG00000213096",8.09601000375896e-05
"ENSG00000189362",8.09253353624192e-05
"ENSG00000186431",8.08655539578972e-05
"ENSG00000175040",8.08508068459878e-05
"ENSG00000152409",8.0796845471174e-05
"ENSG00000089057",8.07856328171738e-05
"ENSG00000137038",8.07462171106733e-05
"ENSG00000186174",8.07393665561297e-05
"ENSG00000180530",8.07034920894668e-05
"ENSG00000196562",8.06906792765393e-05
"ENSG00000096872",8.06904745284165e-05
"ENSG00000103343",8.06364249457182e-05
"ENSG00000173114",8.05877049583989e-05
"ENSG00000124587",8.05780038044016e-05
"ENSG00000168026",8.05514440319423e-05
"ENSG00000151746",8.05496651237866e-05
"ENSG00000133142",8.05328384033797e-05
"ENSG00000173171",8.0508982136898e-05
"ENSG00000124313",8.05074473960969e-05
"ENSG00000168734",8.04474965007398e-05
"ENSG00000100298",8.04052964911423e-05
"ENSG00000188747",8.03194338359685e-05
"ENSG00000227500",8.02109406763129e-05
"ENSG00000140830",8.01314018618947e-05
"ENSG00000103042",8.01257751069386e-05
"ENSG00000162441",8.012496376537e-05
"ENSG00000166130",8.01057780415922e-05
"ENSG00000138443",8.00942938944544e-05
"ENSG00000107938",8.00413070701145e-05
"ENSG00000127554",8.00393242867101e-05
"ENSG00000151849",7.99737996663715e-05
"ENSG00000100027",7.99548894337413e-05
"ENSG00000065882",7.99491282016047e-05
"ENSG00000119203",7.98815870185733e-05
"ENSG00000010539",7.98130574637187e-05
"ENSG00000168389",7.98093282769515e-05
"ENSG00000165650",7.97811260506316e-05
"ENSG00000133597",7.97457131864035e-05
"ENSG00000170088",7.97438861780751e-05
"ENSG00000124788",7.96927595031382e-05
"ENSG00000138439",7.96896861981413e-05
"ENSG00000113368",7.96588626633958e-05
"ENSG00000123179",7.96533029584956e-05
"ENSG00000111300",7.96504680343176e-05
"ENSG00000074356",7.96450475579815e-05
"ENSG00000256053",7.96137782656772e-05
"ENSG00000180257",7.95362935007102e-05
"ENSG00000136026",7.95128724647974e-05
"ENSG00000108306",7.95084811826868e-05
"ENSG00000219545",7.93949662202847e-05
"ENSG00000132680",7.93529859882959e-05
"ENSG00000196850",7.9347095819655e-05
"ENSG00000197162",7.92997234631813e-05
"ENSG00000114982",7.92087815428228e-05
"ENSG00000103047",7.91299388169985e-05
"ENSG00000070785",7.91152695905264e-05
"ENSG00000072756",7.90756284572528e-05
"ENSG00000180596",7.89802758436419e-05
"ENSG00000158470",7.89418802263859e-05
"ENSG00000065665",7.88923093259392e-05
"ENSG00000126705",7.88847754084772e-05
"ENSG00000182742",7.88671483680927e-05
"ENSG00000131462",7.88200799322371e-05
"ENSG00000123080",7.88097344110648e-05
"ENSG00000159200",7.88049942426237e-05
"ENSG00000092758",7.87982854334294e-05
"ENSG00000057704",7.87943381235979e-05
"ENSG00000163686",7.87528653501407e-05
"ENSG00000118162",7.87378956797439e-05
"ENSG00000256060",7.87184711106513e-05
"ENSG00000175048",7.87102490725171e-05
"ENSG00000115295",7.86401535063751e-05
"ENSG00000167525",7.86199497294063e-05
"ENSG00000150401",7.85797257800145e-05
"ENSG00000198668",7.8553120177032e-05
"ENSG00000105258",7.85474671322016e-05
"ENSG00000234511",7.8519277885093e-05
"ENSG00000119401",7.85137088882793e-05
"ENSG00000115318",7.84871451234641e-05
"ENSG00000148429",7.8437233850773e-05
"ENSG00000112787",7.84113093335128e-05
"ENSG00000113319",7.83939667667396e-05
"ENSG00000167840",7.83901460352393e-05
"ENSG00000163393",7.83418523955259e-05
"ENSG00000117528",7.83359955656018e-05
"ENSG00000166439",7.83017088912473e-05
"ENSG00000253352",7.82952448553826e-05
"ENSG00000058866",7.82742222612311e-05
"ENSG00000124701",7.82447178377803e-05
"ENSG00000040487",7.8191400358314e-05
"ENSG00000066933",7.81867859745068e-05
"ENSG00000085733",7.81765825601497e-05
"ENSG00000147475",7.80948817200479e-05
"ENSG00000055208",7.80007408376427e-05
"ENSG00000091157",7.79911963161519e-05
"ENSG00000177613",7.79510439654027e-05
"ENSG00000122696",7.7949938307743e-05
"ENSG00000092470",7.7913325705813e-05
"ENSG00000180198",7.78669151107009e-05
"ENSG00000138190",7.78143076190419e-05
"ENSG00000215305",7.77322956626512e-05
"ENSG00000118495",7.77015880381004e-05
"ENSG00000181924",7.76853388437646e-05
"ENSG00000086288",7.76260720870623e-05
"ENSG00000185379",7.76142219233206e-05
"ENSG00000180902",7.75948858987347e-05
"ENSG00000102445",7.75309952815937e-05
"ENSG00000164970",7.74389919850415e-05
"ENSG00000100522",7.74073609204374e-05
"ENSG00000073111",7.73849470399447e-05
"ENSG00000143315",7.7380500673093e-05
"ENSG00000135686",7.73191983782038e-05
"ENSG00000123989",7.72819494338375e-05
"ENSG00000104946",7.72628525228847e-05
"ENSG00000078747",7.72557935035535e-05
"ENSG00000179387",7.72018067624514e-05
"ENSG00000133393",7.71941106564954e-05
"ENSG00000020426",7.71843455406009e-05
"ENSG00000183878",7.71276583769639e-05
"ENSG00000203667",7.70516061196274e-05
"ENSG00000146070",7.70312216025258e-05
"ENSG00000123810",7.69648824727416e-05
"ENSG00000148516",7.6941093747482e-05
"ENSG00000167393",7.69203432410361e-05
"ENSG00000126698",7.689016882682e-05
"ENSG00000165219",7.68667169697293e-05
"ENSG00000068383",7.68521117069725e-05
"ENSG00000239697",7.68499287439252e-05
"ENSG00000177432",7.6751646618606e-05
"ENSG00000081665",7.67308020034196e-05
"ENSG00000165861",7.66959724069981e-05
"ENSG00000124191",7.66785735187338e-05
"ENSG00000067221",7.6636251850157e-05
"ENSG00000086544",7.65809794532507e-05
"ENSG00000119392",7.65783595122887e-05
"ENSG00000160218",7.65561316736963e-05
"ENSG00000008283",7.65410647828569e-05
"ENSG00000020922",7.6529315139934e-05
"ENSG00000172216",7.64724718784957e-05
"ENSG00000112079",7.64710505794837e-05
"ENSG00000164406",7.64324706843289e-05
"ENSG00000101574",7.64197026441765e-05
"ENSG00000177058",7.64168877825774e-05
"ENSG00000171617",7.63801348737905e-05
"ENSG00000064999",7.62887480232812e-05
"ENSG00000164530",7.62741787939456e-05
"ENSG00000139970",7.62329541376579e-05
"ENSG00000162946",7.62202137766872e-05
"ENSG00000111845",7.61460010052873e-05
"ENSG00000179295",7.61326767713529e-05
"ENSG00000241399",7.61261090253305e-05
"ENSG00000146112",7.61062968058235e-05
"ENSG00000177189",7.60928844156681e-05
"ENSG00000118263",7.60845849819057e-05
"ENSG00000160050",7.59105399406233e-05
"ENSG00000254901",7.58209007127066e-05
"ENSG00000100629",7.57902818176852e-05
"ENSG00000136381",7.5749225190477e-05
"ENSG00000104856",7.57486506628552e-05
"ENSG00000204713",7.5721769290997e-05
"ENSG00000100003",7.57129060628415e-05
"ENSG00000204852",7.57095191393663e-05
"ENSG00000139722",7.57036679367966e-05
"ENSG00000136521",7.56770564611748e-05
"ENSG00000135315",7.54821558753198e-05
"ENSG00000102931",7.54769240946529e-05
"ENSG00000196152",7.54713584142374e-05
"ENSG00000010072",7.54255260907785e-05
"ENSG00000085721",7.54038191529938e-05
"ENSG00000103876",7.53701860332682e-05
"ENSG00000154328",7.53664486516871e-05
"ENSG00000182484",7.53412238048131e-05
"ENSG00000205808",7.53202472942621e-05
"ENSG00000111247",7.53168165845995e-05
"ENSG00000100425",7.52542529043093e-05
"ENSG00000182749",7.52470590083504e-05
"ENSG00000140836",7.52454723602528e-05
"ENSG00000184047",7.52443006954014e-05
"ENSG00000151014",7.52334492059441e-05
"ENSG00000076351",7.51630306191127e-05
"ENSG00000160131",7.50852783610478e-05
"ENSG00000187862",7.50692669349817e-05
"ENSG00000164002",7.50221047502082e-05
"ENSG00000115339",7.49974435830533e-05
"ENSG00000148655",7.49498097764529e-05
"ENSG00000133250",7.49054399022046e-05
"ENSG00000033627",7.483405851285e-05
"ENSG00000153989",7.48160697187216e-05
"ENSG00000169398",7.48103845510441e-05
"ENSG00000105255",7.47446885697548e-05
"ENSG00000244165",7.47406395913698e-05
"ENSG00000184270",7.47135105707678e-05
"ENSG00000220008",7.47078202573562e-05
"ENSG00000105429",7.46853159338103e-05
"ENSG00000161929",7.46571538259572e-05
"ENSG00000066117",7.46335827871643e-05
"ENSG00000153253",7.46115785225502e-05
"ENSG00000189233",7.45509769188136e-05
"ENSG00000176092",7.45377281408211e-05
"ENSG00000179361",7.45153347461929e-05
"ENSG00000177084",7.45126663448891e-05
"ENSG00000213020",7.45073371947358e-05
"ENSG00000129219",7.44789360384943e-05
"ENSG00000110066",7.44636138070182e-05
"ENSG00000124787",7.42872648414286e-05
"ENSG00000134955",7.42747728822927e-05
"ENSG00000198081",7.41721962694866e-05
"ENSG00000148158",7.41470826719811e-05
"ENSG00000129116",7.410358782558e-05
"ENSG00000172732",7.40750482308357e-05
"ENSG00000121897",7.40524700687926e-05
"ENSG00000105851",7.40410392884956e-05
"ENSG00000144647",7.39984427304772e-05
"ENSG00000134709",7.39814029865195e-05
"ENSG00000112167",7.39589919520269e-05
"ENSG00000113749",7.39217117340362e-05
"ENSG00000215277",7.38747978529445e-05
"ENSG00000121933",7.38514700973557e-05
"ENSG00000109618",7.3809617599238e-05
"ENSG00000120616",7.37177067514213e-05
"ENSG00000025796",7.37104211401806e-05
"ENSG00000205208",7.37063623313858e-05
"ENSG00000014164",7.3698699747103e-05
"ENSG00000006634",7.36942399632568e-05
"ENSG00000162650",7.36428184022396e-05
"ENSG00000147138",7.36333129542779e-05
"ENSG00000214140",7.35794824339641e-05
"ENSG00000170604",7.35565578616019e-05
"ENSG00000173210",7.34270755416248e-05
"ENSG00000249915",7.34109385723853e-05
"ENSG00000196967",7.34003602155594e-05
"ENSG00000021300",7.33776978036955e-05
"ENSG00000140398",7.32822627729534e-05
"ENSG00000070614",7.31777464981267e-05
"ENSG00000173818",7.31465004633545e-05
"ENSG00000160602",7.31431459015847e-05
"ENSG00000095383",7.31321653984561e-05
"ENSG00000156504",7.31137942691037e-05
"ENSG00000140511",7.30884512842031e-05
"ENSG00000168081",7.3078401597647e-05
"ENSG00000166912",7.30780220300942e-05
"ENSG00000116299",7.30024370813164e-05
"ENSG00000105518",7.29619092298353e-05
"ENSG00000165905",7.28986911499837e-05
"ENSG00000106993",7.28977185635435e-05
"ENSG00000172071",7.28909426027164e-05
"ENSG00000132879",7.28758914671653e-05
"ENSG00000173085",7.2853509106024e-05
"ENSG00000160695",7.28284215677392e-05
"ENSG00000188649",7.28088644944634e-05
"ENSG00000174606",7.27786335451054e-05
"ENSG00000177697",7.27009433022006e-05
"ENSG00000164144",7.26889492828064e-05
"ENSG00000151376",7.26601145081064e-05
"ENSG00000172123",7.26508499599983e-05
"ENSG00000196150",7.26306954922364e-05
"ENSG00000182552",7.26063608690698e-05
"ENSG00000113615",7.25460198686979e-05
"ENSG00000105298",7.2525042777854e-05
"ENSG00000142632",7.25200188027246e-05
"ENSG00000204348",7.24934882359011e-05
"ENSG00000137078",7.24720550055019e-05
"ENSG00000109436",7.24637827656298e-05
"ENSG00000015532",7.24136742299375e-05
"ENSG00000176624",7.23881001941535e-05
"ENSG00000158467",7.23564149332162e-05
"ENSG00000164512",7.22716285634117e-05
"ENSG00000180425",7.22512140090818e-05
"ENSG00000162772",7.22380531885226e-05
"ENSG00000198793",7.22255422962345e-05
"ENSG00000138166",7.22118721419586e-05
"ENSG00000158006",7.21569865400465e-05
"ENSG00000139725",7.21444870194453e-05
"ENSG00000108469",7.21419663909947e-05
"ENSG00000157445",7.21323411434809e-05
"ENSG00000111913",7.21180280514737e-05
"ENSG00000074696",7.20977770864573e-05
"ENSG00000137274",7.20924054338982e-05
"ENSG00000099338",7.20543730458526e-05
"ENSG00000163376",7.20143316602154e-05
"ENSG00000180185",7.19826003112197e-05
"ENSG00000064393",7.19548174950727e-05
"ENSG00000105967",7.19405540014077e-05
"ENSG00000146410",7.19271692248942e-05
"ENSG00000185909",7.19203588158594e-05
"ENSG00000203710",7.18915790816375e-05
"ENSG00000115486",7.18494798563906e-05
"ENSG00000163125",7.17175821039049e-05
"ENSG00000144749",7.16994309282969e-05
"ENSG00000157193",7.16626624349092e-05
"ENSG00000100294",7.16307519035663e-05
"ENSG00000010361",7.1623132312098e-05
"ENSG00000116668",7.15988515408158e-05
"ENSG00000109680",7.15786539741443e-05
"ENSG00000169621",7.15505839926905e-05
"ENSG00000176024",7.15322345619797e-05
"ENSG00000144134",7.15154406112357e-05
"ENSG00000151718",7.14898208664492e-05
"ENSG00000173821",7.14396623300484e-05
"ENSG00000164850",7.14165997750887e-05
"ENSG00000109066",7.14150909286795e-05
"ENSG00000054965",7.14012134230461e-05
"ENSG00000127831",7.13493482503333e-05
"ENSG00000100926",7.13270296514704e-05
"ENSG00000131747",7.12905631732879e-05
"ENSG00000064763",7.12838180614819e-05
"ENSG00000074657",7.12613490318186e-05
"ENSG00000070759",7.12204961410779e-05
"ENSG00000182606",7.12185308490491e-05
"ENSG00000055147",7.11822965920415e-05
"ENSG00000136068",7.11625254719492e-05
"ENSG00000240204",7.11459131601171e-05
"ENSG00000131115",7.10590837005121e-05
"ENSG00000080819",7.10533121662538e-05
"ENSG00000069020",7.10326275551263e-05
"ENSG00000163464",7.1027478341276e-05
"ENSG00000109686",7.0988135691846e-05
"ENSG00000140525",7.09442965297123e-05
"ENSG00000136158",7.09259248493316e-05
"ENSG00000134453",7.09174612101073e-05
"ENSG00000160285",7.07957568045492e-05
"ENSG00000112357",7.07930441709015e-05
"ENSG00000172197",7.07629013793976e-05
"ENSG00000123684",7.07069732547718e-05
"ENSG00000125841",7.06484238513861e-05
"ENSG00000168411",7.06252242884279e-05
"ENSG00000221838",7.0624518299745e-05
"ENSG00000144959",7.0589099452749e-05
"ENSG00000175073",7.05852782544707e-05
"ENSG00000168792",7.04394543905801e-05
"ENSG00000173597",7.04334519523002e-05
"ENSG00000156831",7.04220663420203e-05
"ENSG00000131016",7.03795739452566e-05
"ENSG00000204977",7.03795701360779e-05
"ENSG00000060069",7.03618648109303e-05
"ENSG00000161847",7.03494438275412e-05
"ENSG00000124145",7.029919818019e-05
"ENSG00000142396",7.02406848313183e-05
"ENSG00000172578",7.02260561168029e-05
"ENSG00000178075",7.02251597273262e-05
"ENSG00000205809",7.01598899330066e-05
"ENSG00000184209",7.00999743302653e-05
"ENSG00000136463",7.0067292185288e-05
"ENSG00000103184",7.00384963436484e-05
"ENSG00000177427",7.00318034025545e-05
"ENSG00000180209",6.99748929272257e-05
"ENSG00000137563",6.99714408852589e-05
"ENSG00000188542",6.99122289683355e-05
"ENSG00000145779",6.98817475398559e-05
"ENSG00000090971",6.98725588814285e-05
"ENSG00000133740",6.98587843061147e-05
"ENSG00000104983",6.98577853550528e-05
"ENSG00000133027",6.98436595917815e-05
"ENSG00000171295",6.98372452022625e-05
"ENSG00000128791",6.98318676685361e-05
"ENSG00000058056",6.97965594937268e-05
"ENSG00000101417",6.97808175158581e-05
"ENSG00000063176",6.96762884222561e-05
"ENSG00000174684",6.96080267384852e-05
"ENSG00000239779",6.95622828581973e-05
"ENSG00000196458",6.95493890342617e-05
"ENSG00000149516",6.95282526050129e-05
"ENSG00000104341",6.94460235907331e-05
"ENSG00000070087",6.93810450184998e-05
"ENSG00000176533",6.93691015138411e-05
"ENSG00000115009",6.93042051689701e-05
"ENSG00000125843",6.92996230266607e-05
"ENSG00000077585",6.92916206953571e-05
"ENSG00000182782",6.92259692271481e-05
"ENSG00000245848",6.91971886012454e-05
"ENSG00000025800",6.91590667427691e-05
"ENSG00000130939",6.91065923481432e-05
"ENSG00000161513",6.91007343439374e-05
"ENSG00000177082",6.90945942942937e-05
"ENSG00000139946",6.9082636729542e-05
"ENSG00000120215",6.90819998471737e-05
"ENSG00000134590",6.90211979898816e-05
"ENSG00000171488",6.89561650252792e-05
"ENSG00000265808",6.89044657415898e-05
"ENSG00000066294",6.88740158865999e-05
"ENSG00000130309",6.88583901515056e-05
"ENSG00000169105",6.88377674888002e-05
"ENSG00000157911",6.88145296934665e-05
"ENSG00000014919",6.88047099408778e-05
"ENSG00000156384",6.87932600851872e-05
"ENSG00000173214",6.87911042967399e-05
"ENSG00000121774",6.87556359302748e-05
"ENSG00000158406",6.87147497708161e-05
"ENSG00000254469",6.86792342474588e-05
"ENSG00000135622",6.8645388500833e-05
"ENSG00000103264",6.86224638870972e-05
"ENSG00000203965",6.86191736693009e-05
"ENSG00000179532",6.86021084919874e-05
"ENSG00000143379",6.85986308996499e-05
"ENSG00000134531",6.85871263954449e-05
"ENSG00000188010",6.85740243673288e-05
"ENSG00000175198",6.85261144971421e-05
"ENSG00000165801",6.85159914916716e-05
"ENSG00000167114",6.85020287845914e-05
"ENSG00000124198",6.84883351710146e-05
"ENSG00000197312",6.83812943685398e-05
"ENSG00000137413",6.82824981329867e-05
"ENSG00000074966",6.82208571168071e-05
"ENSG00000057294",6.82145383736603e-05
"ENSG00000144843",6.81752524722521e-05
"ENSG00000103064",6.81056610216347e-05
"ENSG00000125454",6.80790821151615e-05
"ENSG00000184207",6.79996756036725e-05
"ENSG00000165983",6.79947767403802e-05
"ENSG00000106771",6.79446229048734e-05
"ENSG00000166170",6.79310142117985e-05
"ENSG00000124508",6.7864788160067e-05
"ENSG00000159761",6.78455615849018e-05
"ENSG00000145936",6.78223358883688e-05
"ENSG00000169313",6.78200475774079e-05
"ENSG00000111266",6.78109149174545e-05
"ENSG00000110172",6.77825402774648e-05
"ENSG00000163069",6.75679890831429e-05
"ENSG00000142528",6.7511788460147e-05
"ENSG00000119862",6.74377704137106e-05
"ENSG00000031691",6.73956475677169e-05
"ENSG00000099889",6.73764525174307e-05
"ENSG00000175711",6.7329175969348e-05
"ENSG00000063015",6.73062418235205e-05
"ENSG00000167995",6.72371394284807e-05
"ENSG00000162769",6.72220408328842e-05
"ENSG00000118873",6.72200894115116e-05
"ENSG00000234616",6.72143727295759e-05
"ENSG00000174915",6.71872785970045e-05
"ENSG00000125967",6.71642687736096e-05
"ENSG00000160201",6.71504153383367e-05
"ENSG00000131504",6.71399996018849e-05
"ENSG00000215421",6.69406113368292e-05
"ENSG00000196092",6.69223145572853e-05
"ENSG00000174842",6.68525473090246e-05
"ENSG00000168228",6.68427900268789e-05
"ENSG00000213918",6.68123722547998e-05
"ENSG00000113296",6.67981921446117e-05
"ENSG00000090863",6.67971500798816e-05
"ENSG00000153048",6.67563991453639e-05
"ENSG00000167065",6.67360783703351e-05
"ENSG00000156500",6.66884456338268e-05
"ENSG00000157823",6.66340803482822e-05
"ENSG00000175643",6.66071989672784e-05
"ENSG00000174306",6.6563401872835e-05
"ENSG00000138031",6.65570742377292e-05
"ENSG00000119318",6.65117117741237e-05
"ENSG00000119950",6.65044140215097e-05
"ENSG00000105576",6.64976681202809e-05
"ENSG00000113758",6.64012908822611e-05
"ENSG00000146281",6.63629451358615e-05
"ENSG00000100485",6.63017393953951e-05
"ENSG00000177191",6.6251924065365e-05
"ENSG00000186575",6.61845832373755e-05
"ENSG00000089682",6.61273591168231e-05
"ENSG00000171189",6.60755548954706e-05
"ENSG00000185669",6.60673668090796e-05
"ENSG00000132549",6.6036446060749e-05
"ENSG00000100379",6.60062283197043e-05
"ENSG00000185127",6.59321716293439e-05
"ENSG00000157764",6.59171837046224e-05
"ENSG00000111224",6.58828468914294e-05
"ENSG00000188076",6.5880055278939e-05
"ENSG00000185019",6.58116961799628e-05
"ENSG00000168924",6.57920273646994e-05
"ENSG00000185158",6.57026144023409e-05
"ENSG00000151491",6.56715165805495e-05
"ENSG00000143190",6.56406370864886e-05
"ENSG00000061676",6.56271115530047e-05
"ENSG00000162869",6.56119176613412e-05
"ENSG00000112312",6.55460631315421e-05
"ENSG00000139645",6.55146620041271e-05
"ENSG00000160191",6.55005122260698e-05
"ENSG00000110013",6.5478242546018e-05
"ENSG00000267680",6.54563632714767e-05
"ENSG00000170956",6.54536720389464e-05
"ENSG00000139618",6.54226657093106e-05
"ENSG00000165923",6.54079343830718e-05
"ENSG00000166896",6.5391971586734e-05
"ENSG00000105499",6.53858269346332e-05
"ENSG00000003147",6.53731370558797e-05
"ENSG00000159685",6.53506076017184e-05
"ENSG00000117020",6.53228339286588e-05
"ENSG00000106089",6.53161913033246e-05
"ENSG00000123154",6.53041129946727e-05
"ENSG00000073792",6.52396809024193e-05
"ENSG00000132256",6.52259504980808e-05
"ENSG00000187098",6.52012840657553e-05
"ENSG00000182957",6.51582720837602e-05
"ENSG00000104331",6.51401180833271e-05
"ENSG00000163002",6.51012801479442e-05
"ENSG00000141956",6.50384382311807e-05
"ENSG00000204344",6.49004235139308e-05
"ENSG00000063127",6.48909517296591e-05
"ENSG00000140479",6.48405281905903e-05
"ENSG00000185803",6.48007068597068e-05
"ENSG00000169635",6.47798277288968e-05
"ENSG00000129932",6.47690293087347e-05
"ENSG00000223865",6.47586418009987e-05
"ENSG00000152464",6.4748594550325e-05
"ENSG00000173207",6.47380208176472e-05
"ENSG00000131368",6.46164474799257e-05
"ENSG00000132004",6.45738895797206e-05
"ENSG00000160271",6.45719743647487e-05
"ENSG00000148057",6.4553212961835e-05
"ENSG00000256087",6.45089450087793e-05
"ENSG00000197555",6.44215065490745e-05
"ENSG00000043143",6.44138749617804e-05
"ENSG00000066827",6.44085998630461e-05
"ENSG00000151694",6.43614482944507e-05
"ENSG00000091009",6.43310325095912e-05
"ENSG00000164211",6.42785954054153e-05
"ENSG00000088930",6.42755650711386e-05
"ENSG00000106526",6.42705675037276e-05
"ENSG00000136205",6.42437121367855e-05
"ENSG00000166165",6.42090545069313e-05
"ENSG00000136478",6.41875394040394e-05
"ENSG00000137221",6.4185506694393e-05
"ENSG00000163378",6.41545272651213e-05
"ENSG00000125498",6.41342804446837e-05
"ENSG00000185664",6.41136154916874e-05
"ENSG00000170417",6.41135167127048e-05
"ENSG00000186665",6.4066695602034e-05
"ENSG00000152904",6.40132824859122e-05
"ENSG00000188822",6.39901529502481e-05
"ENSG00000196284",6.39449826042846e-05
"ENSG00000176896",6.39005536962479e-05
"ENSG00000145882",6.38995304788084e-05
"ENSG00000136856",6.38518010929683e-05
"ENSG00000160179",6.38146757970309e-05
"ENSG00000155085",6.37932701641038e-05
"ENSG00000110660",6.37769619369148e-05
"ENSG00000178896",6.37313839353092e-05
"ENSG00000119509",6.37305922661657e-05
"ENSG00000168807",6.37198019485486e-05
"ENSG00000124789",6.36959754008917e-05
"ENSG00000168672",6.36711400160086e-05
"ENSG00000151023",6.36598568507235e-05
"ENSG00000117682",6.36419255762628e-05
"ENSG00000154978",6.36268455687555e-05
"ENSG00000166333",6.35912700789492e-05
"ENSG00000076382",6.35556286525683e-05
"ENSG00000180488",6.35511890029091e-05
"ENSG00000142655",6.35298856183401e-05
"ENSG00000152413",6.35295372944866e-05
"ENSG00000117519",6.3511387196771e-05
"ENSG00000173372",6.34945571532644e-05
"ENSG00000198853",6.34463513700771e-05
"ENSG00000131732",6.33938685158388e-05
"ENSG00000150938",6.33622087855679e-05
"ENSG00000084112",6.33283676789722e-05
"ENSG00000204217",6.33083201903801e-05
"ENSG00000132153",6.32310993243853e-05
"ENSG00000261884",6.31842755786585e-05
"ENSG00000143819",6.31496118659865e-05
"ENSG00000167371",6.31289211860334e-05
"ENSG00000251369",6.30616540618551e-05
"ENSG00000178074",6.30510771740839e-05
"ENSG00000101665",6.30505789667248e-05
"ENSG00000173535",6.30365514540135e-05
"ENSG00000180329",6.30284938150014e-05
"ENSG00000105204",6.29639604840589e-05
"ENSG00000182871",6.29129906836527e-05
"ENSG00000135407",6.28093995304875e-05
"ENSG00000092068",6.27572609031315e-05
"ENSG00000215041",6.27220009272269e-05
"ENSG00000076513",6.27033730228839e-05
"ENSG00000117620",6.26910479184378e-05
"ENSG00000188725",6.26643270881892e-05
"ENSG00000137218",6.26309425421612e-05
"ENSG00000198752",6.25958281344629e-05
"ENSG00000090975",6.25601818060993e-05
"ENSG00000276231",6.25597815895427e-05
"ENSG00000139625",6.24764579206682e-05
"ENSG00000140876",6.2462278298254e-05
"ENSG00000011376",6.24167692436285e-05
"ENSG00000203666",6.24004381648694e-05
"ENSG00000142920",6.23804566021825e-05
"ENSG00000243335",6.23466882521727e-05
"ENSG00000118298",6.23310039661855e-05
"ENSG00000175164",6.22412504457191e-05
"ENSG00000188305",6.22385574739172e-05
"ENSG00000104290",6.22055697143263e-05
"ENSG00000122729",6.21839317819676e-05
"ENSG00000115525",6.21795102313398e-05
"ENSG00000247626",6.21275493627915e-05
"ENSG00000007516",6.21166112336148e-05
"ENSG00000197429",6.2071740277553e-05
"ENSG00000152348",6.20685808235435e-05
"ENSG00000019169",6.20481883115004e-05
"ENSG00000183605",6.20113027221944e-05
"ENSG00000164241",6.20018416413583e-05
"ENSG00000164330",6.19730638113224e-05
"ENSG00000151062",6.19262848204325e-05
"ENSG00000178935",6.18938605785134e-05
"ENSG00000221944",6.17756562068212e-05
"ENSG00000121879",6.17733189889804e-05
"ENSG00000187815",6.1762965182586e-05
"ENSG00000186416",6.17604329174517e-05
"ENSG00000000460",6.17206960477636e-05
"ENSG00000075568",6.16884100727312e-05
"ENSG00000163794",6.16693665322808e-05
"ENSG00000102547",6.16675009902022e-05
"ENSG00000164120",6.16441621779195e-05
"ENSG00000145246",6.16254364204163e-05
"ENSG00000123836",6.16106384126322e-05
"ENSG00000172292",6.15922695155221e-05
"ENSG00000172037",6.15574649370877e-05
"ENSG00000213015",6.15385557589174e-05
"ENSG00000160193",6.14986189107833e-05
"ENSG00000148773",6.14702432473178e-05
"ENSG00000011275",6.14230654801995e-05
"ENSG00000106100",6.14084569732091e-05
"ENSG00000160326",6.1406860494823e-05
"ENSG00000186049",6.13881905979698e-05
"ENSG00000163738",6.13668385606634e-05
"ENSG00000130558",6.13521231556856e-05
"ENSG00000169432",6.1347168791978e-05
"ENSG00000121289",6.13145565892611e-05
"ENSG00000100099",6.12929232942192e-05
"ENSG00000187866",6.12413084193879e-05
"ENSG00000172508",6.12129742287004e-05
"ENSG00000196110",6.12003732062455e-05
"ENSG00000214655",6.11484370391967e-05
"ENSG00000133246",6.11453058263184e-05
"ENSG00000101898",6.10539731430648e-05
"ENSG00000139531",6.10467596530034e-05
"ENSG00000158882",6.10352128951599e-05
"ENSG00000186111",6.09561055542983e-05
"ENSG00000174013",6.09507188210401e-05
"ENSG00000168646",6.08918917470977e-05
"ENSG00000096654",6.08633455030632e-05
"ENSG00000124641",6.08331683471457e-05
"ENSG00000028203",6.08314634382204e-05
"ENSG00000036549",6.08015150836202e-05
"ENSG00000258890",6.07687794952979e-05
"ENSG00000234127",6.07494561638665e-05
"ENSG00000173275",6.07339728725644e-05
"ENSG00000188343",6.07326277646248e-05
"ENSG00000126262",6.07087295009195e-05
"ENSG00000137941",6.07086958818605e-05
"ENSG00000167202",6.06904243612891e-05
"ENSG00000138646",6.06506546938474e-05
"ENSG00000222011",6.06012360875731e-05
"ENSG00000198876",6.05835414419486e-05
"ENSG00000186792",6.05727687094052e-05
"ENSG00000169733",6.05365150425463e-05
"ENSG00000176148",6.05163966232412e-05
"ENSG00000152332",6.05017586808157e-05
"ENSG00000215126",6.04372921931193e-05
"ENSG00000126775",6.04038300867481e-05
"ENSG00000135069",6.03754092868404e-05
"ENSG00000162817",6.03635678116445e-05
"ENSG00000170142",6.03581393631864e-05
"ENSG00000145416",6.03126314951274e-05
"ENSG00000124091",6.03089564390026e-05
"ENSG00000137275",6.02246468076082e-05
"ENSG00000198824",6.01904728905766e-05
"ENSG00000172301",6.01213032594988e-05
"ENSG00000163577",6.0091101358171e-05
"ENSG00000185347",6.00866771688095e-05
"ENSG00000243279",6.00719089666611e-05
"ENSG00000148090",5.99878184326083e-05
"ENSG00000198816",5.99788585095161e-05
"ENSG00000081760",5.99530417760942e-05
"ENSG00000128881",5.99457042396357e-05
"ENSG00000165948",5.99411831353071e-05
"ENSG00000169118",5.98918838706661e-05
"ENSG00000130559",5.98528131720691e-05
"ENSG00000114739",5.98401308064291e-05
"ENSG00000128581",5.9812972145858e-05
"ENSG00000239920",5.98047502488536e-05
"ENSG00000170631",5.98012470859352e-05
"ENSG00000146085",5.97884551041595e-05
"ENSG00000087301",5.97548906097516e-05
"ENSG00000005075",5.97323501012031e-05
"ENSG00000133328",5.97219398680913e-05
"ENSG00000159147",5.97179466039846e-05
"ENSG00000151611",5.97001822975369e-05
"ENSG00000114374",5.96520748552222e-05
"ENSG00000067191",5.96493635747172e-05
"ENSG00000176058",5.96263252346536e-05
"ENSG00000155016",5.9625301761799e-05
"ENSG00000168014",5.95765420923642e-05
"ENSG00000103942",5.95681213444294e-05
"ENSG00000123095",5.95512378478636e-05
"ENSG00000007392",5.95190778628446e-05
"ENSG00000256223",5.95100707416957e-05
"ENSG00000164440",5.94766849210004e-05
"ENSG00000185010",5.9466785177516e-05
"ENSG00000179041",5.94453268476285e-05
"ENSG00000170759",5.94125260435327e-05
"ENSG00000244687",5.93866958451863e-05
"ENSG00000112578",5.93549583798465e-05
"ENSG00000166881",5.93365177015671e-05
"ENSG00000275074",5.92987779300459e-05
"ENSG00000115827",5.92986451584131e-05
"ENSG00000180900",5.92857244268075e-05
"ENSG00000185774",5.92415931338215e-05
"ENSG00000138231",5.92370430990878e-05
"ENSG00000138386",5.92331273825932e-05
"ENSG00000269858",5.91429444075677e-05
"ENSG00000197362",5.9140410450286e-05
"ENSG00000047457",5.91260583935e-05
"ENSG00000175505",5.91062691904465e-05
"ENSG00000189430",5.90624994674633e-05
"ENSG00000155621",5.90335573177358e-05
"ENSG00000141577",5.89978201369895e-05
"ENSG00000151948",5.8996092200803e-05
"ENSG00000075790",5.89821559903993e-05
"ENSG00000173011",5.8944610012981e-05
"ENSG00000102743",5.88715220255701e-05
"ENSG00000177051",5.8870267555708e-05
"ENSG00000169446",5.87710608476117e-05
"ENSG00000047346",5.8767363835515e-05
"ENSG00000101152",5.87660936073857e-05
"ENSG00000121067",5.87532954046904e-05
"ENSG00000150756",5.87500785235278e-05
"ENSG00000167325",5.86945785621456e-05
"ENSG00000138030",5.86434997270017e-05
"ENSG00000170364",5.86420583832298e-05
"ENSG00000091947",5.86358823276072e-05
"ENSG00000182732",5.85968373522253e-05
"ENSG00000115548",5.85101248931352e-05
"ENSG00000106346",5.84933276437274e-05
"ENSG00000033030",5.84791161647685e-05
"ENSG00000165434",5.84448106992635e-05
"ENSG00000125741",5.84394511247376e-05
"ENSG00000111231",5.84384130956387e-05
"ENSG00000170915",5.83752998160585e-05
"ENSG00000062282",5.83698105070127e-05
"ENSG00000115568",5.83549249569069e-05
"ENSG00000176834",5.83446108104021e-05
"ENSG00000187650",5.83184854687357e-05
"ENSG00000128805",5.8308472351228e-05
"ENSG00000186376",5.82842340549533e-05
"ENSG00000087586",5.82795289093821e-05
"ENSG00000152422",5.82722665729475e-05
"ENSG00000188732",5.82662045877633e-05
"ENSG00000151687",5.82641305631591e-05
"ENSG00000081177",5.82443027549208e-05
"ENSG00000113812",5.8209737638907e-05
"ENSG00000172007",5.82046282643957e-05
"ENSG00000163249",5.81933224119272e-05
"ENSG00000198742",5.81859791587185e-05
"ENSG00000164631",5.81738412971477e-05
"ENSG00000166451",5.81416074873295e-05
"ENSG00000119725",5.81366746561758e-05
"ENSG00000104442",5.81245611424783e-05
"ENSG00000114904",5.80921339042394e-05
"ENSG00000159267",5.8051749703328e-05
"ENSG00000112473",5.80319971400502e-05
"ENSG00000188486",5.80040828119892e-05
"ENSG00000002016",5.79753466796968e-05
"ENSG00000106070",5.79227447685861e-05
"ENSG00000153790",5.78915473657911e-05
"ENSG00000170486",5.78827192722613e-05
"ENSG00000179820",5.78819234643193e-05
"ENSG00000105287",5.78624863706166e-05
"ENSG00000171596",5.78595153997974e-05
"ENSG00000010030",5.78194345995577e-05
"ENSG00000197299",5.7779488162953e-05
"ENSG00000213390",5.77757144641087e-05
"ENSG00000197461",5.77086385999379e-05
"ENSG00000182700",5.76537871224263e-05
"ENSG00000178202",5.75981353615614e-05
"ENSG00000143545",5.75886918557503e-05
"ENSG00000179750",5.75824372042479e-05
"ENSG00000175857",5.75771477379861e-05
"ENSG00000168894",5.75563479389461e-05
"ENSG00000164291",5.75316318779191e-05
"ENSG00000133315",5.75252543153822e-05
"ENSG00000173875",5.75056821502873e-05
"ENSG00000155850",5.7485535269855e-05
"ENSG00000111728",5.74526985368633e-05
"ENSG00000185920",5.74060811287078e-05
"ENSG00000138078",5.73994258848531e-05
"ENSG00000182885",5.73925756862651e-05
"ENSG00000146676",5.73687784310867e-05
"ENSG00000116874",5.73570770437161e-05
"ENSG00000166436",5.72982087878444e-05
"ENSG00000103037",5.72716000354021e-05
"ENSG00000124151",5.72674191963225e-05
"ENSG00000149483",5.72056371747131e-05
"ENSG00000133739",5.72040835637484e-05
"ENSG00000089050",5.71833331915906e-05
"ENSG00000085433",5.71340069048213e-05
"ENSG00000148832",5.70985109015619e-05
"ENSG00000164494",5.70800711239447e-05
"ENSG00000130396",5.7077907130781e-05
"ENSG00000186063",5.69551492913386e-05
"ENSG00000108582",5.69395722564459e-05
"ENSG00000047230",5.69310969089366e-05
"ENSG00000177125",5.69231108146327e-05
"ENSG00000157077",5.69218341947619e-05
"ENSG00000184489",5.69117392091965e-05
"ENSG00000065491",5.68859109955038e-05
"ENSG00000121807",5.68788541550388e-05
"ENSG00000168040",5.68395710948909e-05
"ENSG00000059915",5.68244320244988e-05
"ENSG00000137171",5.68127894156976e-05
"ENSG00000102796",5.67172735748954e-05
"ENSG00000129422",5.67108556555836e-05
"ENSG00000135457",5.66770214263193e-05
"ENSG00000186187",5.66407835241325e-05
"ENSG00000149260",5.6595415321151e-05
"ENSG00000239857",5.65567286726904e-05
"ENSG00000196497",5.65277260338865e-05
"ENSG00000228278",5.65005625495831e-05
"ENSG00000144893",5.64815566838294e-05
"ENSG00000102401",5.64477809776234e-05
"ENSG00000187824",5.64301908593548e-05
"ENSG00000121749",5.64222572863908e-05
"ENSG00000133789",5.6414599526897e-05
"ENSG00000110756",5.63783012187734e-05
"ENSG00000172687",5.63743369719889e-05
"ENSG00000205730",5.6332540666506e-05
"ENSG00000125648",5.63094203236228e-05
"ENSG00000126246",5.62599916163136e-05
"ENSG00000162971",5.62199154830451e-05
"ENSG00000250254",5.61550938165453e-05
"ENSG00000105246",5.61479376973368e-05
"ENSG00000213859",5.60947512860283e-05
"ENSG00000101161",5.60828903797232e-05
"ENSG00000161249",5.60589274599002e-05
"ENSG00000116199",5.60412972640234e-05
"ENSG00000080200",5.60238513782256e-05
"ENSG00000129521",5.60153500396948e-05
"ENSG00000102053",5.60064423755457e-05
"ENSG00000163661",5.59304110590015e-05
"ENSG00000142459",5.5916442354024e-05
"ENSG00000132669",5.59109333850567e-05
"ENSG00000134256",5.58908305464928e-05
"ENSG00000125733",5.58897725432098e-05
"ENSG00000172339",5.58472670775038e-05
"ENSG00000148120",5.58192236949865e-05
"ENSG00000213799",5.58062329507521e-05
"ENSG00000164142",5.58052922421622e-05
"ENSG00000143878",5.57425251984274e-05
"ENSG00000198825",5.56974556270543e-05
"ENSG00000181982",5.56857251553393e-05
"ENSG00000197980",5.56740211969426e-05
"ENSG00000086848",5.56530634883089e-05
"ENSG00000273899",5.55746453969946e-05
"ENSG00000112195",5.555979808317e-05
"ENSG00000134313",5.55223262919247e-05
"ENSG00000162813",5.5483918455798e-05
"ENSG00000204256",5.54563751812743e-05
"ENSG00000101624",5.54293179938226e-05
"ENSG00000180061",5.53807801967775e-05
"ENSG00000101216",5.53157605088808e-05
"ENSG00000116212",5.52556895174229e-05
"ENSG00000189144",5.52478985539738e-05
"ENSG00000184060",5.52369769268149e-05
"ENSG00000198728",5.52178182777626e-05
"ENSG00000177370",5.51983790874215e-05
"ENSG00000124356",5.51914584404428e-05
"ENSG00000151914",5.51747530096654e-05
"ENSG00000165995",5.51734125920973e-05
"ENSG00000100290",5.51707900733847e-05
"ENSG00000099910",5.51613129495562e-05
"ENSG00000122390",5.51299168055266e-05
"ENSG00000104221",5.51261145903731e-05
"ENSG00000072121",5.51168548303908e-05
"ENSG00000065308",5.50854524371821e-05
"ENSG00000146674",5.5022824313557e-05
"ENSG00000165832",5.49833434265496e-05
"ENSG00000197497",5.49621003291366e-05
"ENSG00000120949",5.49587836470656e-05
"ENSG00000183665",5.49077518533922e-05
"ENSG00000197696",5.48910042613592e-05
"ENSG00000145996",5.48826338356822e-05
"ENSG00000213066",5.48717791805391e-05
"ENSG00000118257",5.48162040049641e-05
"ENSG00000163820",5.48096617626619e-05
"ENSG00000143156",5.47983543054953e-05
"ENSG00000102145",5.47966444138634e-05
"ENSG00000256660",5.47700301310684e-05
"ENSG00000153162",5.47527595167549e-05
"ENSG00000166262",5.47469023962409e-05
"ENSG00000123643",5.47148341206168e-05
"ENSG00000179044",5.47085540927054e-05
"ENSG00000124523",5.46880342026013e-05
"ENSG00000126953",5.46006943341158e-05
"ENSG00000221829",5.4596701871983e-05
"ENSG00000255561",5.45851491365351e-05
"ENSG00000005381",5.45651940699563e-05
"ENSG00000123500",5.45632358561121e-05
"ENSG00000168280",5.45598222263159e-05
"ENSG00000139718",5.45522107999469e-05
"ENSG00000116096",5.45207457432938e-05
"ENSG00000175573",5.44480228289617e-05
"ENSG00000167384",5.43861881258829e-05
"ENSG00000140632",5.43681002773183e-05
"ENSG00000143416",5.43325681869596e-05
"ENSG00000151838",5.4326900797351e-05
"ENSG00000164251",5.43205407496365e-05
"ENSG00000196357",5.43188449579537e-05
"ENSG00000176390",5.43051546380033e-05
"ENSG00000032742",5.42914803871165e-05
"ENSG00000156650",5.41908049766452e-05
"ENSG00000103495",5.41661470970327e-05
"ENSG00000188739",5.41652344658639e-05
"ENSG00000116205",5.41220579058408e-05
"ENSG00000024048",5.41000629117112e-05
"ENSG00000136514",5.40572014261006e-05
"ENSG00000178295",5.40564979953163e-05
"ENSG00000134668",5.40500070742042e-05
"ENSG00000185619",5.40425003573101e-05
"ENSG00000134490",5.40382941245787e-05
"ENSG00000160284",5.39926723703955e-05
"ENSG00000188001",5.39840728951656e-05
"ENSG00000083093",5.39430198003161e-05
"ENSG00000125388",5.38853928588717e-05
"ENSG00000043514",5.38708602921139e-05
"ENSG00000167799",5.38379542224261e-05
"ENSG00000213186",5.38066057990937e-05
"ENSG00000198734",5.37286674928996e-05
"ENSG00000151773",5.3630797726368e-05
"ENSG00000152620",5.361411448257e-05
"ENSG00000175155",5.35859764582817e-05
"ENSG00000151135",5.35596825583003e-05
"ENSG00000198964",5.34842948472278e-05
"ENSG00000101470",5.3481523816548e-05
"ENSG00000171612",5.34331623539168e-05
"ENSG00000172878",5.3431978509261e-05
"ENSG00000100714",5.33970305952237e-05
"ENSG00000278845",5.33574863470295e-05
"ENSG00000138678",5.33229494558752e-05
"ENSG00000164011",5.33188044699636e-05
"ENSG00000143153",5.32921988773641e-05
"ENSG00000100227",5.32824525405707e-05
"ENSG00000217128",5.32590893870551e-05
"ENSG00000167861",5.31817691392628e-05
"ENSG00000168268",5.31459164162488e-05
"ENSG00000137831",5.31420875004708e-05
"ENSG00000165138",5.30986459779665e-05
"ENSG00000164430",5.30951555026806e-05
"ENSG00000131725",5.30262324076643e-05
"ENSG00000158488",5.29682974769538e-05
"ENSG00000130764",5.29405504683594e-05
"ENSG00000145908",5.29343701145374e-05
"ENSG00000176720",5.29190636036054e-05
"ENSG00000100479",5.29111872452791e-05
"ENSG00000063245",5.29076894068723e-05
"ENSG00000106333",5.28877744596059e-05
"ENSG00000272398",5.2821348586017e-05
"ENSG00000116005",5.27915329203097e-05
"ENSG00000213079",5.27811526127617e-05
"ENSG00000204231",5.27421239957535e-05
"ENSG00000163798",5.2738773913667e-05
"ENSG00000135862",5.27281491014042e-05
"ENSG00000173681",5.27102138024071e-05
"ENSG00000003249",5.27045881790808e-05
"ENSG00000133169",5.26865247883182e-05
"ENSG00000139146",5.2655091042649e-05
"ENSG00000204219",5.263290850177e-05
"ENSG00000151136",5.26074551248225e-05
"ENSG00000109586",5.25558226360984e-05
"ENSG00000144579",5.2534770240892e-05
"ENSG00000169981",5.25135034412684e-05
"ENSG00000103067",5.24737483364928e-05
"ENSG00000205155",5.24673101245038e-05
"ENSG00000196417",5.24448628735966e-05
"ENSG00000114670",5.24060557501337e-05
"ENSG00000107104",5.24015778645801e-05
"ENSG00000182022",5.23606160161002e-05
"ENSG00000176014",5.23425547698385e-05
"ENSG00000139719",5.22938368678917e-05
"ENSG00000161914",5.22730295924821e-05
"ENSG00000167487",5.22447103736289e-05
"ENSG00000157227",5.21524754533158e-05
"ENSG00000154743",5.21381907144834e-05
"ENSG00000127080",5.21116543021457e-05
"ENSG00000099139",5.20270485569688e-05
"ENSG00000171552",5.20214463087016e-05
"ENSG00000138018",5.20210322186329e-05
"ENSG00000144320",5.19992058367905e-05
"ENSG00000160813",5.1996632351967e-05
"ENSG00000167548",5.19773449726792e-05
"ENSG00000184005",5.18839329576731e-05
"ENSG00000115526",5.18692301454891e-05
"ENSG00000179833",5.18504701906992e-05
"ENSG00000179088",5.18220040627174e-05
"ENSG00000101916",5.17729083624831e-05
"ENSG00000197951",5.17527830408477e-05
"ENSG00000131061",5.17121316820267e-05
"ENSG00000117000",5.16280490309422e-05
"ENSG00000127954",5.1580840354993e-05
"ENSG00000072134",5.15623113038673e-05
"ENSG00000152056",5.15621464220142e-05
"ENSG00000157600",5.15537682201414e-05
"ENSG00000180479",5.15343756239534e-05
"ENSG00000188735",5.15271594790934e-05
"ENSG00000126767",5.14860438840295e-05
"ENSG00000050165",5.14523875787666e-05
"ENSG00000149115",5.14209552110496e-05
"ENSG00000263001",5.13866702801455e-05
"ENSG00000120334",5.13828377210906e-05
"ENSG00000138002",5.13757495503175e-05
"ENSG00000100401",5.13606127931519e-05
"ENSG00000165259",5.13516750885629e-05
"ENSG00000137474",5.13250269321011e-05
"ENSG00000138722",5.12518986136268e-05
"ENSG00000100105",5.12476019611704e-05
"ENSG00000046651",5.11458248233097e-05
"ENSG00000154237",5.11072768376815e-05
"ENSG00000118961",5.11049862564801e-05
"ENSG00000164022",5.10945929381916e-05
"ENSG00000109381",5.10730857719911e-05
"ENSG00000225973",5.10319245083833e-05
"ENSG00000117593",5.10230714184432e-05
"ENSG00000041353",5.09993234672585e-05
"ENSG00000166529",5.09985044735713e-05
"ENSG00000152443",5.09787270522043e-05
"ENSG00000266967",5.09372849813318e-05
"ENSG00000135605",5.09303106272249e-05
"ENSG00000104635",5.09229416695826e-05
"ENSG00000171763",5.0916547516439e-05
"ENSG00000115414",5.09134911416398e-05
"ENSG00000008853",5.08967826569144e-05
"ENSG00000142235",5.08898151405083e-05
"ENSG00000123213",5.08818341646854e-05
"ENSG00000108256",5.0838725404932e-05
"ENSG00000124104",5.08385635316324e-05
"ENSG00000122481",5.08315350540611e-05
"ENSG00000132510",5.08303762938104e-05
"ENSG00000162882",5.08249208550458e-05
"ENSG00000198466",5.08240944668348e-05
"ENSG00000133275",5.07520076867818e-05
"ENSG00000167550",5.07293831846313e-05
"ENSG00000198417",5.07045608856081e-05
"ENSG00000144476",5.06925684821009e-05
"ENSG00000112941",5.06511682953454e-05
"ENSG00000056972",5.06415607066483e-05
"ENSG00000129566",5.06312433021088e-05
"ENSG00000104804",5.06285665906729e-05
"ENSG00000254470",5.06248716584566e-05
"ENSG00000120137",5.06201321143886e-05
"ENSG00000109943",5.06134721096451e-05
"ENSG00000037749",5.06076460078394e-05
"ENSG00000226479",5.05898681388062e-05
"ENSG00000133704",5.05802651904235e-05
"ENSG00000175970",5.0564240926035e-05
"ENSG00000140263",5.05208608178829e-05
"ENSG00000185480",5.0520552594659e-05
"ENSG00000105507",5.0500709607412e-05
"ENSG00000187189",5.04923847516119e-05
"ENSG00000111325",5.04841631654189e-05
"ENSG00000126215",5.04304860192691e-05
"ENSG00000115255",5.04021552273508e-05
"ENSG00000130544",5.03781055930038e-05
"ENSG00000116128",5.03281800442282e-05
"ENSG00000006555",5.03083398562416e-05
"ENSG00000152672",5.01990167048785e-05
"ENSG00000239264",5.01738742033745e-05
"ENSG00000105866",5.01587042522744e-05
"ENSG00000055211",5.00578646503687e-05
"ENSG00000204469",5.00467418937005e-05
"ENSG00000127580",5.00188378441929e-05
"ENSG00000092847",4.9997660704529e-05
"ENSG00000168763",4.99699378828636e-05
"ENSG00000188295",4.99543269002958e-05
"ENSG00000104497",4.98912041842619e-05
"ENSG00000198838",4.98822821801928e-05
"ENSG00000174996",4.98644770525065e-05
"ENSG00000143164",4.98559844821348e-05
"ENSG00000167524",4.98312216249923e-05
"ENSG00000159917",4.98228759957942e-05
"ENSG00000265590",4.97317276206715e-05
"ENSG00000176658",4.96501605078925e-05
"ENSG00000197782",4.96447443634517e-05
"ENSG00000213190",4.96176891507467e-05
"ENSG00000136122",4.96120914399392e-05
"ENSG00000163472",4.95471051581165e-05
"ENSG00000125170",4.9420765757614e-05
"ENSG00000088876",4.93914125343558e-05
"ENSG00000142731",4.93381049688437e-05
"ENSG00000263002",4.93179955735857e-05
"ENSG00000204920",4.9292735172411e-05
"ENSG00000144645",4.92637680723687e-05
"ENSG00000276903",4.92548071700915e-05
"ENSG00000137449",4.92526529280325e-05
"ENSG00000187097",4.92346280855034e-05
"ENSG00000108984",4.92014785354081e-05
"ENSG00000165181",4.91857090677732e-05
"ENSG00000130227",4.91803702714385e-05
"ENSG00000134897",4.91740791324195e-05
"ENSG00000117569",4.91540887866453e-05
"ENSG00000140563",4.91455325408633e-05
"ENSG00000152475",4.91022907230449e-05
"ENSG00000153558",4.91017893795019e-05
"ENSG00000183111",4.90396196231337e-05
"ENSG00000186300",4.89707623741372e-05
"ENSG00000049769",4.89702457135099e-05
"ENSG00000187164",4.89665210959466e-05
"ENSG00000213123",4.88852962714022e-05
"ENSG00000133466",4.8875060699277e-05
"ENSG00000151413",4.88717021161771e-05
"ENSG00000106144",4.88471246840873e-05
"ENSG00000107960",4.88079212189236e-05
"ENSG00000127364",4.87977688252195e-05
"ENSG00000186230",4.87857310655351e-05
"ENSG00000197375",4.87307064356541e-05
"ENSG00000141027",4.86396378579516e-05
"ENSG00000137198",4.86229056985147e-05
"ENSG00000134864",4.86043018011739e-05
"ENSG00000156875",4.85960302494148e-05
"ENSG00000160392",4.85896782502707e-05
"ENSG00000169246",4.85611233460643e-05
"ENSG00000170074",4.85338102053265e-05
"ENSG00000196526",4.85152304969246e-05
"ENSG00000163702",4.84383865972978e-05
"ENSG00000167414",4.83911597999168e-05
"ENSG00000181284",4.82511248424887e-05
"ENSG00000189159",4.82457755827032e-05
"ENSG00000030419",4.82172183847152e-05
"ENSG00000013392",4.82164855328852e-05
"ENSG00000147874",4.81891043591109e-05
"ENSG00000213714",4.81323014012686e-05
"ENSG00000102034",4.81240756785557e-05
"ENSG00000125449",4.81209011865762e-05
"ENSG00000205846",4.81175599794316e-05
"ENSG00000109063",4.80875583626754e-05
"ENSG00000162927",4.8072493288269e-05
"ENSG00000152684",4.80332910475958e-05
"ENSG00000151882",4.80054105126456e-05
"ENSG00000064652",4.79262056839949e-05
"ENSG00000018869",4.78783914021992e-05
"ENSG00000176715",4.783110849731e-05
"ENSG00000179528",4.78258229661277e-05
"ENSG00000162104",4.78167229603754e-05
"ENSG00000235106",4.77650240987335e-05
"ENSG00000118762",4.77641230915749e-05
"ENSG00000104343",4.77581114940016e-05
"ENSG00000221916",4.77363448543017e-05
"ENSG00000135083",4.77140935659291e-05
"ENSG00000105427",4.76868464992182e-05
"ENSG00000180667",4.75534588312547e-05
"ENSG00000185345",4.74508345730194e-05
"ENSG00000186854",4.74196029227167e-05
"ENSG00000158636",4.73971116963803e-05
"ENSG00000185658",4.73522434330181e-05
"ENSG00000164338",4.73452358597258e-05
"ENSG00000122591",4.73267233572927e-05
"ENSG00000006459",4.73180335441172e-05
"ENSG00000173402",4.73136505987379e-05
"ENSG00000104835",4.72735371103253e-05
"ENSG00000099282",4.72638784110129e-05
"ENSG00000136935",4.719488380767e-05
"ENSG00000269343",4.71912940156162e-05
"ENSG00000232810",4.71801964279876e-05
"ENSG00000180089",4.71761125257333e-05
"ENSG00000145414",4.70098048522555e-05
"ENSG00000160221",4.70052448499295e-05
"ENSG00000179476",4.69533725435135e-05
"ENSG00000150667",4.69460771534718e-05
"ENSG00000141499",4.69339162390905e-05
"ENSG00000110497",4.69310216220889e-05
"ENSG00000177302",4.69152882644849e-05
"ENSG00000197381",4.68963406254281e-05
"ENSG00000163297",4.68703146919685e-05
"ENSG00000130589",4.68594525618556e-05
"ENSG00000010017",4.68481284191926e-05
"ENSG00000133983",4.68429255966573e-05
"ENSG00000134824",4.6824218532852e-05
"ENSG00000145780",4.6810133812379e-05
"ENSG00000116525",4.67907752016257e-05
"ENSG00000186866",4.67660012919362e-05
"ENSG00000154803",4.67559572362735e-05
"ENSG00000219481",4.67217882697481e-05
"ENSG00000165660",4.67203384415051e-05
"ENSG00000256525",4.67176883097457e-05
"ENSG00000143578",4.6707398940668e-05
"ENSG00000258227",4.66830338640529e-05
"ENSG00000070366",4.66499445494897e-05
"ENSG00000105939",4.65952782071285e-05
"ENSG00000169047",4.65877254755384e-05
"ENSG00000105556",4.65862293387554e-05
"ENSG00000161277",4.65612448622454e-05
"ENSG00000175087",4.65485487816274e-05
"ENSG00000173517",4.65437987934013e-05
"ENSG00000167220",4.65270283443386e-05
"ENSG00000161298",4.65147596554822e-05
"ENSG00000049246",4.64733267920706e-05
"ENSG00000162377",4.6436339043797e-05
"ENSG00000076650",4.63885846598439e-05
"ENSG00000127955",4.63825350207747e-05
"ENSG00000172638",4.63475953106211e-05
"ENSG00000152683",4.62703635205748e-05
"ENSG00000081386",4.62659993895839e-05
"ENSG00000143228",4.62622153343714e-05
"ENSG00000204304",4.62249655415744e-05
"ENSG00000083817",4.61952308259512e-05
"ENSG00000166167",4.61741712249237e-05
"ENSG00000132423",4.61544455096377e-05
"ENSG00000151835",4.61502485190081e-05
"ENSG00000133812",4.61187873992085e-05
"ENSG00000125885",4.60725617678566e-05
"ENSG00000010626",4.60602117102201e-05
"ENSG00000129596",4.60512986070022e-05
"ENSG00000153044",4.60221716258224e-05
"ENSG00000156273",4.60179365813801e-05
"ENSG00000149534",4.5968788640964e-05
"ENSG00000137936",4.59361791976078e-05
"ENSG00000198042",4.59203351468152e-05
"ENSG00000163349",4.58783960616604e-05
"ENSG00000196535",4.58199009950308e-05
"ENSG00000197238",4.58041731196621e-05
"ENSG00000173327",4.57815517861283e-05
"ENSG00000112624",4.57744961096002e-05
"ENSG00000213337",4.57623264131764e-05
"ENSG00000214113",4.57347779177353e-05
"ENSG00000107954",4.57251167693678e-05
"ENSG00000158615",4.57209084858369e-05
"ENSG00000140406",4.56768413977221e-05
"ENSG00000049323",4.56452909138896e-05
"ENSG00000182107",4.56247087326382e-05
"ENSG00000196724",4.55646355943925e-05
"ENSG00000117222",4.55619156046564e-05
"ENSG00000182685",4.55510531458195e-05
"ENSG00000250510",4.55151650778372e-05
"ENSG00000100441",4.55120935193256e-05
"ENSG00000141696",4.54902207580151e-05
"ENSG00000182400",4.54416081473922e-05
"ENSG00000108551",4.54346408622216e-05
"ENSG00000058063",4.54212004932124e-05
"ENSG00000106772",4.53906163330705e-05
"ENSG00000177732",4.53717738096172e-05
"ENSG00000169371",4.53690391469577e-05
"ENSG00000005471",4.53661365621785e-05
"ENSG00000126461",4.53418343258044e-05
"ENSG00000182196",4.53202857875366e-05
"ENSG00000125657",4.53129954309082e-05
"ENSG00000125430",4.53071522347167e-05
"ENSG00000204444",4.52982400835552e-05
"ENSG00000169951",4.52960585710573e-05
"ENSG00000254685",4.52935921939045e-05
"ENSG00000104643",4.52860226985733e-05
"ENSG00000101546",4.52739067516e-05
"ENSG00000140326",4.52553692348761e-05
"ENSG00000143502",4.52505935897437e-05
"ENSG00000185278",4.5225639538279e-05
"ENSG00000091127",4.51993803781978e-05
"ENSG00000106665",4.51803130664564e-05
"ENSG00000169758",4.51515550691387e-05
"ENSG00000119711",4.51310129532781e-05
"ENSG00000197860",4.51229597724243e-05
"ENSG00000146373",4.51098242200427e-05
"ENSG00000180071",4.51053990921306e-05
"ENSG00000179922",4.50857360192367e-05
"ENSG00000106258",4.50671350299145e-05
"ENSG00000187954",4.50615892899354e-05
"ENSG00000115107",4.49976438242608e-05
"ENSG00000162616",4.49888989550163e-05
"ENSG00000171649",4.49000509584272e-05
"ENSG00000205784",4.48688267200921e-05
"ENSG00000158477",4.48520288284059e-05
"ENSG00000103353",4.48474349996987e-05
"ENSG00000167281",4.47771618123885e-05
"ENSG00000164037",4.47150169967109e-05
"ENSG00000131779",4.46473415070131e-05
"ENSG00000165061",4.46268222948212e-05
"ENSG00000166444",4.46228044150894e-05
"ENSG00000196236",4.45991939234946e-05
"ENSG00000187105",4.45219837517017e-05
"ENSG00000163492",4.45187239579839e-05
"ENSG00000064102",4.45084084075006e-05
"ENSG00000087995",4.43998978240909e-05
"ENSG00000152430",4.43671440521009e-05
"ENSG00000167394",4.43202867636349e-05
"ENSG00000122188",4.43183489246911e-05
"ENSG00000184371",4.43090654691476e-05
"ENSG00000172164",4.42636633386733e-05
"ENSG00000143297",4.42615495245802e-05
"ENSG00000124766",4.42410602312612e-05
"ENSG00000172667",4.42251999214437e-05
"ENSG00000151490",4.42224736861607e-05
"ENSG00000099904",4.41999591287805e-05
"ENSG00000182986",4.4132805926365e-05
"ENSG00000196747",4.41266635266582e-05
"ENSG00000137760",4.41182151384468e-05
"ENSG00000162994",4.41048304731042e-05
"ENSG00000165997",4.40969519841695e-05
"ENSG00000176890",4.40711701582366e-05
"ENSG00000250565",4.40692344620935e-05
"ENSG00000241360",4.40540039684501e-05
"ENSG00000125945",4.4049507847474e-05
"ENSG00000156253",4.40426402640333e-05
"ENSG00000204991",4.40314480059213e-05
"ENSG00000162302",4.40246003518448e-05
"ENSG00000137216",4.39696966234855e-05
"ENSG00000118965",4.39548207992051e-05
"ENSG00000170260",4.39275777626594e-05
"ENSG00000196141",4.39077011109267e-05
"ENSG00000120729",4.38912027198433e-05
"ENSG00000165097",4.38683476741292e-05
"ENSG00000013375",4.38537830206063e-05
"ENSG00000266173",4.38462552853042e-05
"ENSG00000183734",4.37776705579742e-05
"ENSG00000100116",4.37439803842878e-05
"ENSG00000198561",4.36990264907362e-05
"ENSG00000012174",4.36702795773929e-05
"ENSG00000127220",4.3647001963971e-05
"ENSG00000167186",4.36427483306932e-05
"ENSG00000123427",4.35667312422786e-05
"ENSG00000170017",4.35540328156391e-05
"ENSG00000165655",4.35289319920113e-05
"ENSG00000146963",4.34815577487027e-05
"ENSG00000110492",4.34811696749428e-05
"ENSG00000126091",4.34809069746819e-05
"ENSG00000273820",4.3445787258937e-05
"ENSG00000175445",4.34216956715949e-05
"ENSG00000125735",4.34105542869123e-05
"ENSG00000102109",4.33995408873116e-05
"ENSG00000139116",4.33834695394152e-05
"ENSG00000137267",4.33707939683854e-05
"ENSG00000162599",4.33693676972778e-05
"ENSG00000144791",4.33580314892962e-05
"ENSG00000103126",4.33543238974739e-05
"ENSG00000171574",4.3319978942267e-05
"ENSG00000090565",4.33097033072549e-05
"ENSG00000185420",4.32629637994805e-05
"ENSG00000196466",4.32513119808913e-05
"ENSG00000104691",4.32374389954795e-05
"ENSG00000102181",4.32206917583012e-05
"ENSG00000042832",4.32205392950553e-05
"ENSG00000133619",4.31860969908245e-05
"ENSG00000167972",4.31115978835626e-05
"ENSG00000119812",4.30995520265921e-05
"ENSG00000182393",4.30963056685112e-05
"ENSG00000099194",4.30923378779041e-05
"ENSG00000135828",4.30767079608782e-05
"ENSG00000132436",4.30742437228392e-05
"ENSG00000156531",4.3067603843354e-05
"ENSG00000100473",4.29564428016961e-05
"ENSG00000174132",4.29517412429363e-05
"ENSG00000183662",4.29326383084921e-05
"ENSG00000100979",4.2927318620123e-05
"ENSG00000168806",4.2861705715709e-05
"ENSG00000126003",4.28367921358921e-05
"ENSG00000067369",4.28295440649213e-05
"ENSG00000204305",4.28185627356492e-05
"ENSG00000140932",4.28018122047662e-05
"ENSG00000196169",4.27387651208987e-05
"ENSG00000187607",4.27384750634908e-05
"ENSG00000115138",4.27248216824704e-05
"ENSG00000146215",4.2721717404223e-05
"ENSG00000101400",4.27134817171741e-05
"ENSG00000119638",4.26687921732052e-05
"ENSG00000166321",4.26183443947139e-05
"ENSG00000156876",4.26022250530031e-05
"ENSG00000100209",4.25981269172745e-05
"ENSG00000263956",4.25394390034636e-05
"ENSG00000111729",4.24988051147072e-05
"ENSG00000023171",4.24942251568219e-05
"ENSG00000128607",4.24823622554992e-05
"ENSG00000149257",4.24484526582385e-05
"ENSG00000171105",4.24337245015441e-05
"ENSG00000112406",4.23426176803603e-05
"ENSG00000115677",4.23214633195847e-05
"ENSG00000184110",4.2298469259477e-05
"ENSG00000178226",4.22981413881359e-05
"ENSG00000171044",4.22968469351285e-05
"ENSG00000204767",4.22841113287486e-05
"ENSG00000184857",4.22796565181681e-05
"ENSG00000075651",4.22781114247423e-05
"ENSG00000142453",4.22680155731935e-05
"ENSG00000111203",4.22596761910807e-05
"ENSG00000121413",4.22579565961904e-05
"ENSG00000139977",4.22538677425869e-05
"ENSG00000167483",4.22445435108409e-05
"ENSG00000171747",4.22312256105866e-05
"ENSG00000142185",4.22248636480174e-05
"ENSG00000188603",4.22154713975797e-05
"ENSG00000108175",4.22145312013751e-05
"ENSG00000129250",4.22061412966383e-05
"ENSG00000163170",4.21625248422271e-05
"ENSG00000173611",4.21444944255384e-05
"ENSG00000165309",4.21303110304367e-05
"ENSG00000146021",4.21143202596728e-05
"ENSG00000111052",4.21141531815147e-05
"ENSG00000112305",4.21098027801531e-05
"ENSG00000178789",4.2098178452219e-05
"ENSG00000196652",4.20556806072451e-05
"ENSG00000116133",4.20461909947649e-05
"ENSG00000104228",4.20445582871308e-05
"ENSG00000198815",4.20443612477242e-05
"ENSG00000255398",4.20283917896708e-05
"ENSG00000163808",4.20036514585978e-05
"ENSG00000196935",4.19508745711106e-05
"ENSG00000134222",4.19088297909523e-05
"ENSG00000170085",4.18921362769286e-05
"ENSG00000162636",4.18395924963497e-05
"ENSG00000033327",4.18194302134749e-05
"ENSG00000080493",4.17796650625639e-05
"ENSG00000165716",4.17535994703097e-05
"ENSG00000099958",4.17237665475914e-05
"ENSG00000267127",4.16971215061996e-05
"ENSG00000166707",4.16827724900087e-05
"ENSG00000159958",4.16759114824215e-05
"ENSG00000148842",4.16448492204249e-05
"ENSG00000101096",4.16148777646497e-05
"ENSG00000143443",4.15226003237464e-05
"ENSG00000198521",4.15221776072343e-05
"ENSG00000163155",4.15167387095228e-05
"ENSG00000163803",4.15138768206006e-05
"ENSG00000172171",4.14856895369374e-05
"ENSG00000160685",4.1484168796637e-05
"ENSG00000203668",4.14625543771317e-05
"ENSG00000204536",4.14542719605415e-05
"ENSG00000038945",4.139171590021e-05
"ENSG00000164010",4.13809365567769e-05
"ENSG00000197566",4.13638575534803e-05
"ENSG00000185864",4.13400997520054e-05
"ENSG00000113569",4.13314835757847e-05
"ENSG00000148824",4.13297252968538e-05
"ENSG00000119685",4.13271323163024e-05
"ENSG00000225190",4.13020304348224e-05
"ENSG00000104154",4.12759842450973e-05
"ENSG00000167716",4.1264151727493e-05
"ENSG00000198053",4.12235788504144e-05
"ENSG00000169905",4.11968741538695e-05
"ENSG00000166169",4.11911031197728e-05
"ENSG00000170949",4.11768686912735e-05
"ENSG00000137807",4.11716250683786e-05
"ENSG00000184988",4.11248109983062e-05
"ENSG00000196290",4.10942771773131e-05
"ENSG00000132825",4.10530855219439e-05
"ENSG00000186310",4.10517968033656e-05
"ENSG00000166503",4.10512107960365e-05
"ENSG00000196873",4.10298283746787e-05
"ENSG00000198331",4.10277234824518e-05
"ENSG00000169439",4.09995927163525e-05
"ENSG00000165526",4.09853474059812e-05
"ENSG00000145349",4.09073188424996e-05
"ENSG00000143184",4.08793461160426e-05
"ENSG00000058091",4.08469566783274e-05
"ENSG00000100403",4.08260156168462e-05
"ENSG00000214021",4.07858812806731e-05
"ENSG00000140939",4.07560031091201e-05
"ENSG00000117174",4.07293867551989e-05
"ENSG00000105136",4.06911129752035e-05
"ENSG00000128050",4.06832915199139e-05
"ENSG00000171680",4.06510993701404e-05
"ENSG00000140564",4.06220999044599e-05
"ENSG00000072163",4.06190054641528e-05
"ENSG00000007545",4.06074214106972e-05
"ENSG00000166188",4.05751556415169e-05
"ENSG00000173258",4.05731349139868e-05
"ENSG00000165185",4.0537307571179e-05
"ENSG00000187535",4.05299869383418e-05
"ENSG00000284194",4.05061255647689e-05
"ENSG00000088888",4.04816985696759e-05
"ENSG00000130300",4.04788023367291e-05
"ENSG00000130349",4.04708708009245e-05
"ENSG00000090857",4.04593045343317e-05
"ENSG00000102543",4.04490417309577e-05
"ENSG00000188163",4.04175047455242e-05
"ENSG00000112584",4.03943331578401e-05
"ENSG00000196367",4.03834610126319e-05
"ENSG00000100014",4.03662214416683e-05
"ENSG00000102043",4.03450806069849e-05
"ENSG00000051180",4.0330631753281e-05
"ENSG00000009830",4.03298989016781e-05
"ENSG00000100577",4.03003556778137e-05
"ENSG00000145721",4.02830420157737e-05
"ENSG00000154134",4.02778617617039e-05
"ENSG00000128059",4.02722831039198e-05
"ENSG00000137842",4.02710504365468e-05
"ENSG00000174788",4.02316818105918e-05
"ENSG00000148411",4.0223577808657e-05
"ENSG00000111727",4.01179673774774e-05
"ENSG00000178498",4.01079212343842e-05
"ENSG00000197608",4.0094688872994e-05
"ENSG00000185189",4.00542518014439e-05
"ENSG00000165304",4.00252741325733e-05
"ENSG00000168496",4.00250511719538e-05
"ENSG00000198924",3.99877244529319e-05
"ENSG00000183323",3.99792634809932e-05
"ENSG00000180881",3.99731701811311e-05
"ENSG00000197705",3.9939183397188e-05
"ENSG00000071575",3.99358548978823e-05
"ENSG00000101935",3.98918633718104e-05
"ENSG00000054356",3.984762979083e-05
"ENSG00000162341",3.9835444893867e-05
"ENSG00000129354",3.98203407376016e-05
"ENSG00000173110",3.98038611867769e-05
"ENSG00000275835",3.97386217947256e-05
"ENSG00000091129",3.97166442587976e-05
"ENSG00000048707",3.96976372304317e-05
"ENSG00000135919",3.96414913764214e-05
"ENSG00000082516",3.9616400590826e-05
"ENSG00000168811",3.95885501452909e-05
"ENSG00000141622",3.95810864596795e-05
"ENSG00000154153",3.95616410500167e-05
"ENSG00000082293",3.95295819959089e-05
"ENSG00000147996",3.95238622809283e-05
"ENSG00000185722",3.95167029031328e-05
"ENSG00000135631",3.94158308091634e-05
"ENSG00000126970",3.94111677718599e-05
"ENSG00000149499",3.93861592855609e-05
"ENSG00000163872",3.93859482012756e-05
"ENSG00000213638",3.93666731617839e-05
"ENSG00000146587",3.93653639179229e-05
"ENSG00000143494",3.93630586581726e-05
"ENSG00000197530",3.93557530016176e-05
"ENSG00000175920",3.92999097636556e-05
"ENSG00000135537",3.92565402197341e-05
"ENSG00000145491",3.92414621470196e-05
"ENSG00000107014",3.91961937147515e-05
"ENSG00000185252",3.91746600737862e-05
"ENSG00000071242",3.91609585488474e-05
"ENSG00000177324",3.9131539037407e-05
"ENSG00000157551",3.91303175900884e-05
"ENSG00000100335",3.91047490776673e-05
"ENSG00000105971",3.91040846662942e-05
"ENSG00000104833",3.91040518414024e-05
"ENSG00000130382",3.9087936198329e-05
"ENSG00000249115",3.9084251064197e-05
"ENSG00000181754",3.90715242068919e-05
"ENSG00000173272",3.90642006476359e-05
"ENSG00000203896",3.90519311361852e-05
"ENSG00000123143",3.90433798658522e-05
"ENSG00000050438",3.89735822751246e-05
"ENSG00000174749",3.89369868280141e-05
"ENSG00000162694",3.89046446901436e-05
"ENSG00000189180",3.88992118231062e-05
"ENSG00000184357",3.887464938321e-05
"ENSG00000134461",3.88709418874898e-05
"ENSG00000167766",3.88567140646699e-05
"ENSG00000134460",3.88290024598164e-05
"ENSG00000242247",3.88269656968441e-05
"ENSG00000185100",3.88233637736006e-05
"ENSG00000240682",3.88057671680844e-05
"ENSG00000177025",3.8758902422974e-05
"ENSG00000160299",3.87387955144852e-05
"ENSG00000005100",3.87019560158824e-05
"ENSG00000007038",3.86780811814001e-05
"ENSG00000163348",3.86730884745284e-05
"ENSG00000133805",3.86371475521467e-05
"ENSG00000227345",3.86118171523183e-05
"ENSG00000138135",3.85906250419129e-05
"ENSG00000214013",3.85786233027638e-05
"ENSG00000134146",3.85782365334207e-05
"ENSG00000110799",3.85389962660384e-05
"ENSG00000101187",3.85357988054314e-05
"ENSG00000083838",3.85121105877633e-05
"ENSG00000197121",3.84732071851822e-05
"ENSG00000141576",3.84627056714842e-05
"ENSG00000196542",3.84401144802538e-05
"ENSG00000177576",3.84322186905849e-05
"ENSG00000148444",3.8423233600009e-05
"ENSG00000166126",3.84188562655869e-05
"ENSG00000078269",3.83729414798696e-05
"ENSG00000072415",3.83606180780877e-05
"ENSG00000169991",3.835965053313e-05
"ENSG00000178035",3.83236612171055e-05
"ENSG00000196083",3.83216385525468e-05
"ENSG00000159110",3.82803836555488e-05
"ENSG00000141582",3.82588108038956e-05
"ENSG00000127328",3.82493789839105e-05
"ENSG00000143476",3.82462863481005e-05
"ENSG00000283268",3.82344732366267e-05
"ENSG00000109501",3.82020511731149e-05
"ENSG00000124257",3.81782637316409e-05
"ENSG00000155657",3.81746294391476e-05
"ENSG00000183763",3.8121103682549e-05
"ENSG00000125968",3.81165031831622e-05
"ENSG00000101605",3.80638653665817e-05
"ENSG00000164535",3.8060125049904e-05
"ENSG00000163521",3.80561649692832e-05
"ENSG00000013441",3.80371636009126e-05
"ENSG00000105649",3.80300099762804e-05
"ENSG00000213139",3.80293759354957e-05
"ENSG00000146072",3.79965996510743e-05
"ENSG00000131969",3.79828275683417e-05
"ENSG00000106780",3.79827315924259e-05
"ENSG00000123096",3.79724941464337e-05
"ENSG00000126368",3.79630080046043e-05
"ENSG00000175455",3.7949924448792e-05
"ENSG00000136492",3.79308361103917e-05
"ENSG00000166477",3.78925919940738e-05
"ENSG00000188868",3.7889752403132e-05
"ENSG00000119514",3.78735518532721e-05
"ENSG00000106683",3.78091932561957e-05
"ENSG00000004838",3.776877223409e-05
"ENSG00000135414",3.77631642674351e-05
"ENSG00000145016",3.77107674186324e-05
"ENSG00000165490",3.76912880390614e-05
"ENSG00000012211",3.76416832513048e-05
"ENSG00000121797",3.76343597911034e-05
"ENSG00000107185",3.76311482141183e-05
"ENSG00000159915",3.76258322177215e-05
"ENSG00000120925",3.75988874083445e-05
"ENSG00000238243",3.75988621572977e-05
"ENSG00000147124",3.75759156631155e-05
"ENSG00000197024",3.75268028074358e-05
"ENSG00000052795",3.75200753392373e-05
"ENSG00000135924",3.74967514621482e-05
"ENSG00000144395",3.74723528138328e-05
"ENSG00000123352",3.7465589811402e-05
"ENSG00000248487",3.74133617659143e-05
"ENSG00000198894",3.73840242580418e-05
"ENSG00000130703",3.73829237876275e-05
"ENSG00000112033",3.73512738643563e-05
"ENSG00000117479",3.73456081964405e-05
"ENSG00000176749",3.73136126398675e-05
"ENSG00000167578",3.7261815721579e-05
"ENSG00000154655",3.72601566757449e-05
"ENSG00000184677",3.72440004006031e-05
"ENSG00000159873",3.72264492999717e-05
"ENSG00000101224",3.7216713152754e-05
"ENSG00000187257",3.72084293406771e-05
"ENSG00000146904",3.71885417040914e-05
"ENSG00000135913",3.71856769916031e-05
"ENSG00000139289",3.71821482417539e-05
"ENSG00000154856",3.71711263443511e-05
"ENSG00000143595",3.71387023227111e-05
"ENSG00000125484",3.71233634102515e-05
"ENSG00000167395",3.71182631644522e-05
"ENSG00000136891",3.71069020148972e-05
"ENSG00000157456",3.70520684571369e-05
"ENSG00000145386",3.70110532364219e-05
"ENSG00000144560",3.70040187146479e-05
"ENSG00000183773",3.69738853895395e-05
"ENSG00000166800",3.69470760455536e-05
"ENSG00000186265",3.69395447469578e-05
"ENSG00000119402",3.69173904519884e-05
"ENSG00000023287",3.6863238186537e-05
"ENSG00000132640",3.68525196123209e-05
"ENSG00000153208",3.68524237384834e-05
"ENSG00000143498",3.68475690814811e-05
"ENSG00000186532",3.68449313530746e-05
"ENSG00000180340",3.68225473134292e-05
"ENSG00000240891",3.68185227349193e-05
"ENSG00000133121",3.68174663840119e-05
"ENSG00000107815",3.68049618371264e-05
"ENSG00000157617",3.67926071829466e-05
"ENSG00000174944",3.67914730521661e-05
"ENSG00000117751",3.67820324139519e-05
"ENSG00000116497",3.67563566691091e-05
"ENSG00000112029",3.67457877889971e-05
"ENSG00000154447",3.67431164584447e-05
"ENSG00000198863",3.6725271885044e-05
"ENSG00000144306",3.67135037746653e-05
"ENSG00000151725",3.66690409977426e-05
"ENSG00000131400",3.66535427422836e-05
"ENSG00000140691",3.6647109559635e-05
"ENSG00000112425",3.66281100450684e-05
"ENSG00000163006",3.66102490453979e-05
"ENSG00000157353",3.66096423450538e-05
"ENSG00000174776",3.65247175746605e-05
"ENSG00000128203",3.64565495536448e-05
"ENSG00000009724",3.64552875250528e-05
"ENSG00000233954",3.63923120620032e-05
"ENSG00000157870",3.63871144800627e-05
"ENSG00000123685",3.63796286723314e-05
"ENSG00000156050",3.637923178702e-05
"ENSG00000079435",3.63727676420665e-05
"ENSG00000196371",3.63511914131601e-05
"ENSG00000166851",3.63474200718112e-05
"ENSG00000164867",3.63100274672603e-05
"ENSG00000146243",3.63086558743636e-05
"ENSG00000173852",3.62946592392807e-05
"ENSG00000171224",3.62669397450701e-05
"ENSG00000182118",3.6266829215673e-05
"ENSG00000112249",3.62599990266956e-05
"ENSG00000063169",3.62421989200627e-05
"ENSG00000110841",3.62295603366994e-05
"ENSG00000173567",3.61981472282518e-05
"ENSG00000197961",3.61721416333081e-05
"ENSG00000204922",3.61641429954426e-05
"ENSG00000146006",3.61417231570399e-05
"ENSG00000180767",3.61361547210035e-05
"ENSG00000188811",3.61253404279093e-05
"ENSG00000169682",3.61119491058931e-05
"ENSG00000140320",3.60947158981414e-05
"ENSG00000102119",3.60922375525983e-05
"ENSG00000203724",3.60778628094155e-05
"ENSG00000167549",3.60766973872847e-05
"ENSG00000162004",3.60583208830253e-05
"ENSG00000115457",3.59949781186672e-05
"ENSG00000177854",3.59902999981428e-05
"ENSG00000141837",3.59899034251518e-05
"ENSG00000122674",3.59684585783554e-05
"ENSG00000159459",3.5963091675063e-05
"ENSG00000167779",3.5962883758251e-05
"ENSG00000116678",3.59488484253001e-05
"ENSG00000152284",3.59294903604658e-05
"ENSG00000163608",3.59117219392475e-05
"ENSG00000077092",3.5866276469662e-05
"ENSG00000240303",3.58566199087749e-05
"ENSG00000100439",3.58549859726258e-05
"ENSG00000103056",3.58407940134863e-05
"ENSG00000129749",3.58039098206419e-05
"ENSG00000220201",3.57696796592761e-05
"ENSG00000163138",3.57649669032643e-05
"ENSG00000022976",3.57616560902384e-05
"ENSG00000133119",3.57593585868975e-05
"ENSG00000269313",3.57333883586298e-05
"ENSG00000168970",3.57246984119993e-05
"ENSG00000133131",3.56742883935059e-05
"ENSG00000197885",3.56632408194082e-05
"ENSG00000102349",3.56412183799886e-05
"ENSG00000178163",3.56406528766076e-05
"ENSG00000197153",3.56277334297615e-05
"ENSG00000099250",3.55438583052748e-05
"ENSG00000156475",3.55311622610303e-05
"ENSG00000117399",3.55156413150652e-05
"ENSG00000188636",3.54960712918913e-05
"ENSG00000105173",3.54877120987262e-05
"ENSG00000113522",3.54626695874879e-05
"ENSG00000148498",3.54412571845648e-05
"ENSG00000136634",3.54193463987154e-05
"ENSG00000175764",3.54176201959617e-05
"ENSG00000070404",3.54154097400858e-05
"ENSG00000136937",3.53940923108643e-05
"ENSG00000135960",3.53822816635751e-05
"ENSG00000101181",3.53198717690854e-05
"ENSG00000242616",3.53120290096615e-05
"ENSG00000184719",3.52980319128841e-05
"ENSG00000129535",3.52909432353318e-05
"ENSG00000196937",3.52728837172233e-05
"ENSG00000154274",3.52341812817929e-05
"ENSG00000152217",3.52289781350596e-05
"ENSG00000188761",3.52184235096356e-05
"ENSG00000123600",3.51643652128979e-05
"ENSG00000274618",3.51638478914912e-05
"ENSG00000164116",3.51324225712734e-05
"ENSG00000147140",3.51290918726713e-05
"ENSG00000116704",3.51238146183255e-05
"ENSG00000135269",3.51183026268879e-05
"ENSG00000177675",3.51032614436513e-05
"ENSG00000197056",3.5097076857997e-05
"ENSG00000112304",3.50782608018225e-05
"ENSG00000165996",3.50465061860611e-05
"ENSG00000138686",3.50398366845508e-05
"ENSG00000119878",3.49998122071357e-05
"ENSG00000141570",3.49840784411029e-05
"ENSG00000213199",3.49791318223208e-05
"ENSG00000111796",3.49454504120301e-05
"ENSG00000118307",3.4926076333234e-05
"ENSG00000106686",3.49201927792162e-05
"ENSG00000101752",3.48955972987811e-05
"ENSG00000197714",3.48863547876178e-05
"ENSG00000050344",3.48751756734347e-05
"ENSG00000165943",3.4867637787559e-05
"ENSG00000178053",3.48549904845768e-05
"ENSG00000187605",3.48189833995748e-05
"ENSG00000145604",3.47868660107395e-05
"ENSG00000113719",3.47738168398753e-05
"ENSG00000104936",3.47699458502948e-05
"ENSG00000148426",3.47512099104004e-05
"ENSG00000163864",3.4730671770437e-05
"ENSG00000189283",3.47234743934689e-05
"ENSG00000112039",3.47106155776764e-05
"ENSG00000174099",3.46564786760171e-05
"ENSG00000164296",3.46535366824103e-05
"ENSG00000173276",3.46392934599351e-05
"ENSG00000139574",3.463208107824e-05
"ENSG00000181690",3.46084809849084e-05
"ENSG00000162073",3.45909550202255e-05
"ENSG00000100028",3.4549903667283e-05
"ENSG00000223496",3.45430636130457e-05
"ENSG00000121957",3.45357252284005e-05
"ENSG00000169203",3.45301321474689e-05
"ENSG00000245680",3.45155021596174e-05
"ENSG00000148288",3.45128139855604e-05
"ENSG00000105948",3.44818822984709e-05
"ENSG00000169900",3.44752921510722e-05
"ENSG00000185055",3.43898038726341e-05
"ENSG00000142556",3.4366295507354e-05
"ENSG00000011478",3.43427671602449e-05
"ENSG00000232859",3.433211822974e-05
"ENSG00000165244",3.43299701630459e-05
"ENSG00000014138",3.43062427904085e-05
"ENSG00000111846",3.42688954812617e-05
"ENSG00000180233",3.42477196545829e-05
"ENSG00000196586",3.4243326967633e-05
"ENSG00000118242",3.42268975782492e-05
"ENSG00000099949",3.42149115599251e-05
"ENSG00000164715",3.42139401612197e-05
"ENSG00000137343",3.42042403900857e-05
"ENSG00000278637",3.41987223007591e-05
"ENSG00000115325",3.41724512467388e-05
"ENSG00000156983",3.41626722667487e-05
"ENSG00000186272",3.41617100256412e-05
"ENSG00000205571",3.41584521001913e-05
"ENSG00000283199",3.41580348081548e-05
"ENSG00000106327",3.4131986414151e-05
"ENSG00000168000",3.41024886174683e-05
"ENSG00000249141",3.40946364709679e-05
"ENSG00000004660",3.40918141664438e-05
"ENSG00000049759",3.40678905893971e-05
"ENSG00000137414",3.40566877677188e-05
"ENSG00000144182",3.4046375989e-05
"ENSG00000164975",3.3992327989215e-05
"ENSG00000157985",3.39708097647181e-05
"ENSG00000140950",3.39526898529228e-05
"ENSG00000155380",3.39146768345514e-05
"ENSG00000117525",3.39052008280392e-05
"ENSG00000081014",3.38891982074912e-05
"ENSG00000158161",3.388523754036e-05
"ENSG00000158485",3.38756847105749e-05
"ENSG00000144677",3.38731864402426e-05
"ENSG00000140265",3.38699873774782e-05
"ENSG00000159055",3.38618379092698e-05
"ENSG00000124813",3.38537401806625e-05
"ENSG00000150782",3.38422480936454e-05
"ENSG00000119326",3.38276438710835e-05
"ENSG00000108961",3.38196403635515e-05
"ENSG00000157470",3.37932945003916e-05
"ENSG00000178445",3.37800946253705e-05
"ENSG00000129245",3.37689216602356e-05
"ENSG00000169282",3.37189666593632e-05
"ENSG00000176563",3.36669393235994e-05
"ENSG00000142583",3.36564995813486e-05
"ENSG00000171241",3.36480701109692e-05
"ENSG00000146776",3.36256701767379e-05
"ENSG00000074603",3.36076896351494e-05
"ENSG00000120093",3.35517332790665e-05
"ENSG00000205810",3.35489053727235e-05
"ENSG00000127564",3.35483173007049e-05
"ENSG00000178026",3.35153773915976e-05
"ENSG00000183010",3.35022101381187e-05
"ENSG00000128918",3.35012566407792e-05
"ENSG00000213316",3.345657282623e-05
"ENSG00000054219",3.34136222133607e-05
"ENSG00000153832",3.33894624681901e-05
"ENSG00000197147",3.33547544166679e-05
"ENSG00000140961",3.33286551363952e-05
"ENSG00000167081",3.33173534931485e-05
"ENSG00000103522",3.3277447766832e-05
"ENSG00000157404",3.32603588025322e-05
"ENSG00000155008",3.32568886023636e-05
"ENSG00000185477",3.32531493087274e-05
"ENSG00000268043",3.32316649340292e-05
"ENSG00000138119",3.32111574740546e-05
"ENSG00000175906",3.31927153791736e-05
"ENSG00000173626",3.31769854547748e-05
"ENSG00000179388",3.31635575234416e-05
"ENSG00000158158",3.31278269189552e-05
"ENSG00000102471",3.31221313255312e-05
"ENSG00000204020",3.309814505128e-05
"ENSG00000010310",3.30909021759393e-05
"ENSG00000051596",3.30782506032857e-05
"ENSG00000005187",3.30554452856823e-05
"ENSG00000132855",3.30417075400557e-05
"ENSG00000173262",3.30409399008114e-05
"ENSG00000100580",3.30107455350747e-05
"ENSG00000170412",3.29900598139481e-05
"ENSG00000171621",3.29556733646146e-05
"ENSG00000125900",3.29534173543857e-05
"ENSG00000250312",3.29333802972923e-05
"ENSG00000184428",3.29326389989653e-05
"ENSG00000173208",3.29087625731428e-05
"ENSG00000221946",3.29070610405224e-05
"ENSG00000155324",3.28973294439642e-05
"ENSG00000237440",3.28909171559013e-05
"ENSG00000143033",3.28765247506118e-05
"ENSG00000187726",3.28747406103682e-05
"ENSG00000177733",3.28661387772045e-05
"ENSG00000108557",3.28497282480701e-05
"ENSG00000143344",3.28432297403619e-05
"ENSG00000198947",3.28314177520366e-05
"ENSG00000130348",3.27115935105093e-05
"ENSG00000154165",3.27018514161873e-05
"ENSG00000151503",3.26975581050819e-05
"ENSG00000145375",3.26838186735452e-05
"ENSG00000155792",3.26556924792261e-05
"ENSG00000099840",3.26392744767541e-05
"ENSG00000160972",3.26353214283228e-05
"ENSG00000178878",3.26220538409414e-05
"ENSG00000139410",3.26214753751063e-05
"ENSG00000131944",3.26060965970401e-05
"ENSG00000258469",3.26002671907216e-05
"ENSG00000067646",3.25872420022971e-05
"ENSG00000165837",3.25791973911875e-05
"ENSG00000042429",3.25438426162331e-05
"ENSG00000148296",3.25214834468949e-05
"ENSG00000236383",3.24786779799879e-05
"ENSG00000164265",3.24736290279677e-05
"ENSG00000122642",3.24485200313389e-05
"ENSG00000170265",3.24358719977542e-05
"ENSG00000123552",3.24335366212087e-05
"ENSG00000141753",3.24273892143663e-05
"ENSG00000132623",3.24205103332017e-05
"ENSG00000141378",3.2411968655909e-05
"ENSG00000127081",3.23818004762785e-05
"ENSG00000116711",3.23799271132394e-05
"ENSG00000173614",3.23741511594252e-05
"ENSG00000158714",3.2372187269571e-05
"ENSG00000130702",3.23519475845032e-05
"ENSG00000148606",3.23321840022877e-05
"ENSG00000157827",3.23015183011274e-05
"ENSG00000125821",3.22844221372954e-05
"ENSG00000224383",3.22541975346029e-05
"ENSG00000065054",3.22509771227907e-05
"ENSG00000149292",3.22251653399192e-05
"ENSG00000182195",3.22210869155842e-05
"ENSG00000128641",3.22165699543282e-05
"ENSG00000137757",3.21663635531824e-05
"ENSG00000064932",3.21658278390984e-05
"ENSG00000175691",3.21573637072614e-05
"ENSG00000136875",3.21537511231674e-05
"ENSG00000239305",3.21401444039215e-05
"ENSG00000067445",3.21314307326296e-05
"ENSG00000171497",3.20834890073987e-05
"ENSG00000198455",3.20772830043043e-05
"ENSG00000105722",3.20586226262847e-05
"ENSG00000165804",3.19747953692872e-05
"ENSG00000130766",3.19501823153236e-05
"ENSG00000185800",3.1927465499038e-05
"ENSG00000136235",3.19269396536264e-05
"ENSG00000008311",3.19079686855457e-05
"ENSG00000124713",3.19012692870702e-05
"ENSG00000156414",3.18511869797934e-05
"ENSG00000137494",3.18392334381141e-05
"ENSG00000171169",3.18236581788343e-05
"ENSG00000188659",3.18231224166075e-05
"ENSG00000276180",3.17857900260935e-05
"ENSG00000215156",3.17417974140914e-05
"ENSG00000090989",3.17237546756769e-05
"ENSG00000122512",3.16867171544466e-05
"ENSG00000183785",3.16796391813154e-05
"ENSG00000053918",3.16475378992395e-05
"ENSG00000275221",3.15878114860891e-05
"ENSG00000136141",3.15707505249171e-05
"ENSG00000162630",3.15648576695102e-05
"ENSG00000111837",3.1547859655253e-05
"ENSG00000197841",3.1541456677645e-05
"ENSG00000182472",3.152101769355e-05
"ENSG00000188878",3.15195239170712e-05
"ENSG00000126249",3.15151637040153e-05
"ENSG00000242498",3.15116552551323e-05
"ENSG00000182010",3.15110170081032e-05
"ENSG00000236699",3.15033043508685e-05
"ENSG00000162545",3.14924986024227e-05
"ENSG00000176222",3.14769674593501e-05
"ENSG00000136541",3.14764897673346e-05
"ENSG00000140443",3.14670000856828e-05
"ENSG00000159214",3.1414695092094e-05
"ENSG00000151689",3.13946323469422e-05
"ENSG00000115641",3.1371529649381e-05
"ENSG00000128973",3.1368513476824e-05
"ENSG00000169435",3.13358749103927e-05
"ENSG00000170837",3.13239181668332e-05
"ENSG00000080986",3.13130419763823e-05
"ENSG00000177570",3.13062779524068e-05
"ENSG00000164199",3.12934855434616e-05
"ENSG00000181450",3.12921352816848e-05
"ENSG00000204311",3.12682070695044e-05
"ENSG00000071794",3.12434458513529e-05
"ENSG00000105877",3.12314256745382e-05
"ENSG00000135898",3.12038946721392e-05
"ENSG00000166947",3.11634335642716e-05
"ENSG00000152784",3.11601519614237e-05
"ENSG00000141098",3.11152800544206e-05
"ENSG00000183161",3.11122064625234e-05
"ENSG00000173868",3.1109518174919e-05
"ENSG00000147231",3.10706008997578e-05
"ENSG00000114346",3.10586414293873e-05
"ENSG00000160325",3.10392593171472e-05
"ENSG00000004139",3.1016672009563e-05
"ENSG00000059769",3.10128579738706e-05
"ENSG00000197272",3.09877584999579e-05
"ENSG00000179761",3.09774628309572e-05
"ENSG00000196663",3.09764180138211e-05
"ENSG00000173166",3.09749745627369e-05
"ENSG00000205683",3.09742865058138e-05
"ENSG00000147168",3.09728978067688e-05
"ENSG00000166762",3.09714972596265e-05
"ENSG00000205038",3.09695605096988e-05
"ENSG00000131187",3.0957658317614e-05
"ENSG00000204954",3.0945610192488e-05
"ENSG00000167862",3.09433557078614e-05
"ENSG00000165617",3.09230934753599e-05
"ENSG00000121570",3.09002881316735e-05
"ENSG00000101342",3.08934999023084e-05
"ENSG00000258289",3.08645455773444e-05
"ENSG00000204428",3.08474777567897e-05
"ENSG00000136960",3.08434851998705e-05
"ENSG00000127980",3.08408673114207e-05
"ENSG00000178700",3.079291173992e-05
"ENSG00000183598",3.07430642347184e-05
"ENSG00000166352",3.07426666528676e-05
"ENSG00000011114",3.07402473879378e-05
"ENSG00000170891",3.07198058940892e-05
"ENSG00000175938",3.07058622405164e-05
"ENSG00000078081",3.06940897566012e-05
"ENSG00000168056",3.06867887499314e-05
"ENSG00000178568",3.06841653794e-05
"ENSG00000119574",3.06638383165805e-05
"ENSG00000105717",3.06383433651126e-05
"ENSG00000154188",3.06260531800331e-05
"ENSG00000101003",3.06223618012552e-05
"ENSG00000161281",3.06094514483954e-05
"ENSG00000183813",3.06067501960686e-05
"ENSG00000188092",3.057062943395e-05
"ENSG00000170899",3.05532962677762e-05
"ENSG00000158079",3.05478616836697e-05
"ENSG00000089685",3.05302346670014e-05
"ENSG00000205670",3.05003223503737e-05
"ENSG00000198553",3.04550804279097e-05
"ENSG00000065060",3.04314621815409e-05
"ENSG00000119138",3.0392531051853e-05
"ENSG00000187010",3.03600601596626e-05
"ENSG00000111615",3.03356268151785e-05
"ENSG00000178567",3.03208525585199e-05
"ENSG00000189164",3.03185467501967e-05
"ENSG00000277157",3.02859537460651e-05
"ENSG00000092067",3.02779055868444e-05
"ENSG00000170921",3.02776665595047e-05
"ENSG00000174327",3.02464084253983e-05
"ENSG00000017483",3.02331965039671e-05
"ENSG00000172209",3.02195588447642e-05
"ENSG00000131153",3.01872377891102e-05
"ENSG00000242372",3.01802632856522e-05
"ENSG00000112290",3.01737844493667e-05
"ENSG00000159403",3.01580589366632e-05
"ENSG00000139579",3.01534628038207e-05
"ENSG00000142512",3.01448342990162e-05
"ENSG00000131686",3.01432296068024e-05
"ENSG00000148481",3.01366137312919e-05
"ENSG00000141198",3.01341428639752e-05
"ENSG00000158480",3.01325734300635e-05
"ENSG00000163877",3.01240844254541e-05
"ENSG00000079335",3.01190023787331e-05
"ENSG00000164047",3.01070636688718e-05
"ENSG00000125864",3.00998309366054e-05
"ENSG00000081692",3.00744248563747e-05
"ENSG00000188396",3.00740366715662e-05
"ENSG00000125434",3.00577666544014e-05
"ENSG00000180901",3.00317849534186e-05
"ENSG00000100084",3.00200526447384e-05
"ENSG00000140987",3.00013213799103e-05
"ENSG00000140543",2.99974814674436e-05
"ENSG00000144741",2.99883936813879e-05
"ENSG00000275111",2.99879738267672e-05
"ENSG00000278705",2.99575667273067e-05
"ENSG00000143365",2.99497526951767e-05
"ENSG00000183091",2.99437904940066e-05
"ENSG00000189079",2.99400754395721e-05
"ENSG00000152359",2.99320352433539e-05
"ENSG00000106976",2.9930511212515e-05
"ENSG00000160606",2.9921000786858e-05
"ENSG00000127804",2.99134679967619e-05
"ENSG00000115896",2.98990406851055e-05
"ENSG00000103404",2.98475828963316e-05
"ENSG00000155330",2.97757893672168e-05
"ENSG00000105379",2.97537336606965e-05
"ENSG00000008516",2.96834517712727e-05
"ENSG00000108506",2.96681267894616e-05
"ENSG00000186020",2.96589750901996e-05
"ENSG00000188282",2.96459694871957e-05
"ENSG00000197774",2.9616606422665e-05
"ENSG00000138641",2.96103421058069e-05
"ENSG00000167476",2.96087893150253e-05
"ENSG00000247315",2.96032406831921e-05
"ENSG00000085999",2.95673664655045e-05
"ENSG00000181458",2.9549525329392e-05
"ENSG00000177192",2.95440572065177e-05
"ENSG00000169359",2.95080150915266e-05
"ENSG00000233041",2.94919731591788e-05
"ENSG00000172602",2.94640640086331e-05
"ENSG00000103740",2.94424246915907e-05
"ENSG00000146828",2.94275165851273e-05
"ENSG00000072954",2.94148548200782e-05
"ENSG00000177000",2.93938703473931e-05
"ENSG00000178999",2.93831047829751e-05
"ENSG00000173991",2.93631680629645e-05
"ENSG00000130176",2.93406933074049e-05
"ENSG00000008226",2.93388423718792e-05
"ENSG00000112394",2.93166541822813e-05
"ENSG00000125651",2.93149993514567e-05
"ENSG00000005469",2.92987637981828e-05
"ENSG00000114315",2.9286013688017e-05
"ENSG00000160352",2.92754761007793e-05
"ENSG00000137404",2.92720249534166e-05
"ENSG00000165175",2.92718371409866e-05
"ENSG00000071655",2.92714995456453e-05
"ENSG00000122335",2.92633206810879e-05
"ENSG00000173960",2.92596337583951e-05
"ENSG00000198298",2.92557491304857e-05
"ENSG00000119411",2.92530869957714e-05
"ENSG00000177169",2.92424856381695e-05
"ENSG00000164818",2.92269318265511e-05
"ENSG00000117597",2.92240761728817e-05
"ENSG00000170323",2.9215647447719e-05
"ENSG00000075420",2.91824467830921e-05
"ENSG00000170365",2.9117955420736e-05
"ENSG00000160791",2.90883713243359e-05
"ENSG00000276043",2.90767736667916e-05
"ENSG00000142867",2.90405402409319e-05
"ENSG00000166816",2.90131713057561e-05
"ENSG00000122378",2.90035554446156e-05
"ENSG00000136449",2.89977027225609e-05
"ENSG00000101460",2.89722163249589e-05
"ENSG00000254521",2.89279610310721e-05
"ENSG00000082438",2.89252119957611e-05
"ENSG00000130304",2.88995573505845e-05
"ENSG00000154917",2.8884961559983e-05
"ENSG00000113272",2.88844390540416e-05
"ENSG00000162929",2.88788348800421e-05
"ENSG00000105617",2.88726315993729e-05
"ENSG00000072071",2.88716372948961e-05
"ENSG00000205765",2.88702804471547e-05
"ENSG00000131203",2.88684884439211e-05
"ENSG00000167962",2.88331196431962e-05
"ENSG00000168661",2.88243586010146e-05
"ENSG00000179965",2.88137696741877e-05
"ENSG00000170315",2.87941583469003e-05
"ENSG00000196470",2.87914172238876e-05
"ENSG00000141985",2.87389056615705e-05
"ENSG00000198780",2.87282331858538e-05
"ENSG00000120784",2.87076499315897e-05
"ENSG00000189060",2.86890743002972e-05
"ENSG00000224470",2.86840645141445e-05
"ENSG00000165685",2.86816651934822e-05
"ENSG00000166033",2.86574101075581e-05
"ENSG00000111676",2.86229215926891e-05
"ENSG00000114631",2.86156297369098e-05
"ENSG00000185630",2.85994057702478e-05
"ENSG00000124120",2.85937536446707e-05
"ENSG00000173599",2.85762857141657e-05
"ENSG00000258539",2.85571390665345e-05
"ENSG00000169231",2.8554594801272e-05
"ENSG00000132881",2.85512044615648e-05
"ENSG00000136720",2.8533677823026e-05
"ENSG00000125247",2.85090783471696e-05
"ENSG00000067836",2.85057936650535e-05
"ENSG00000185591",2.85022441984954e-05
"ENSG00000105849",2.84969364628836e-05
"ENSG00000070182",2.84819596098463e-05
"ENSG00000132514",2.84642588793661e-05
"ENSG00000087253",2.84589070872285e-05
"ENSG00000171097",2.84330531844563e-05
"ENSG00000167641",2.83972821320394e-05
"ENSG00000196476",2.8367498390999e-05
"ENSG00000102048",2.83521574803625e-05
"ENSG00000087299",2.83464184631162e-05
"ENSG00000176153",2.83369768689666e-05
"ENSG00000118690",2.83305899213337e-05
"ENSG00000138829",2.83139826334826e-05
"ENSG00000105370",2.83106384736916e-05
"ENSG00000172927",2.82961932191358e-05
"ENSG00000104883",2.82836627717559e-05
"ENSG00000274997",2.82773768454419e-05
"ENSG00000150316",2.82445992543978e-05
"ENSG00000174807",2.82442289019538e-05
"ENSG00000187187",2.82434045325921e-05
"ENSG00000159714",2.82377043613575e-05
"ENSG00000166348",2.82345563464479e-05
"ENSG00000170144",2.82290136864309e-05
"ENSG00000163596",2.82190705751937e-05
"ENSG00000144214",2.82060343412994e-05
"ENSG00000012963",2.81882541661303e-05
"ENSG00000124466",2.81840032537395e-05
"ENSG00000256591",2.81818366122041e-05
"ENSG00000186994",2.81443862262671e-05
"ENSG00000084764",2.81182115172157e-05
"ENSG00000127311",2.81103947851065e-05
"ENSG00000248098",2.81081726039659e-05
"ENSG00000100410",2.81066656350897e-05
"ENSG00000134698",2.80708990131139e-05
"ENSG00000119508",2.80687701326473e-05
"ENSG00000140545",2.8044077034088e-05
"ENSG00000188033",2.80437922111693e-05
"ENSG00000183814",2.80392407222272e-05
"ENSG00000047597",2.80353461695163e-05
"ENSG00000149503",2.8025574676205e-05
"ENSG00000157992",2.79991224638335e-05
"ENSG00000183324",2.79738099630964e-05
"ENSG00000130338",2.79242086558721e-05
"ENSG00000205133",2.79216918873328e-05
"ENSG00000088854",2.79158740719739e-05
"ENSG00000178814",2.79032279762847e-05
"ENSG00000134317",2.78848617678033e-05
"ENSG00000117262",2.78813137159194e-05
"ENSG00000127561",2.78539346045882e-05
"ENSG00000170464",2.78352011159489e-05
"ENSG00000139344",2.7793812744845e-05
"ENSG00000133069",2.77662280178528e-05
"ENSG00000237693",2.77469192077064e-05
"ENSG00000167216",2.77409096494079e-05
"ENSG00000078177",2.77358435989257e-05
"ENSG00000185761",2.77247537139753e-05
"ENSG00000184497",2.77210003424341e-05
"ENSG00000162804",2.7712768220975e-05
"ENSG00000168350",2.77103307454621e-05
"ENSG00000234284",2.77032528770388e-05
"ENSG00000197353",2.76704314677529e-05
"ENSG00000167100",2.76701969686315e-05
"ENSG00000188290",2.76645745136051e-05
"ENSG00000137266",2.76622805853416e-05
"ENSG00000101353",2.76373204512533e-05
"ENSG00000239388",2.7636061656439e-05
"ENSG00000159921",2.76334116040523e-05
"ENSG00000135763",2.7627686695133e-05
"ENSG00000241106",2.75802938623992e-05
"ENSG00000160949",2.75791488782533e-05
"ENSG00000072422",2.75457099579024e-05
"ENSG00000117054",2.74790549811599e-05
"ENSG00000163145",2.74778713834338e-05
"ENSG00000174348",2.7474020281451e-05
"ENSG00000078237",2.74704827774745e-05
"ENSG00000078053",2.74638608349782e-05
"ENSG00000166394",2.74546319968416e-05
"ENSG00000174136",2.74179274602542e-05
"ENSG00000163703",2.74168132019054e-05
"ENSG00000184226",2.74150891625107e-05
"ENSG00000040933",2.74054717694819e-05
"ENSG00000198131",2.73635227280431e-05
"ENSG00000009694",2.73588903738509e-05
"ENSG00000070731",2.72489725290598e-05
"ENSG00000159259",2.72007204433822e-05
"ENSG00000167595",2.71838717928279e-05
"ENSG00000134265",2.71767576333135e-05
"ENSG00000132330",2.71689637251883e-05
"ENSG00000156345",2.7157245449483e-05
"ENSG00000204516",2.71549836182613e-05
"ENSG00000100311",2.71360628388178e-05
"ENSG00000104043",2.71027008728274e-05
"ENSG00000142687",2.7102047713064e-05
"ENSG00000125378",2.71016154902552e-05
"ENSG00000105483",2.70928308679381e-05
"ENSG00000166266",2.70813629554626e-05
"ENSG00000130518",2.70758179827009e-05
"ENSG00000278535",2.70741209618998e-05
"ENSG00000204839",2.70654111148048e-05
"ENSG00000108423",2.70560243234013e-05
"ENSG00000182108",2.70538345999564e-05
"ENSG00000258839",2.7045278534748e-05
"ENSG00000111817",2.70382208516952e-05
"ENSG00000165895",2.70381230933989e-05
"ENSG00000213977",2.70301748839115e-05
"ENSG00000185436",2.70013616834752e-05
"ENSG00000140451",2.69684480936169e-05
"ENSG00000188158",2.6955083078067e-05
"ENSG00000154263",2.69213462197498e-05
"ENSG00000171766",2.69132911107234e-05
"ENSG00000180190",2.69085257302335e-05
"ENSG00000113966",2.69084167842756e-05
"ENSG00000123178",2.69083803756805e-05
"ENSG00000197057",2.69034251365353e-05
"ENSG00000159882",2.68576265611695e-05
"ENSG00000185219",2.6852176941967e-05
"ENSG00000060140",2.68162736023877e-05
"ENSG00000163257",2.67920995823586e-05
"ENSG00000139517",2.67469475046115e-05
"ENSG00000134755",2.67447472357138e-05
"ENSG00000156966",2.67293948808332e-05
"ENSG00000154127",2.67133418940732e-05
"ENSG00000168913",2.66725803296339e-05
"ENSG00000111249",2.66698034095893e-05
"ENSG00000104447",2.66519930986176e-05
"ENSG00000154764",2.6637158220508e-05
"ENSG00000198346",2.6620683156888e-05
"ENSG00000106462",2.65940095761573e-05
"ENSG00000177034",2.65873276149555e-05
"ENSG00000185442",2.65863666772407e-05
"ENSG00000170049",2.65822894293095e-05
"ENSG00000047634",2.65769457316683e-05
"ENSG00000130598",2.65664599354973e-05
"ENSG00000027001",2.65509336372021e-05
"ENSG00000167193",2.65492783084199e-05
"ENSG00000100342",2.65415148319337e-05
"ENSG00000153767",2.6523962917507e-05
"ENSG00000177669",2.65145210710484e-05
"ENSG00000160111",2.64995806122462e-05
"ENSG00000172167",2.64847601586738e-05
"ENSG00000121406",2.64818946288248e-05
"ENSG00000196943",2.64712570554779e-05
"ENSG00000178338",2.647026368076e-05
"ENSG00000186314",2.64651513776812e-05
"ENSG00000196329",2.64278894789763e-05
"ENSG00000266338",2.63688493167733e-05
"ENSG00000162746",2.63235248026137e-05
"ENSG00000179841",2.63187270061476e-05
"ENSG00000137942",2.63030929583582e-05
"ENSG00000179195",2.62844275536076e-05
"ENSG00000155755",2.6279500564616e-05
"ENSG00000163867",2.62781670651613e-05
"ENSG00000204252",2.62722535814042e-05
"ENSG00000234465",2.62706117401268e-05
"ENSG00000119227",2.62678335952014e-05
"ENSG00000095951",2.62631544384605e-05
"ENSG00000174405",2.62547432585669e-05
"ENSG00000174885",2.62497228780132e-05
"ENSG00000104427",2.62445522976151e-05
"ENSG00000173218",2.62425021050233e-05
"ENSG00000148219",2.62171770790302e-05
"ENSG00000164008",2.62094921561565e-05
"ENSG00000256294",2.61711860604098e-05
"ENSG00000131375",2.61669767903268e-05
"ENSG00000100802",2.61632326051171e-05
"ENSG00000178229",2.61554452158197e-05
"ENSG00000266472",2.61511692438045e-05
"ENSG00000105559",2.61463310628931e-05
"ENSG00000189308",2.61445819660067e-05
"ENSG00000174840",2.61444061137643e-05
"ENSG00000088325",2.6138791504191e-05
"ENSG00000130347",2.61384541508524e-05
"ENSG00000051128",2.61372497892405e-05
"ENSG00000135925",2.61036185460519e-05
"ENSG00000163507",2.61026191019527e-05
"ENSG00000197124",2.60897617993096e-05
"ENSG00000101298",2.60829716184094e-05
"ENSG00000181652",2.6053517063744e-05
"ENSG00000118420",2.60525170043306e-05
"ENSG00000113448",2.6036688162582e-05
"ENSG00000105778",2.60273346978713e-05
"ENSG00000175106",2.60147378847523e-05
"ENSG00000147601",2.60060011691076e-05
"ENSG00000258429",2.60054951134397e-05
"ENSG00000086289",2.59932758112834e-05
"ENSG00000055070",2.59875269838248e-05
"ENSG00000071246",2.59867266633899e-05
"ENSG00000155093",2.59860214288475e-05
"ENSG00000047578",2.59827007554304e-05
"ENSG00000186017",2.59285691684368e-05
"ENSG00000147180",2.59194485927587e-05
"ENSG00000154556",2.59111557877555e-05
"ENSG00000127526",2.59101738130985e-05
"ENSG00000133247",2.58947345546286e-05
"ENSG00000120253",2.58932017495532e-05
"ENSG00000254206",2.58924820202767e-05
"ENSG00000205085",2.58733781314073e-05
"ENSG00000119782",2.5864002462822e-05
"ENSG00000176105",2.58506858399588e-05
"ENSG00000162383",2.58477636025071e-05
"ENSG00000169884",2.58349404524387e-05
"ENSG00000166507",2.58312786695498e-05
"ENSG00000182378",2.5817967138527e-05
"ENSG00000259956",2.58084597702234e-05
"ENSG00000155592",2.5770706246315e-05
"ENSG00000137135",2.57632312241202e-05
"ENSG00000168386",2.57320068551143e-05
"ENSG00000137497",2.57250367651874e-05
"ENSG00000166963",2.57210780989488e-05
"ENSG00000109519",2.56926685237057e-05
"ENSG00000196418",2.56672874513894e-05
"ENSG00000226979",2.5648277791675e-05
"ENSG00000179604",2.56374479877937e-05
"ENSG00000134830",2.56204334042694e-05
"ENSG00000163558",2.56102101937373e-05
"ENSG00000105072",2.5601857006441e-05
"ENSG00000154734",2.55981032758028e-05
"ENSG00000101425",2.55862499137009e-05
"ENSG00000071537",2.55699385329103e-05
"ENSG00000130545",2.55545231992802e-05
"ENSG00000242612",2.55523461719737e-05
"ENSG00000103888",2.55105923174405e-05
"ENSG00000135040",2.5508968225494e-05
"ENSG00000147459",2.54955476093009e-05
"ENSG00000147119",2.54880845397347e-05
"ENSG00000111696",2.54675974575918e-05
"ENSG00000174672",2.54623355540217e-05
"ENSG00000170145",2.54479884410511e-05
"ENSG00000181638",2.54355630422003e-05
"ENSG00000158715",2.54348154198453e-05
"ENSG00000157625",2.54036925335355e-05
"ENSG00000095397",2.53761695925425e-05
"ENSG00000111291",2.53624433601406e-05
"ENSG00000121716",2.53559380366613e-05
"ENSG00000135378",2.53482822886029e-05
"ENSG00000144824",2.53383891917631e-05
"ENSG00000182362",2.53237346052837e-05
"ENSG00000183397",2.53144523246632e-05
"ENSG00000044090",2.53091060045957e-05
"ENSG00000263874",2.53016318750919e-05
"ENSG00000167695",2.52730721726402e-05
"ENSG00000198932",2.51830731736997e-05
"ENSG00000156398",2.51664270637172e-05
"ENSG00000139508",2.51622431860554e-05
"ENSG00000116698",2.51583365764622e-05
"ENSG00000133216",2.51563176343362e-05
"ENSG00000170917",2.51523445319046e-05
"ENSG00000161040",2.51322870378881e-05
"ENSG00000163958",2.51269769635629e-05
"ENSG00000167720",2.51055405592515e-05
"ENSG00000115155",2.50744474964393e-05
"ENSG00000198523",2.50573439063083e-05
"ENSG00000164849",2.50536549453374e-05
"ENSG00000105085",2.50382947538666e-05
"ENSG00000139572",2.4978675811045e-05
"ENSG00000189013",2.4976667568666e-05
"ENSG00000155275",2.49613411527387e-05
"ENSG00000116771",2.49576384479585e-05
"ENSG00000197776",2.4957295720322e-05
"ENSG00000163013",2.49496026006976e-05
"ENSG00000151929",2.49336791704225e-05
"ENSG00000166886",2.49059956521911e-05
"ENSG00000042980",2.48962936864061e-05
"ENSG00000185674",2.48827888303045e-05
"ENSG00000196498",2.48614760624456e-05
"ENSG00000164252",2.48549386793019e-05
"ENSG00000145217",2.48465901008888e-05
"ENSG00000107443",2.48423327323153e-05
"ENSG00000006118",2.4839611785057e-05
"ENSG00000242732",2.48392358822297e-05
"ENSG00000105492",2.48341452719969e-05
"ENSG00000167733",2.48304468872058e-05
"ENSG00000169255",2.48234132133191e-05
"ENSG00000011451",2.48101691265516e-05
"ENSG00000108932",2.48052241417484e-05
"ENSG00000087008",2.47983224993929e-05
"ENSG00000226124",2.47961604086291e-05
"ENSG00000149328",2.47928134486553e-05
"ENSG00000149527",2.47789688338533e-05
"ENSG00000165055",2.47607312006187e-05
"ENSG00000204524",2.473228414209e-05
"ENSG00000178718",2.47300148266915e-05
"ENSG00000118655",2.47138189185437e-05
"ENSG00000171291",2.47092231653576e-05
"ENSG00000132763",2.4707569612273e-05
"ENSG00000088053",2.47034580955977e-05
"ENSG00000196465",2.46865623625637e-05
"ENSG00000161960",2.46843993956114e-05
"ENSG00000137337",2.46804647500727e-05
"ENSG00000117400",2.46735744279812e-05
"ENSG00000019102",2.46703037290807e-05
"ENSG00000146433",2.46469332000674e-05
"ENSG00000164776",2.46351467228437e-05
"ENSG00000128011",2.46171824859033e-05
"ENSG00000169926",2.46109097264062e-05
"ENSG00000141447",2.45903218986809e-05
"ENSG00000130772",2.45668410265251e-05
"ENSG00000186648",2.45063393314121e-05
"ENSG00000183066",2.44584614192334e-05
"ENSG00000106624",2.44544802968617e-05
"ENSG00000086102",2.44464307140623e-05
"ENSG00000140993",2.44206327501343e-05
"ENSG00000138606",2.44046164682134e-05
"ENSG00000178695",2.44035536937877e-05
"ENSG00000162430",2.43991214127761e-05
"ENSG00000159899",2.43968758025961e-05
"ENSG00000189195",2.43950519384443e-05
"ENSG00000157570",2.43718688030397e-05
"ENSG00000241224",2.43710125550911e-05
"ENSG00000138182",2.43674498768198e-05
"ENSG00000132570",2.43583277315071e-05
"ENSG00000120318",2.43571998583337e-05
"ENSG00000111641",2.4351037902503e-05
"ENSG00000188641",2.43106756073734e-05
"ENSG00000126787",2.42853158929301e-05
"ENSG00000197712",2.42631570354058e-05
"ENSG00000022567",2.42600661036308e-05
"ENSG00000167434",2.42532569569944e-05
"ENSG00000182985",2.42140470064355e-05
"ENSG00000107554",2.41955490566656e-05
"ENSG00000052126",2.41893077885455e-05
"ENSG00000135245",2.41839634565395e-05
"ENSG00000109805",2.41646117651035e-05
"ENSG00000159588",2.41582823447389e-05
"ENSG00000174516",2.41377606828825e-05
"ENSG00000164989",2.41319664000028e-05
"ENSG00000078804",2.41262848742804e-05
"ENSG00000197808",2.41141292597643e-05
"ENSG00000197863",2.41130470371286e-05
"ENSG00000137124",2.40629833606883e-05
"ENSG00000262484",2.40535789032647e-05
"ENSG00000174501",2.40528519165616e-05
"ENSG00000187994",2.40517410059246e-05
"ENSG00000160870",2.40419824744202e-05
"ENSG00000105245",2.40359593950236e-05
"ENSG00000075702",2.39833447686965e-05
"ENSG00000268320",2.39830611952601e-05
"ENSG00000134690",2.39733373010405e-05
"ENSG00000163520",2.39262325465893e-05
"ENSG00000175662",2.39243826991019e-05
"ENSG00000197019",2.39145746818249e-05
"ENSG00000167625",2.39021793598322e-05
"ENSG00000170312",2.39008708001955e-05
"ENSG00000130812",2.38999150899546e-05
"ENSG00000008323",2.38943204649316e-05
"ENSG00000141384",2.38881681827282e-05
"ENSG00000181585",2.38564686285065e-05
"ENSG00000185875",2.38497990509189e-05
"ENSG00000198218",2.38369127960732e-05
"ENSG00000042286",2.38184592162698e-05
"ENSG00000092098",2.38166422751e-05
"ENSG00000134627",2.37753019726446e-05
"ENSG00000136940",2.37728095381483e-05
"ENSG00000122970",2.37460575570593e-05
"ENSG00000170954",2.37428980481352e-05
"ENSG00000204438",2.37179406041932e-05
"ENSG00000156853",2.37113253092934e-05
"ENSG00000070526",2.36949798388726e-05
"ENSG00000145431",2.36851208882678e-05
"ENSG00000185905",2.36741289317414e-05
"ENSG00000099364",2.36732684882682e-05
"ENSG00000147862",2.36684929542316e-05
"ENSG00000196565",2.36539808388645e-05
"ENSG00000198690",2.36424999283302e-05
"ENSG00000160007",2.36245615748843e-05
"ENSG00000132321",2.36126672190096e-05
"ENSG00000068885",2.36111389799671e-05
"ENSG00000166676",2.36078613390058e-05
"ENSG00000164659",2.35891242746278e-05
"ENSG00000122882",2.35755830186912e-05
"ENSG00000100150",2.35731582531431e-05
"ENSG00000071539",2.35698355477799e-05
"ENSG00000101004",2.35589362943366e-05
"ENSG00000196715",2.35537943640814e-05
"ENSG00000103489",2.3553444965287e-05
"ENSG00000160097",2.35483837066034e-05
"ENSG00000037280",2.35162592259226e-05
"ENSG00000174442",2.35127133870875e-05
"ENSG00000197054",2.35079061442087e-05
"ENSG00000160563",2.34964603002836e-05
"ENSG00000120217",2.34894814361425e-05
"ENSG00000175591",2.34877522388208e-05
"ENSG00000188897",2.34595501078537e-05
"ENSG00000139174",2.34446314585627e-05
"ENSG00000150672",2.34272710087988e-05
"ENSG00000204498",2.34097157549426e-05
"ENSG00000178127",2.33842244968111e-05
"ENSG00000222009",2.33678129119195e-05
"ENSG00000178904",2.33672985204011e-05
"ENSG00000204086",2.33613210783614e-05
"ENSG00000185245",2.33535510654748e-05
"ENSG00000007237",2.33243056902363e-05
"ENSG00000196890",2.33134724265858e-05
"ENSG00000173706",2.3313333069743e-05
"ENSG00000149782",2.32942233151358e-05
"ENSG00000125084",2.32840599694813e-05
"ENSG00000077157",2.32796180921617e-05
"ENSG00000144233",2.32703249560876e-05
"ENSG00000179934",2.32691437160599e-05
"ENSG00000140090",2.32604842016905e-05
"ENSG00000261609",2.32540191108864e-05
"ENSG00000175544",2.32443290482905e-05
"ENSG00000005889",2.32187359729063e-05
"ENSG00000163449",2.32167677223796e-05
"ENSG00000175514",2.31928399194938e-05
"ENSG00000111785",2.31825744055182e-05
"ENSG00000165661",2.31792420978024e-05
"ENSG00000129467",2.31326195208879e-05
"ENSG00000182504",2.31187057845894e-05
"ENSG00000185880",2.31093413390934e-05
"ENSG00000162959",2.31061266868679e-05
"ENSG00000163517",2.30979205917788e-05
"ENSG00000111911",2.30863584156301e-05
"ENSG00000157111",2.30634810172018e-05
"ENSG00000023608",2.30506193850448e-05
"ENSG00000145975",2.3025951214319e-05
"ENSG00000162755",2.30118885932076e-05
"ENSG00000175581",2.3008818860747e-05
"ENSG00000125503",2.30079464673863e-05
"ENSG00000181963",2.29273283061443e-05
"ENSG00000176953",2.29256891751972e-05
"ENSG00000015479",2.29239887616227e-05
"ENSG00000213047",2.29114767357514e-05
"ENSG00000184402",2.2907885883942e-05
"ENSG00000014123",2.29029732091658e-05
"ENSG00000187037",2.28968145635015e-05
"ENSG00000154016",2.28869108140072e-05
"ENSG00000123453",2.28852981022437e-05
"ENSG00000187980",2.28795071646705e-05
"ENSG00000132561",2.2860444975922e-05
"ENSG00000235169",2.28533869352972e-05
"ENSG00000158169",2.28529188184344e-05
"ENSG00000130997",2.28482621933277e-05
"ENSG00000175538",2.284398063259e-05
"ENSG00000121775",2.28351577832151e-05
"ENSG00000169242",2.28133869426008e-05
"ENSG00000151229",2.28125553766551e-05
"ENSG00000277775",2.28082203970119e-05
"ENSG00000136925",2.2804324400153e-05
"ENSG00000026559",2.27980343128195e-05
"ENSG00000158623",2.27913675913349e-05
"ENSG00000104320",2.27877320468736e-05
"ENSG00000168434",2.27801051457297e-05
"ENSG00000163818",2.27769318578835e-05
"ENSG00000182405",2.27422134266981e-05
"ENSG00000172031",2.2735342780168e-05
"ENSG00000280670",2.27332457585604e-05
"ENSG00000175105",2.27318701618641e-05
"ENSG00000171466",2.27193745854449e-05
"ENSG00000165689",2.26679809515534e-05
"ENSG00000173581",2.26040619436155e-05
"ENSG00000107897",2.25790483129985e-05
"ENSG00000161671",2.25624809929062e-05
"ENSG00000163781",2.25399028425407e-05
"ENSG00000240563",2.25384964697019e-05
"ENSG00000130684",2.25327604812325e-05
"ENSG00000198353",2.25121165457494e-05
"ENSG00000073331",2.25022662136251e-05
"ENSG00000183977",2.2500058905864e-05
"ENSG00000106477",2.24950075141122e-05
"ENSG00000003436",2.24905815552887e-05
"ENSG00000228049",2.24804816400004e-05
"ENSG00000177688",2.24578156623499e-05
"ENSG00000125246",2.24569890349312e-05
"ENSG00000139160",2.24544296188243e-05
"ENSG00000174500",2.24079233662678e-05
"ENSG00000167306",2.23974752897313e-05
"ENSG00000084444",2.23895061976046e-05
"ENSG00000111319",2.23813352220054e-05
"ENSG00000174010",2.23807308967462e-05
"ENSG00000183647",2.23651621185485e-05
"ENSG00000128656",2.23260610129709e-05
"ENSG00000080007",2.23201555929088e-05
"ENSG00000116984",2.23200443643822e-05
"ENSG00000181885",2.22953841460542e-05
"ENSG00000020256",2.22744589472741e-05
"ENSG00000112782",2.22615827358653e-05
"ENSG00000136244",2.22509361454478e-05
"ENSG00000115902",2.22325296243803e-05
"ENSG00000124216",2.22269710237506e-05
"ENSG00000177494",2.21892065510046e-05
"ENSG00000273345",2.21804107460514e-05
"ENSG00000231887",2.21461937270907e-05
"ENSG00000188786",2.21221913691602e-05
"ENSG00000159231",2.21097738977263e-05
"ENSG00000168772",2.20862481725448e-05
"ENSG00000171448",2.20832368175181e-05
"ENSG00000115750",2.20165683405733e-05
"ENSG00000185869",2.20164348135398e-05
"ENSG00000175556",2.20164073530651e-05
"ENSG00000181274",2.20073554699426e-05
"ENSG00000132470",2.20064684402485e-05
"ENSG00000278053",2.20038030687204e-05
"ENSG00000278588",2.19769005847033e-05
"ENSG00000138658",2.19457490184855e-05
"ENSG00000149679",2.19448407300076e-05
"ENSG00000081985",2.19389468424386e-05
"ENSG00000196782",2.19378434765248e-05
"ENSG00000141034",2.19375022624833e-05
"ENSG00000070018",2.19357013934687e-05
"ENSG00000166323",2.19316931536985e-05
"ENSG00000183690",2.19309051767266e-05
"ENSG00000122126",2.18541069941379e-05
"ENSG00000110844",2.18532083503362e-05
"ENSG00000186260",2.18470250120349e-05
"ENSG00000179397",2.18351596392812e-05
"ENSG00000156239",2.18171342520676e-05
"ENSG00000100036",2.18169619802866e-05
"ENSG00000073711",2.1802562657258e-05
"ENSG00000184838",2.17953801364645e-05
"ENSG00000120800",2.17634971051991e-05
"ENSG00000065526",2.17619234819369e-05
"ENSG00000164050",2.17551576598121e-05
"ENSG00000166575",2.17380662982787e-05
"ENSG00000115761",2.173124680652e-05
"ENSG00000108854",2.17302844062826e-05
"ENSG00000008086",2.17213525056067e-05
"ENSG00000196866",2.17001138094027e-05
"ENSG00000102780",2.16840118339782e-05
"ENSG00000162337",2.16719346821258e-05
"ENSG00000143248",2.16542127947275e-05
"ENSG00000158528",2.16355566033916e-05
"ENSG00000204681",2.16240414260271e-05
"ENSG00000137098",2.16210368651241e-05
"ENSG00000273173",2.16134132589521e-05
"ENSG00000136237",2.16032355578611e-05
"ENSG00000105996",2.16006995999615e-05
"ENSG00000185361",2.15996330617231e-05
"ENSG00000185482",2.1593856496112e-05
"ENSG00000157014",2.15924021974721e-05
"ENSG00000204424",2.15719682575562e-05
"ENSG00000108641",2.15669953515543e-05
"ENSG00000258311",2.15563084753132e-05
"ENSG00000103150",2.15478652978023e-05
"ENSG00000188266",2.15436286873677e-05
"ENSG00000180758",2.15378249443289e-05
"ENSG00000103154",2.15261057582213e-05
"ENSG00000273045",2.14906941258836e-05
"ENSG00000154548",2.14875082399609e-05
"ENSG00000130643",2.14791515542618e-05
"ENSG00000273542",2.14403323859598e-05
"ENSG00000170653",2.14336333674147e-05
"ENSG00000182872",2.14273046594507e-05
"ENSG00000118520",2.14045958663065e-05
"ENSG00000134030",2.13518750042588e-05
"ENSG00000126467",2.13507574326839e-05
"ENSG00000204520",2.13490853813932e-05
"ENSG00000277224",2.1344844871774e-05
"ENSG00000185015",2.13311214744382e-05
"ENSG00000174600",2.13203317947209e-05
"ENSG00000183722",2.13064880351607e-05
"ENSG00000261150",2.12906316607171e-05
"ENSG00000142675",2.12525614715134e-05
"ENSG00000183625",2.12399373098426e-05
"ENSG00000154721",2.12169327354245e-05
"ENSG00000142089",2.12098873525039e-05
"ENSG00000130208",2.11965219931399e-05
"ENSG00000128944",2.118681141349e-05
"ENSG00000162627",2.11792226453249e-05
"ENSG00000267710",2.11688795354132e-05
"ENSG00000167094",2.1157097909278e-05
"ENSG00000168679",2.11221199350481e-05
"ENSG00000094804",2.11167897712934e-05
"ENSG00000171813",2.11157963735077e-05
"ENSG00000031003",2.11137884156133e-05
"ENSG00000128394",2.11044763932514e-05
"ENSG00000170293",2.10761860648899e-05
"ENSG00000109956",2.10753879601379e-05
"ENSG00000115841",2.105846403275e-05
"ENSG00000205593",2.10477847253249e-05
"ENSG00000111907",2.10420884146313e-05
"ENSG00000173281",2.10410092980369e-05
"ENSG00000188452",2.10219188199965e-05
"ENSG00000173338",2.10166305999181e-05
"ENSG00000203814",2.10016790834365e-05
"ENSG00000123374",2.09874570729166e-05
"ENSG00000120049",2.09639478740941e-05
"ENSG00000182141",2.0949973067701e-05
"ENSG00000164465",2.09469683320796e-05
"ENSG00000180999",2.09437051545915e-05
"ENSG00000121410",2.0928181179464e-05
"ENSG00000165521",2.09055109070238e-05
"ENSG00000165029",2.08995610790823e-05
"ENSG00000271601",2.08402643791598e-05
"ENSG00000118096",2.08160718907513e-05
"ENSG00000184083",2.08070160969463e-05
"ENSG00000156256",2.08051359630772e-05
"ENSG00000111110",2.08023136037424e-05
"ENSG00000148935",2.07892646775446e-05
"ENSG00000137168",2.07816583956917e-05
"ENSG00000227124",2.07690759900093e-05
"ENSG00000260286",2.07590665864464e-05
"ENSG00000130363",2.07565793156897e-05
"ENSG00000186104",2.0755576688702e-05
"ENSG00000158987",2.07525306056719e-05
"ENSG00000086200",2.07147227147555e-05
"ENSG00000132801",2.07127361686097e-05
"ENSG00000150456",2.07071685344727e-05
"ENSG00000141469",2.06928561219586e-05
"ENSG00000116852",2.06896772719133e-05
"ENSG00000170270",2.06816836098063e-05
"ENSG00000171136",2.06804130574894e-05
"ENSG00000186446",2.06677035953439e-05
"ENSG00000172992",2.06567352831892e-05
"ENSG00000197647",2.06245655422292e-05
"ENSG00000113916",2.06203129973715e-05
"ENSG00000109911",2.06170665774078e-05
"ENSG00000152380",2.06157312074187e-05
"ENSG00000176273",2.06054086165943e-05
"ENSG00000157999",2.06019437191759e-05
"ENSG00000184860",2.05807231831482e-05
"ENSG00000196123",2.0580234114133e-05
"ENSG00000254995",2.05767371308762e-05
"ENSG00000125726",2.05764550152425e-05
"ENSG00000100426",2.05628326730932e-05
"ENSG00000175782",2.05576489151555e-05
"ENSG00000075275",2.05457363796393e-05
"ENSG00000198324",2.05294895649408e-05
"ENSG00000100246",2.05284250846856e-05
"ENSG00000108700",2.05257927003676e-05
"ENSG00000132170",2.05192701253201e-05
"ENSG00000165733",2.05002363841117e-05
"ENSG00000142405",2.04966497947677e-05
"ENSG00000002745",2.04949460388076e-05
"ENSG00000123908",2.04672523335261e-05
"ENSG00000267673",2.04582608589335e-05
"ENSG00000107779",2.04460179233454e-05
"ENSG00000174705",2.04445985284754e-05
"ENSG00000197520",2.04441639988245e-05
"ENSG00000198453",2.04357477423172e-05
"ENSG00000162398",2.04328963430039e-05
"ENSG00000196440",2.04188945236071e-05
"ENSG00000159788",2.0413750565823e-05
"ENSG00000131697",2.03883013007367e-05
"ENSG00000128311",2.03881308877272e-05
"ENSG00000162877",2.03745127321379e-05
"ENSG00000175262",2.03730423711607e-05
"ENSG00000165028",2.03727695746978e-05
"ENSG00000236279",2.03701714519979e-05
"ENSG00000100767",2.03467485870359e-05
"ENSG00000076067",2.03220971948216e-05
"ENSG00000172748",2.03210327992425e-05
"ENSG00000188807",2.03075653568916e-05
"ENSG00000103199",2.02986610053558e-05
"ENSG00000172673",2.02966920529808e-05
"ENSG00000162594",2.02835390564297e-05
"ENSG00000164935",2.02754135674807e-05
"ENSG00000081923",2.0264200297077e-05
"ENSG00000197580",2.02617546524953e-05
"ENSG00000204310",2.02536814973301e-05
"ENSG00000158691",2.02515761259678e-05
"ENSG00000126562",2.02508119396993e-05
"ENSG00000163026",2.02377108544449e-05
"ENSG00000171150",2.02219685314779e-05
"ENSG00000049239",2.02204377185663e-05
"ENSG00000188171",2.02201190478862e-05
"ENSG00000138036",2.02119335520271e-05
"ENSG00000159423",2.01746154214387e-05
"ENSG00000161714",2.01622056339755e-05
"ENSG00000124107",2.01447134483678e-05
"ENSG00000156970",2.01380546217324e-05
"ENSG00000125730",2.01353513614649e-05
"ENSG00000152377",2.0132731269574e-05
"ENSG00000134986",2.01205022080527e-05
"ENSG00000104365",2.01084647042435e-05
"ENSG00000076321",2.00777382878251e-05
"ENSG00000184635",2.00695159531185e-05
"ENSG00000198208",2.00668181120956e-05
"ENSG00000268790",2.00646103011868e-05
"ENSG00000113318",2.00591264497351e-05
"ENSG00000153094",2.0043268356582e-05
"ENSG00000107249",2.00351510439963e-05
"ENSG00000112972",2.00333080884229e-05
"ENSG00000172348",2.00270306670842e-05
"ENSG00000125775",2.00264478064145e-05
"ENSG00000112232",2.00114277089303e-05
"ENSG00000170782",1.9997861386311e-05
"ENSG00000133026",1.9997218490606e-05
"ENSG00000183569",1.9970141892921e-05
"ENSG00000103528",1.9940389456448e-05
"ENSG00000198178",1.99238899477258e-05
"ENSG00000130653",1.99124305833956e-05
"ENSG00000140287",1.99094829318203e-05
"ENSG00000124613",1.98884234573919e-05
"ENSG00000100399",1.98752061880865e-05
"ENSG00000237651",1.98716754536875e-05
"ENSG00000198919",1.98605864265656e-05
"ENSG00000169084",1.98578791008166e-05
"ENSG00000166446",1.98578413818073e-05
"ENSG00000139567",1.98522484206687e-05
"ENSG00000170264",1.98463509120675e-05
"ENSG00000138175",1.98450384345153e-05
"ENSG00000029639",1.98412216501199e-05
"ENSG00000143590",1.98391086544693e-05
"ENSG00000156017",1.98368091619743e-05
"ENSG00000163607",1.98081782796916e-05
"ENSG00000169116",1.97857724242465e-05
"ENSG00000130881",1.97737503436052e-05
"ENSG00000185950",1.97496669052579e-05
"ENSG00000198901",1.97338641534377e-05
"ENSG00000139890",1.97123471838658e-05
"ENSG00000075618",1.97038803704253e-05
"ENSG00000103226",1.96976903196766e-05
"ENSG00000181873",1.96851850882561e-05
"ENSG00000109458",1.96695334300203e-05
"ENSG00000005189",1.96361502289281e-05
"ENSG00000157240",1.96318557978265e-05
"ENSG00000004864",1.95760102471549e-05
"ENSG00000174032",1.95685258377496e-05
"ENSG00000049249",1.95484742233897e-05
"ENSG00000099256",1.95302517385778e-05
"ENSG00000167378",1.95111598591816e-05
"ENSG00000240583",1.95098811438548e-05
"ENSG00000114529",1.94824092616119e-05
"ENSG00000181350",1.94687638372382e-05
"ENSG00000196407",1.94563592379116e-05
"ENSG00000054523",1.94315310526097e-05
"ENSG00000267855",1.94283458280822e-05
"ENSG00000174669",1.9421167731627e-05
"ENSG00000185130",1.93848521861975e-05
"ENSG00000114854",1.93845265715461e-05
"ENSG00000056050",1.93835669096238e-05
"ENSG00000049768",1.93643478489809e-05
"ENSG00000198105",1.93502058588372e-05
"ENSG00000182979",1.93495193163622e-05
"ENSG00000133048",1.93429055171903e-05
"ENSG00000196081",1.93159810086354e-05
"ENSG00000120519",1.93061303769575e-05
"ENSG00000166821",1.930170041901e-05
"ENSG00000131848",1.92946744427994e-05
"ENSG00000112378",1.92927541423922e-05
"ENSG00000157657",1.9275511750103e-05
"ENSG00000029153",1.92733245808839e-05
"ENSG00000178502",1.92604526441377e-05
"ENSG00000125355",1.92591040831656e-05
"ENSG00000257093",1.92577028584368e-05
"ENSG00000137992",1.92181779012296e-05
"ENSG00000177483",1.92018724497943e-05
"ENSG00000198121",1.91898470019611e-05
"ENSG00000186919",1.91744626472378e-05
"ENSG00000144792",1.91501333625367e-05
"ENSG00000100916",1.91446952918362e-05
"ENSG00000172426",1.91130614312401e-05
"ENSG00000004809",1.91078821245497e-05
"ENSG00000102678",1.91059023736706e-05
"ENSG00000178015",1.91001651500493e-05
"ENSG00000213204",1.90828784928798e-05
"ENSG00000081913",1.90568837627878e-05
"ENSG00000087095",1.90269254213891e-05
"ENSG00000066279",1.90243218635295e-05
"ENSG00000103485",1.90224086205085e-05
"ENSG00000159885",1.9022120775481e-05
"ENSG00000111834",1.9021574243883e-05
"ENSG00000173848",1.89670941115188e-05
"ENSG00000106366",1.89602559857522e-05
"ENSG00000124203",1.89535791198927e-05
"ENSG00000143942",1.89458206323311e-05
"ENSG00000176358",1.89360222904507e-05
"ENSG00000186231",1.89338244079321e-05
"ENSG00000166927",1.89161438950374e-05
"ENSG00000118557",1.88933729827114e-05
"ENSG00000204227",1.88925505612786e-05
"ENSG00000243989",1.88917799509225e-05
"ENSG00000082458",1.88648667042414e-05
"ENSG00000148400",1.8864112853197e-05
"ENSG00000155367",1.88641042782097e-05
"ENSG00000141542",1.88631597750224e-05
"ENSG00000205084",1.883662414585e-05
"ENSG00000274070",1.88161160904274e-05
"ENSG00000198743",1.88098531471084e-05
"ENSG00000163625",1.88085751845026e-05
"ENSG00000241489",1.87708493430686e-05
"ENSG00000165171",1.87614616752185e-05
"ENSG00000128596",1.87588354866133e-05
"ENSG00000108091",1.87524437534084e-05
"ENSG00000133056",1.87248863672348e-05
"ENSG00000065621",1.87126746555517e-05
"ENSG00000142252",1.87116249613576e-05
"ENSG00000254004",1.8694157979627e-05
"ENSG00000163406",1.86928910763175e-05
"ENSG00000151743",1.86845503644783e-05
"ENSG00000172803",1.86744712805332e-05
"ENSG00000197134",1.86703981654501e-05
"ENSG00000149636",1.86526601656448e-05
"ENSG00000124140",1.86487459012085e-05
"ENSG00000138756",1.86334503551762e-05
"ENSG00000163684",1.8632896979901e-05
"ENSG00000087448",1.86293260330155e-05
"ENSG00000131459",1.8591118675655e-05
"ENSG00000198682",1.85895719450114e-05
"ENSG00000184634",1.85834936237475e-05
"ENSG00000181029",1.85722172074502e-05
"ENSG00000178773",1.85712769202243e-05
"ENSG00000054392",1.8555869290699e-05
"ENSG00000163347",1.85554835619431e-05
"ENSG00000145014",1.85386923623937e-05
"ENSG00000174004",1.85309236451449e-05
"ENSG00000145901",1.85263173268546e-05
"ENSG00000255151",1.85227120051758e-05
"ENSG00000138346",1.85213356560097e-05
"ENSG00000177106",1.85211222598723e-05
"ENSG00000121039",1.85091855393554e-05
"ENSG00000007174",1.84561295376408e-05
"ENSG00000160584",1.84553996656937e-05
"ENSG00000135519",1.8442773489299e-05
"ENSG00000187796",1.84212619164132e-05
"ENSG00000011258",1.84189287073171e-05
"ENSG00000100448",1.84142659859159e-05
"ENSG00000196867",1.84019427442411e-05
"ENSG00000062582",1.83791467832033e-05
"ENSG00000105127",1.83672414034025e-05
"ENSG00000102024",1.83515523687453e-05
"ENSG00000189369",1.83484462841676e-05
"ENSG00000106785",1.83463531623894e-05
"ENSG00000108733",1.83187505023404e-05
"ENSG00000276293",1.83118649428314e-05
"ENSG00000166263",1.83098562289677e-05
"ENSG00000130433",1.82805884387165e-05
"ENSG00000120903",1.82678581080739e-05
"ENSG00000256771",1.82521776406454e-05
"ENSG00000171121",1.82396399883406e-05
"ENSG00000244405",1.82339484428647e-05
"ENSG00000154079",1.82213694601764e-05
"ENSG00000108352",1.82172997399994e-05
"ENSG00000141013",1.82122501053175e-05
"ENSG00000154319",1.81891489424763e-05
"ENSG00000155816",1.81838954537815e-05
"ENSG00000205189",1.81712756869515e-05
"ENSG00000163467",1.81679854713566e-05
"ENSG00000146223",1.81678663085131e-05
"ENSG00000151650",1.81625219539957e-05
"ENSG00000172466",1.81623599450858e-05
"ENSG00000167107",1.81387343551252e-05
"ENSG00000257218",1.81371135906271e-05
"ENSG00000147488",1.81370444142346e-05
"ENSG00000128915",1.81342473625666e-05
"ENSG00000169169",1.81304571273976e-05
"ENSG00000135116",1.81263722561237e-05
"ENSG00000174123",1.81243393642325e-05
"ENSG00000154114",1.8098102447817e-05
"ENSG00000160058",1.80869553048193e-05
"ENSG00000241945",1.80818743451859e-05
"ENSG00000196678",1.80592719508996e-05
"ENSG00000111196",1.80321385761854e-05
"ENSG00000121152",1.8028836289388e-05
"ENSG00000188886",1.80197210701666e-05
"ENSG00000118513",1.80085448106119e-05
"ENSG00000091536",1.80074291474822e-05
"ENSG00000233757",1.8006704352832e-05
"ENSG00000110944",1.80037726980498e-05
"ENSG00000105519",1.79955244343373e-05
"ENSG00000188706",1.79666235630318e-05
"ENSG00000176049",1.79488223621301e-05
"ENSG00000162063",1.79480995644659e-05
"ENSG00000092200",1.79271416660291e-05
"ENSG00000206052",1.79099290622552e-05
"ENSG00000143333",1.78960764736794e-05
"ENSG00000089091",1.78673725470774e-05
"ENSG00000163126",1.78668484642433e-05
"ENSG00000141316",1.78639041487623e-05
"ENSG00000155962",1.78515926619593e-05
"ENSG00000173068",1.78456543185463e-05
"ENSG00000152760",1.7831355032856e-05
"ENSG00000019995",1.78277201954319e-05
"ENSG00000130487",1.78159476943835e-05
"ENSG00000111707",1.78061985962289e-05
"ENSG00000168781",1.78023549484094e-05
"ENSG00000143847",1.7798410019052e-05
"ENSG00000197599",1.77932054910758e-05
"ENSG00000251192",1.77800430825981e-05
"ENSG00000179915",1.77755317784802e-05
"ENSG00000147650",1.77599170713809e-05
"ENSG00000176714",1.77479180462726e-05
"ENSG00000144642",1.77476312606007e-05
"ENSG00000168061",1.77387518930672e-05
"ENSG00000091651",1.77385036455234e-05
"ENSG00000132970",1.77286665064838e-05
"ENSG00000168758",1.77269214038815e-05
"ENSG00000138311",1.77212846883352e-05
"ENSG00000166803",1.77151138548483e-05
"ENSG00000105865",1.77126656303406e-05
"ENSG00000104524",1.76996400557578e-05
"ENSG00000110777",1.76945293232778e-05
"ENSG00000085831",1.76943679246697e-05
"ENSG00000091879",1.76768668737768e-05
"ENSG00000174371",1.76346241706396e-05
"ENSG00000185052",1.76193857120206e-05
"ENSG00000167981",1.7614083632389e-05
"ENSG00000128594",1.76127007723842e-05
"ENSG00000124406",1.76125221344854e-05
"ENSG00000127995",1.76108890011165e-05
"ENSG00000164080",1.75861154970364e-05
"ENSG00000133059",1.75772113721663e-05
"ENSG00000112486",1.75744689632418e-05
"ENSG00000084731",1.7573686101705e-05
"ENSG00000123297",1.75656363196937e-05
"ENSG00000124302",1.75626920749858e-05
"ENSG00000214787",1.7540724616462e-05
"ENSG00000172469",1.75401031757387e-05
"ENSG00000165959",1.75336146595014e-05
"ENSG00000089486",1.74934080580111e-05
"ENSG00000276747",1.74565197174226e-05
"ENSG00000198464",1.74436078254104e-05
"ENSG00000120539",1.74395386502812e-05
"ENSG00000111254",1.74258974647722e-05
"ENSG00000111057",1.73966290513355e-05
"ENSG00000125971",1.73914894764961e-05
"ENSG00000080561",1.7380985785707e-05
"ENSG00000065534",1.73741777717658e-05
"ENSG00000205323",1.7342954435927e-05
"ENSG00000134532",1.73406533231925e-05
"ENSG00000167680",1.73284558815886e-05
"ENSG00000101447",1.73248980207171e-05
"ENSG00000137857",1.73242357680104e-05
"ENSG00000196172",1.73138139449206e-05
"ENSG00000046653",1.73134101810459e-05
"ENSG00000168487",1.72900901496796e-05
"ENSG00000164741",1.72818850854394e-05
"ENSG00000165568",1.72749774055272e-05
"ENSG00000010704",1.72610495468801e-05
"ENSG00000164603",1.72556395005899e-05
"ENSG00000184661",1.72542659839019e-05
"ENSG00000163666",1.72514282134699e-05
"ENSG00000068784",1.72406651120447e-05
"ENSG00000183092",1.72395723567623e-05
"ENSG00000166153",1.72384583822122e-05
"ENSG00000163590",1.72341015330856e-05
"ENSG00000175564",1.72317630939787e-05
"ENSG00000186118",1.72133859487178e-05
"ENSG00000169962",1.72105661560624e-05
"ENSG00000166068",1.72036912355598e-05
"ENSG00000167523",1.71950701481569e-05
"ENSG00000176438",1.71467172790324e-05
"ENSG00000130669",1.7134216875219e-05
"ENSG00000011590",1.71092811637396e-05
"ENSG00000167515",1.7094657701294e-05
"ENSG00000176994",1.70939720357722e-05
"ENSG00000165118",1.70836591262481e-05
"ENSG00000221890",1.70828919078257e-05
"ENSG00000136870",1.70715413910925e-05
"ENSG00000141096",1.70577786426401e-05
"ENSG00000116151",1.7052526792793e-05
"ENSG00000183576",1.70512947866511e-05
"ENSG00000104177",1.70490182340762e-05
"ENSG00000121753",1.70366827515311e-05
"ENSG00000185666",1.70352568963395e-05
"ENSG00000132122",1.70205735163867e-05
"ENSG00000130720",1.70072581135664e-05
"ENSG00000150455",1.69913369816769e-05
"ENSG00000124019",1.69911171332488e-05
"ENSG00000182158",1.69845326117145e-05
"ENSG00000065833",1.69783353871344e-05
"ENSG00000136842",1.6974805741355e-05
"ENSG00000198556",1.69567898850963e-05
"ENSG00000206053",1.69517397729288e-05
"ENSG00000124225",1.6951577982088e-05
"ENSG00000145241",1.69496861078907e-05
"ENSG00000177943",1.69427883935051e-05
"ENSG00000188996",1.6936024288276e-05
"ENSG00000196700",1.69096113615137e-05
"ENSG00000197275",1.69045983082218e-05
"ENSG00000213213",1.69003360687187e-05
"ENSG00000099937",1.68990295099388e-05
"ENSG00000197763",1.68917065098555e-05
"ENSG00000142156",1.68892385212933e-05
"ENSG00000181315",1.68891007243848e-05
"ENSG00000171657",1.68703762940148e-05
"ENSG00000167769",1.68652411146971e-05
"ENSG00000186462",1.68619038889707e-05
"ENSG00000142207",1.68601564778866e-05
"ENSG00000166741",1.68484188504216e-05
"ENSG00000105088",1.68423411802423e-05
"ENSG00000157766",1.68404641793398e-05
"ENSG00000254093",1.68342248438857e-05
"ENSG00000136231",1.68209171906672e-05
"ENSG00000160447",1.68131130091084e-05
"ENSG00000123094",1.68129824455258e-05
"ENSG00000172731",1.68114826015608e-05
"ENSG00000061656",1.67973451828526e-05
"ENSG00000137133",1.67782728044573e-05
"ENSG00000173542",1.67573207005703e-05
"ENSG00000174255",1.67508361931947e-05
"ENSG00000176472",1.67422867810406e-05
"ENSG00000213699",1.67348899419813e-05
"ENSG00000103494",1.67285578830056e-05
"ENSG00000100490",1.67243917047341e-05
"ENSG00000079308",1.6720660551636e-05
"ENSG00000108813",1.67193525558725e-05
"ENSG00000180263",1.67119792535292e-05
"ENSG00000171467",1.66939087857785e-05
"ENSG00000154040",1.66641305129547e-05
"ENSG00000197363",1.66544567473272e-05
"ENSG00000188375",1.66338979588453e-05
"ENSG00000166228",1.66297497117125e-05
"ENSG00000068976",1.66283820162036e-05
"ENSG00000198315",1.6600289781276e-05
"ENSG00000163554",1.65935342797924e-05
"ENSG00000167232",1.65555606207765e-05
"ENSG00000143382",1.65514199313572e-05
"ENSG00000139209",1.65473915763837e-05
"ENSG00000159208",1.65439208006327e-05
"ENSG00000204010",1.65272162396733e-05
"ENSG00000136866",1.65268227984548e-05
"ENSG00000123700",1.65177170652194e-05
"ENSG00000144712",1.65106822077434e-05
"ENSG00000143178",1.65088615465092e-05
"ENSG00000189269",1.65063500229726e-05
"ENSG00000143845",1.65051974858533e-05
"ENSG00000114204",1.64999672489368e-05
"ENSG00000005884",1.64946667954182e-05
"ENSG00000125319",1.64899964423087e-05
"ENSG00000102710",1.64758082605815e-05
"ENSG00000169247",1.64717962185991e-05
"ENSG00000152439",1.6459308431805e-05
"ENSG00000187475",1.6446013893092e-05
"ENSG00000104047",1.64330465787371e-05
"ENSG00000129315",1.6422824806472e-05
"ENSG00000150457",1.64178033068628e-05
"ENSG00000185272",1.64051452117856e-05
"ENSG00000089094",1.64021686890032e-05
"ENSG00000180113",1.63685897445012e-05
"ENSG00000162437",1.63659700541528e-05
"ENSG00000074660",1.63472427386569e-05
"ENSG00000100373",1.63434087761427e-05
"ENSG00000181938",1.63345516643708e-05
"ENSG00000089163",1.62848510222955e-05
"ENSG00000073737",1.6240535846669e-05
"ENSG00000132964",1.6223628036848e-05
"ENSG00000188352",1.62206817272925e-05
"ENSG00000236782",1.62191769591403e-05
"ENSG00000147687",1.62190636661392e-05
"ENSG00000011105",1.61888570541805e-05
"ENSG00000070371",1.61741350911236e-05
"ENSG00000145107",1.61667655700803e-05
"ENSG00000050730",1.61603765265479e-05
"ENSG00000261857",1.6158495562332e-05
"ENSG00000182310",1.61563481503552e-05
"ENSG00000173486",1.61515299916273e-05
"ENSG00000102001",1.61023556324064e-05
"ENSG00000170456",1.60902911176195e-05
"ENSG00000165810",1.60890242303777e-05
"ENSG00000184939",1.60679779533431e-05
"ENSG00000171160",1.60116116948585e-05
"ENSG00000108797",1.60041928402529e-05
"ENSG00000118997",1.60039627212933e-05
"ENSG00000171320",1.59953800964119e-05
"ENSG00000162551",1.59852524024083e-05
"ENSG00000135424",1.59787687466107e-05
"ENSG00000131845",1.59718176800107e-05
"ENSG00000185522",1.59632004030403e-05
"ENSG00000166402",1.5960457987379e-05
"ENSG00000158163",1.5954225224215e-05
"ENSG00000197296",1.59291138697629e-05
"ENSG00000163687",1.59289889683199e-05
"ENSG00000087303",1.59275445277904e-05
"ENSG00000221909",1.59052964244134e-05
"ENSG00000162779",1.58911620417153e-05
"ENSG00000077264",1.58602629069532e-05
"ENSG00000115353",1.58479089270477e-05
"ENSG00000135503",1.58448581606513e-05
"ENSG00000170819",1.58392450051783e-05
"ENSG00000197928",1.58226557522052e-05
"ENSG00000146707",1.58216220108152e-05
"ENSG00000140948",1.58049281282465e-05
"ENSG00000144406",1.5790833891526e-05
"ENSG00000078795",1.57580864189476e-05
"ENSG00000119906",1.57464442289259e-05
"ENSG00000174177",1.57447473146105e-05
"ENSG00000112319",1.57368678715206e-05
"ENSG00000120696",1.57253804951751e-05
"ENSG00000156886",1.57242723984665e-05
"ENSG00000123610",1.57188449542831e-05
"ENSG00000169814",1.56981900567132e-05
"ENSG00000184831",1.56926166762389e-05
"ENSG00000219626",1.5678462059261e-05
"ENSG00000160838",1.56411031948376e-05
"ENSG00000085465",1.56371901109764e-05
"ENSG00000139835",1.56334465676179e-05
"ENSG00000159905",1.56221527762771e-05
"ENSG00000234719",1.5621024834767e-05
"ENSG00000135744",1.56179727346443e-05
"ENSG00000011638",1.561723254927e-05
"ENSG00000128606",1.56112857948954e-05
"ENSG00000169519",1.55959417142512e-05
"ENSG00000112655",1.55905158992624e-05
"ENSG00000072952",1.55898280731081e-05
"ENSG00000214827",1.55826050338742e-05
"ENSG00000007866",1.55770832466879e-05
"ENSG00000152932",1.55745965853502e-05
"ENSG00000254866",1.55459900567268e-05
"ENSG00000057935",1.55229765557417e-05
"ENSG00000187583",1.55171128941622e-05
"ENSG00000149054",1.55147402117827e-05
"ENSG00000162576",1.55096851485669e-05
"ENSG00000257335",1.54942058992033e-05
"ENSG00000162378",1.54801530425876e-05
"ENSG00000165572",1.54582140592312e-05
"ENSG00000006704",1.5428848694747e-05
"ENSG00000118369",1.5427280862287e-05
"ENSG00000168916",1.54226888135264e-05
"ENSG00000197933",1.54076898284277e-05
"ENSG00000169679",1.53846058956401e-05
"ENSG00000157343",1.53798531497692e-05
"ENSG00000197442",1.5375720523047e-05
"ENSG00000166123",1.53706761680353e-05
"ENSG00000196437",1.53685602140379e-05
"ENSG00000108771",1.53669533645163e-05
"ENSG00000163945",1.53538977760352e-05
"ENSG00000003393",1.53481316618682e-05
"ENSG00000228716",1.53353222943765e-05
"ENSG00000170537",1.53310592907168e-05
"ENSG00000141219",1.53134052904956e-05
"ENSG00000130167",1.5312605970544e-05
"ENSG00000144115",1.52982333463388e-05
"ENSG00000130561",1.52862024879666e-05
"ENSG00000275379",1.52855393394977e-05
"ENSG00000101412",1.52799393459847e-05
"ENSG00000145284",1.52719818362204e-05
"ENSG00000141655",1.52707855458313e-05
"ENSG00000087076",1.52640737169089e-05
"ENSG00000155100",1.52593218594353e-05
"ENSG00000112309",1.5246914536687e-05
"ENSG00000204519",1.52434995866384e-05
"ENSG00000183655",1.52424406083443e-05
"ENSG00000060718",1.52354327120954e-05
"ENSG00000218891",1.52277462100896e-05
"ENSG00000197852",1.52086536384448e-05
"ENSG00000128536",1.51963318242741e-05
"ENSG00000197937",1.51875509443425e-05
"ENSG00000189143",1.51834499306121e-05
"ENSG00000022556",1.51760065989982e-05
"ENSG00000215193",1.51755308905574e-05
"ENSG00000196553",1.51740051689216e-05
"ENSG00000065923",1.51675374549953e-05
"ENSG00000104885",1.51641455206587e-05
"ENSG00000158966",1.51625720052465e-05
"ENSG00000181404",1.51581965347081e-05
"ENSG00000164411",1.51509962730757e-05
"ENSG00000171914",1.5143608877692e-05
"ENSG00000011426",1.51430884418119e-05
"ENSG00000158292",1.51405179912582e-05
"ENSG00000162944",1.51397269928497e-05
"ENSG00000177888",1.51396075420887e-05
"ENSG00000120254",1.51171113813183e-05
"ENSG00000177508",1.50948221653032e-05
"ENSG00000139324",1.50936483884229e-05
"ENSG00000113555",1.50919279280652e-05
"ENSG00000114473",1.50886448252111e-05
"ENSG00000172780",1.50695237275731e-05
"ENSG00000147606",1.50684814058172e-05
"ENSG00000066185",1.50282374991721e-05
"ENSG00000121594",1.50229369386794e-05
"ENSG00000187474",1.50213382619885e-05
"ENSG00000239961",1.50032790345342e-05
"ENSG00000163050",1.4957528090903e-05
"ENSG00000150967",1.49514782914076e-05
"ENSG00000196793",1.49486530865208e-05
"ENSG00000174837",1.49272604574743e-05
"ENSG00000117016",1.49187470529837e-05
"ENSG00000168795",1.49173703565563e-05
"ENSG00000012048",1.4912768128781e-05
"ENSG00000144290",1.49091980319854e-05
"ENSG00000132017",1.49078761989805e-05
"ENSG00000168255",1.48975101659217e-05
"ENSG00000158813",1.48797605312301e-05
"ENSG00000103316",1.48684548529558e-05
"ENSG00000189057",1.48424286332352e-05
"ENSG00000137331",1.48263900821339e-05
"ENSG00000091428",1.48093619540496e-05
"ENSG00000149970",1.48034598500104e-05
"ENSG00000120645",1.47930064654976e-05
"ENSG00000187260",1.47855696807053e-05
"ENSG00000204580",1.47837933961828e-05
"ENSG00000170955",1.47770662083903e-05
"ENSG00000122477",1.47752735060647e-05
"ENSG00000165973",1.47261607993545e-05
"ENSG00000187801",1.47140630634907e-05
"ENSG00000124608",1.47047080394957e-05
"ENSG00000130413",1.47014364295214e-05
"ENSG00000169957",1.4697742161604e-05
"ENSG00000162433",1.46753515331641e-05
"ENSG00000088882",1.46718711865066e-05
"ENSG00000214456",1.46619183820018e-05
"ENSG00000172247",1.46544899716994e-05
"ENSG00000106819",1.46507343553662e-05
"ENSG00000250138",1.46396362482924e-05
"ENSG00000154240",1.46206671551555e-05
"ENSG00000213512",1.46198907761395e-05
"ENSG00000143373",1.45637740579218e-05
"ENSG00000278540",1.45522706096602e-05
"ENSG00000232838",1.45519510479304e-05
"ENSG00000197467",1.45517397839463e-05
"ENSG00000174529",1.4543738732545e-05
"ENSG00000170871",1.45330721183035e-05
"ENSG00000284308",1.45302295229434e-05
"ENSG00000180855",1.45268970868749e-05
"ENSG00000182327",1.452602751016e-05
"ENSG00000167074",1.45207445699481e-05
"ENSG00000162692",1.45025780779512e-05
"ENSG00000166840",1.44950058965057e-05
"ENSG00000181135",1.44839150865582e-05
"ENSG00000124116",1.44789020231682e-05
"ENSG00000166965",1.44730746998483e-05
"ENSG00000168152",1.44725535337201e-05
"ENSG00000105928",1.44652713637632e-05
"ENSG00000116285",1.44630511681815e-05
"ENSG00000170236",1.44573832015001e-05
"ENSG00000175787",1.44538215529839e-05
"ENSG00000164707",1.4450223768787e-05
"ENSG00000145526",1.44479922227786e-05
"ENSG00000173705",1.44358511217073e-05
"ENSG00000156052",1.44197702131395e-05
"ENSG00000067113",1.44154936281611e-05
"ENSG00000101000",1.44128425989112e-05
"ENSG00000180543",1.44037358191942e-05
"ENSG00000125650",1.43968361358928e-05
"ENSG00000135451",1.43923892099524e-05
"ENSG00000196421",1.43923300859643e-05
"ENSG00000198039",1.43816514094682e-05
"ENSG00000262165",1.43777531198093e-05
"ENSG00000104951",1.43601725049499e-05
"ENSG00000128923",1.4357537453204e-05
"ENSG00000107758",1.43535326310798e-05
"ENSG00000055957",1.43450390122439e-05
"ENSG00000079313",1.43358837994644e-05
"ENSG00000169129",1.43301298896222e-05
"ENSG00000198954",1.43119968134593e-05
"ENSG00000116138",1.43113223797305e-05
"ENSG00000205927",1.43039499322982e-05
"ENSG00000198099",1.42972091615829e-05
"ENSG00000204396",1.42860146008524e-05
"ENSG00000267508",1.42823879406113e-05
"ENSG00000172062",1.42785441002056e-05
"ENSG00000125869",1.42540724297754e-05
"ENSG00000175414",1.42534170634477e-05
"ENSG00000168517",1.42476212619817e-05
"ENSG00000188227",1.422701684085e-05
"ENSG00000198064",1.42050157142807e-05
"ENSG00000054793",1.41999543171807e-05
"ENSG00000167377",1.41899748109838e-05
"ENSG00000064989",1.41710588184128e-05
"ENSG00000127366",1.4171049962637e-05
"ENSG00000167562",1.41632311106471e-05
"ENSG00000153291",1.41573621006789e-05
"ENSG00000172888",1.41547562031787e-05
"ENSG00000214558",1.41481209135283e-05
"ENSG00000198881",1.41480197343073e-05
"ENSG00000130202",1.41376517567822e-05
"ENSG00000106367",1.41315172639161e-05
"ENSG00000141665",1.41201261662968e-05
"ENSG00000177465",1.41134383499264e-05
"ENSG00000162745",1.41132729672618e-05
"ENSG00000165480",1.41043648131362e-05
"ENSG00000008256",1.40625982979089e-05
"ENSG00000152894",1.4059712442797e-05
"ENSG00000142784",1.40518722920186e-05
"ENSG00000215915",1.40349424114636e-05
"ENSG00000140332",1.40320025012946e-05
"ENSG00000139540",1.40253621283667e-05
"ENSG00000256806",1.40159934541441e-05
"ENSG00000074964",1.40123811643943e-05
"ENSG00000104953",1.40079383521477e-05
"ENSG00000173621",1.40056515893553e-05
"ENSG00000184434",1.40020744184827e-05
"ENSG00000163746",1.39996109495567e-05
"ENSG00000154914",1.39961939620907e-05
"ENSG00000196981",1.39952725658569e-05
"ENSG00000085840",1.39934469198163e-05
"ENSG00000137310",1.3963388822977e-05
"ENSG00000164053",1.3938852587719e-05
"ENSG00000178222",1.39353187654811e-05
"ENSG00000257524",1.39299164240379e-05
"ENSG00000125510",1.39152634512726e-05
"ENSG00000171962",1.39127852556224e-05
"ENSG00000119865",1.38948537635277e-05
"ENSG00000197857",1.38916297828681e-05
"ENSG00000170579",1.38881565636935e-05
"ENSG00000135144",1.38795300606762e-05
"ENSG00000181074",1.38765038105048e-05
"ENSG00000175206",1.38733830273211e-05
"ENSG00000177294",1.38724818194051e-05
"ENSG00000164402",1.38710671555645e-05
"ENSG00000148600",1.38603136666149e-05
"ENSG00000157833",1.38551291794089e-05
"ENSG00000153936",1.38532452571556e-05
"ENSG00000155980",1.38502047079585e-05
"ENSG00000148143",1.38498343526463e-05
"ENSG00000126947",1.38395475810489e-05
"ENSG00000109163",1.38349912581391e-05
"ENSG00000185621",1.38179421147212e-05
"ENSG00000154429",1.38147366250583e-05
"ENSG00000108187",1.38120163516328e-05
"ENSG00000179240",1.3794672367314e-05
"ENSG00000171703",1.37867059418872e-05
"ENSG00000132517",1.37692068829511e-05
"ENSG00000264522",1.3751399723018e-05
"ENSG00000124564",1.37496967324168e-05
"ENSG00000144285",1.37245133258086e-05
"ENSG00000125257",1.37036303647439e-05
"ENSG00000183801",1.37022317865498e-05
"ENSG00000147160",1.36978429097187e-05
"ENSG00000106351",1.36945700239913e-05
"ENSG00000215704",1.36911523208065e-05
"ENSG00000165985",1.36501886887944e-05
"ENSG00000253250",1.36420452755809e-05
"ENSG00000149256",1.36095727915044e-05
"ENSG00000173950",1.3602089772558e-05
"ENSG00000177707",1.36000901138256e-05
"ENSG00000112144",1.3598632994876e-05
"ENSG00000068323",1.35754996107989e-05
"ENSG00000150783",1.35728579622757e-05
"ENSG00000131711",1.35709637036772e-05
"ENSG00000137338",1.35638383778898e-05
"ENSG00000140025",1.35539227778367e-05
"ENSG00000154175",1.35515980388364e-05
"ENSG00000122679",1.35409391694172e-05
"ENSG00000117791",1.35388860572927e-05
"ENSG00000179364",1.35378359094315e-05
"ENSG00000051382",1.35255773889995e-05
"ENSG00000180535",1.35115878017808e-05
"ENSG00000183160",1.35107273547634e-05
"ENSG00000168306",1.34976257864691e-05
"ENSG00000031081",1.34970665388723e-05
"ENSG00000232434",1.34791235394842e-05
"ENSG00000021826",1.34744369128581e-05
"ENSG00000170485",1.34720664643807e-05
"ENSG00000134193",1.3466890914979e-05
"ENSG00000163626",1.34605453838721e-05
"ENSG00000182993",1.34601509204223e-05
"ENSG00000167554",1.34531263482518e-05
"ENSG00000137103",1.3446399249632e-05
"ENSG00000141294",1.34415083936818e-05
"ENSG00000205213",1.34314450682349e-05
"ENSG00000108556",1.34027618026657e-05
"ENSG00000161640",1.33936588048283e-05
"ENSG00000132837",1.33887592025357e-05
"ENSG00000107362",1.33841577889868e-05
"ENSG00000111665",1.33826955329958e-05
"ENSG00000143994",1.33809780154882e-05
"ENSG00000221994",1.33779017738597e-05
"ENSG00000213967",1.33771009675351e-05
"ENSG00000172819",1.33757494242336e-05
"ENSG00000103269",1.33636178622192e-05
"ENSG00000147437",1.33500052242216e-05
"ENSG00000184992",1.3347633359448e-05
"ENSG00000162688",1.33427221230401e-05
"ENSG00000187624",1.33422829226564e-05
"ENSG00000158806",1.33292204377385e-05
"ENSG00000001630",1.33180499957982e-05
"ENSG00000150556",1.33154768044409e-05
"ENSG00000141646",1.33037787728967e-05
"ENSG00000181544",1.32990568584691e-05
"ENSG00000278558",1.32837897150892e-05
"ENSG00000197889",1.32773073107945e-05
"ENSG00000159189",1.32335506725154e-05
"ENSG00000143552",1.32177539105009e-05
"ENSG00000139610",1.3217600260088e-05
"ENSG00000168005",1.31925025692703e-05
"ENSG00000081052",1.31918104127638e-05
"ENSG00000166920",1.31850796375708e-05
"ENSG00000168116",1.31837112157297e-05
"ENSG00000175497",1.31721629590655e-05
"ENSG00000134901",1.31693679538624e-05
"ENSG00000023572",1.31677704216339e-05
"ENSG00000165046",1.31655398801484e-05
"ENSG00000186522",1.31629547020922e-05
"ENSG00000189056",1.3160661398913e-05
"ENSG00000196456",1.31454342761065e-05
"ENSG00000123892",1.31432110127467e-05
"ENSG00000148488",1.31369063436514e-05
"ENSG00000154099",1.31269843200178e-05
"ENSG00000232112",1.31261861151623e-05
"ENSG00000169071",1.31244033035123e-05
"ENSG00000120071",1.31177137992964e-05
"ENSG00000163705",1.31127705983551e-05
"ENSG00000157578",1.31067331078689e-05
"ENSG00000229314",1.31050980326615e-05
"ENSG00000138068",1.31001614095476e-05
"ENSG00000205702",1.30985473377438e-05
"ENSG00000173548",1.30962198767767e-05
"ENSG00000240445",1.30941952607007e-05
"ENSG00000156869",1.30916747615166e-05
"ENSG00000241484",1.30881835794869e-05
"ENSG00000224420",1.30707626011775e-05
"ENSG00000028116",1.30634174967027e-05
"ENSG00000263155",1.30631282284101e-05
"ENSG00000132481",1.30588029192736e-05
"ENSG00000107018",1.30579426094409e-05
"ENSG00000115109",1.30534121253425e-05
"ENSG00000106992",1.3049467436806e-05
"ENSG00000019144",1.30364872551397e-05
"ENSG00000128383",1.30308444616042e-05
"ENSG00000196597",1.30253707600593e-05
"ENSG00000102174",1.30142340189603e-05
"ENSG00000146242",1.30084490115852e-05
"ENSG00000183230",1.30015423484927e-05
"ENSG00000183439",1.29943880089416e-05
"ENSG00000109471",1.29934460937142e-05
"ENSG00000164916",1.29771325252008e-05
"ENSG00000138079",1.29718429628004e-05
"ENSG00000158092",1.29569794546862e-05
"ENSG00000117411",1.29470031059666e-05
"ENSG00000129810",1.29462784257995e-05
"ENSG00000213533",1.29460838841818e-05
"ENSG00000168939",1.29383826018989e-05
"ENSG00000170482",1.29370944887837e-05
"ENSG00000186642",1.29340255403496e-05
"ENSG00000109674",1.29268307617537e-05
"ENSG00000149554",1.29250957278304e-05
"ENSG00000065618",1.29247729721421e-05
"ENSG00000013619",1.29242768471045e-05
"ENSG00000148541",1.28841702013865e-05
"ENSG00000162892",1.28786952141798e-05
"ENSG00000181019",1.28656367214949e-05
"ENSG00000176371",1.2861173725822e-05
"ENSG00000176401",1.28532273728743e-05
"ENSG00000140022",1.28419964596672e-05
"ENSG00000126070",1.28212179584883e-05
"ENSG00000173401",1.28151431432466e-05
"ENSG00000168826",1.2814513957995e-05
"ENSG00000131037",1.28142044385497e-05
"ENSG00000169291",1.28011077233285e-05
"ENSG00000100154",1.27985980513685e-05
"ENSG00000170298",1.27972850499836e-05
"ENSG00000204634",1.27915260276161e-05
"ENSG00000188958",1.27857476752286e-05
"ENSG00000169933",1.27818007111209e-05
"ENSG00000078114",1.27704343094175e-05
"ENSG00000275023",1.27651119268967e-05
"ENSG00000132464",1.27519257202147e-05
"ENSG00000171729",1.27516969525452e-05
"ENSG00000122035",1.27381454162184e-05
"ENSG00000152749",1.27360555350405e-05
"ENSG00000188167",1.27335502778719e-05
"ENSG00000119630",1.27321211896098e-05
"ENSG00000141568",1.27226670060087e-05
"ENSG00000116761",1.27201483656775e-05
"ENSG00000122824",1.27085182282051e-05
"ENSG00000166928",1.27045653117916e-05
"ENSG00000166035",1.27040350732009e-05
"ENSG00000156219",1.2702627645659e-05
"ENSG00000187736",1.26991825146537e-05
"ENSG00000122711",1.26966165783308e-05
"ENSG00000104901",1.26937533461844e-05
"ENSG00000166592",1.26877496380731e-05
"ENSG00000095637",1.26856197734109e-05
"ENSG00000106013",1.26666791526667e-05
"ENSG00000158560",1.2654155862849e-05
"ENSG00000198756",1.26511838719054e-05
"ENSG00000179588",1.26418574659978e-05
"ENSG00000181031",1.26412973952039e-05
"ENSG00000118492",1.26116937896275e-05
"ENSG00000100147",1.26071430999359e-05
"ENSG00000163535",1.26034036561693e-05
"ENSG00000183134",1.26021821268342e-05
"ENSG00000168994",1.26001812764654e-05
"ENSG00000189409",1.25960226272363e-05
"ENSG00000150337",1.25960152183058e-05
"ENSG00000071282",1.25949092701675e-05
"ENSG00000051341",1.2592579140967e-05
"ENSG00000189045",1.25850619718323e-05
"ENSG00000188522",1.25715211816509e-05
"ENSG00000217930",1.25692307246559e-05
"ENSG00000140905",1.25477340879726e-05
"ENSG00000128242",1.25348897167932e-05
"ENSG00000161551",1.25340291261781e-05
"ENSG00000006468",1.25315476957855e-05
"ENSG00000138778",1.25283081590931e-05
"ENSG00000170379",1.25265028231349e-05
"ENSG00000247746",1.25229427535105e-05
"ENSG00000226314",1.25195923591972e-05
"ENSG00000197020",1.25081903721508e-05
"ENSG00000203872",1.25070571100763e-05
"ENSG00000129480",1.24919019573461e-05
"ENSG00000135482",1.2484742408836e-05
"ENSG00000243811",1.2470386143218e-05
"ENSG00000223573",1.24663262944961e-05
"ENSG00000143951",1.24497364792464e-05
"ENSG00000151090",1.24415788315783e-05
"ENSG00000161692",1.24413284737037e-05
"ENSG00000214872",1.24374816238001e-05
"ENSG00000169155",1.2437366035041e-05
"ENSG00000267360",1.24367579607455e-05
"ENSG00000162065",1.24355793095128e-05
"ENSG00000135914",1.24161726233092e-05
"ENSG00000138111",1.23987096132065e-05
"ENSG00000100350",1.23956500350741e-05
"ENSG00000123360",1.23927054653194e-05
"ENSG00000151575",1.23813943503214e-05
"ENSG00000137070",1.23773864119102e-05
"ENSG00000197992",1.2370345127499e-05
"ENSG00000171631",1.23626499635078e-05
"ENSG00000198892",1.23532908380717e-05
"ENSG00000040199",1.2347434979118e-05
"ENSG00000196118",1.23458745502474e-05
"ENSG00000144481",1.23336181810329e-05
"ENSG00000184465",1.23141663093057e-05
"ENSG00000179104",1.23099838551736e-05
"ENSG00000008300",1.23091353055023e-05
"ENSG00000136895",1.23071878510371e-05
"ENSG00000166342",1.23058924201688e-05
"ENSG00000147804",1.22927085347142e-05
"ENSG00000140470",1.22868543177184e-05
"ENSG00000128191",1.22828978005745e-05
"ENSG00000237649",1.22818684799289e-05
"ENSG00000196431",1.22707278288495e-05
"ENSG00000122861",1.22694657982735e-05
"ENSG00000111886",1.22651193507941e-05
"ENSG00000164122",1.22638303632431e-05
"ENSG00000168612",1.22601435283744e-05
"ENSG00000166147",1.22586936764461e-05
"ENSG00000092295",1.22586470554242e-05
"ENSG00000165507",1.22556873465349e-05
"ENSG00000168813",1.22555147785017e-05
"ENSG00000151806",1.22501825989579e-05
"ENSG00000137821",1.22412187576367e-05
"ENSG00000183020",1.22354286632881e-05
"ENSG00000276023",1.22250180322706e-05
"ENSG00000117266",1.22178948171637e-05
"ENSG00000196550",1.22074178574215e-05
"ENSG00000184368",1.22073346650194e-05
"ENSG00000160683",1.2206540127466e-05
"ENSG00000145220",1.21973121219982e-05
"ENSG00000175183",1.21691466117456e-05
"ENSG00000067798",1.21687669712611e-05
"ENSG00000108688",1.21663500948968e-05
"ENSG00000176510",1.21594768969886e-05
"ENSG00000101986",1.21581714614626e-05
"ENSG00000132313",1.21512351485162e-05
"ENSG00000131470",1.214308662734e-05
"ENSG00000139194",1.21389962210384e-05
"ENSG00000241962",1.21345023537754e-05
"ENSG00000139914",1.21297275673066e-05
"ENSG00000178404",1.21199725068908e-05
"ENSG00000100985",1.21179125346076e-05
"ENSG00000130052",1.20953395813255e-05
"ENSG00000142621",1.20815887646964e-05
"ENSG00000152463",1.20774662526848e-05
"ENSG00000176383",1.20771564372139e-05
"ENSG00000114450",1.20704784615036e-05
"ENSG00000198883",1.20673107758605e-05
"ENSG00000127418",1.20666028903775e-05
"ENSG00000073584",1.20608650189905e-05
"ENSG00000053747",1.20524650367453e-05
"ENSG00000181392",1.20520843252786e-05
"ENSG00000197816",1.20503911453266e-05
"ENSG00000048471",1.20267921302192e-05
"ENSG00000107186",1.20145722982348e-05
"ENSG00000198205",1.20132039385529e-05
"ENSG00000182318",1.2012970820224e-05
"ENSG00000171790",1.20046035823141e-05
"ENSG00000260428",1.1998428972385e-05
"ENSG00000117477",1.19943476731765e-05
"ENSG00000256229",1.19798639823332e-05
"ENSG00000163995",1.19609963667369e-05
"ENSG00000196569",1.19529817291653e-05
"ENSG00000152782",1.19509964270607e-05
"ENSG00000012223",1.19298435741759e-05
"ENSG00000164877",1.19275143139263e-05
"ENSG00000151208",1.19251685211043e-05
"ENSG00000089041",1.19185379154498e-05
"ENSG00000106701",1.1915076732463e-05
"ENSG00000147206",1.19065632297712e-05
"ENSG00000113494",1.18902061547775e-05
"ENSG00000055118",1.18898636954539e-05
"ENSG00000171916",1.18853420794173e-05
"ENSG00000162670",1.18850471262889e-05
"ENSG00000152952",1.18831047798877e-05
"ENSG00000172717",1.18823944356026e-05
"ENSG00000148835",1.18802719150057e-05
"ENSG00000164825",1.18693769382184e-05
"ENSG00000123485",1.18660163991367e-05
"ENSG00000101695",1.18412147776104e-05
"ENSG00000075223",1.18399451674036e-05
"ENSG00000204815",1.18391703002167e-05
"ENSG00000132554",1.18196085242032e-05
"ENSG00000189376",1.18190928483662e-05
"ENSG00000120915",1.18167832726012e-05
"ENSG00000205209",1.18115321890458e-05
"ENSG00000137434",1.18107439325419e-05
"ENSG00000264343",1.17975142875331e-05
"ENSG00000126460",1.17771577257576e-05
"ENSG00000146858",1.17730155890361e-05
"ENSG00000037897",1.17728282008305e-05
"ENSG00000174326",1.17683240961323e-05
"ENSG00000137269",1.17666316993775e-05
"ENSG00000163528",1.17642953012174e-05
"ENSG00000214309",1.17560319674976e-05
"ENSG00000130529",1.17486809500075e-05
"ENSG00000180592",1.17418800417748e-05
"ENSG00000144681",1.17274597013799e-05
"ENSG00000160318",1.17263438193573e-05
"ENSG00000116991",1.17235990766986e-05
"ENSG00000277462",1.17109181948037e-05
"ENSG00000106278",1.16988535661171e-05
"ENSG00000181649",1.16951557267144e-05
"ENSG00000162078",1.16912505992529e-05
"ENSG00000162885",1.16892685395861e-05
"ENSG00000225110",1.16837460744701e-05
"ENSG00000073605",1.16832798881436e-05
"ENSG00000074527",1.16832309857153e-05
"ENSG00000173391",1.16786846099234e-05
"ENSG00000187950",1.16660399353805e-05
"ENSG00000095932",1.16639784480512e-05
"ENSG00000167363",1.16608192358127e-05
"ENSG00000158874",1.16549069790716e-05
"ENSG00000115594",1.16451062373828e-05
"ENSG00000205517",1.16403201823377e-05
"ENSG00000171444",1.16334676302785e-05
"ENSG00000107201",1.16255876425075e-05
"ENSG00000137185",1.16163790778921e-05
"ENSG00000181109",1.1613543615288e-05
"ENSG00000170191",1.16063216714538e-05
"ENSG00000183077",1.16022131157836e-05
"ENSG00000172728",1.15914398881495e-05
"ENSG00000198939",1.15898563693946e-05
"ENSG00000144130",1.15890496089437e-05
"ENSG00000203737",1.15881562644785e-05
"ENSG00000162881",1.15842140660465e-05
"ENSG00000164082",1.15757262908982e-05
"ENSG00000160746",1.15598848315578e-05
"ENSG00000136425",1.15594791301451e-05
"ENSG00000092330",1.15524734926314e-05
"ENSG00000179046",1.15478325044299e-05
"ENSG00000261341",1.15472748484171e-05
"ENSG00000132749",1.15462021765341e-05
"ENSG00000138587",1.15459466258465e-05
"ENSG00000215883",1.15362586541981e-05
"ENSG00000168743",1.15325415769129e-05
"ENSG00000107562",1.15314259535005e-05
"ENSG00000198133",1.15236135514994e-05
"ENSG00000005001",1.15202369982731e-05
"ENSG00000166482",1.15147687544481e-05
"ENSG00000172345",1.15128533318258e-05
"ENSG00000198910",1.15046702309038e-05
"ENSG00000239789",1.15040305894666e-05
"ENSG00000152455",1.1502496125057e-05
"ENSG00000103599",1.14998511736459e-05
"ENSG00000198088",1.14971611021065e-05
"ENSG00000076555",1.14970812035569e-05
"ENSG00000262814",1.14956097322988e-05
"ENSG00000160117",1.14921120555246e-05
"ENSG00000128039",1.14913702125885e-05
"ENSG00000143452",1.14859806714146e-05
"ENSG00000115963",1.14695011423781e-05
"ENSG00000160360",1.14649364553817e-05
"ENSG00000079385",1.14560030302623e-05
"ENSG00000020577",1.14539263889658e-05
"ENSG00000146147",1.14466634681962e-05
"ENSG00000118514",1.14315499260562e-05
"ENSG00000134853",1.14225249108363e-05
"ENSG00000162526",1.14136280858966e-05
"ENSG00000167566",1.14105347632701e-05
"ENSG00000163806",1.1404059705386e-05
"ENSG00000056277",1.14001929287482e-05
"ENSG00000138092",1.13889551191433e-05
"ENSG00000153982",1.13875725481566e-05
"ENSG00000065717",1.1379381480801e-05
"ENSG00000119915",1.13757178896905e-05
"ENSG00000243646",1.1368342916762e-05
"ENSG00000021574",1.13643228692309e-05
"ENSG00000047932",1.13585035530032e-05
"ENSG00000165338",1.13519123703253e-05
"ENSG00000187045",1.1342555607428e-05
"ENSG00000111962",1.12922353266389e-05
"ENSG00000031823",1.12884580563497e-05
"ENSG00000161647",1.12857842830124e-05
"ENSG00000006432",1.12686389537957e-05
"ENSG00000088727",1.12670583245553e-05
"ENSG00000205238",1.12627304369264e-05
"ENSG00000183273",1.12611678895503e-05
"ENSG00000174482",1.12583271815138e-05
"ENSG00000203778",1.12571948066813e-05
"ENSG00000134716",1.12442372324277e-05
"ENSG00000123191",1.12389243456149e-05
"ENSG00000111490",1.12223958433832e-05
"ENSG00000154654",1.12165047679523e-05
"ENSG00000186281",1.12118820240495e-05
"ENSG00000214944",1.12109330134485e-05
"ENSG00000143199",1.12101378337259e-05
"ENSG00000158423",1.12092153172043e-05
"ENSG00000196104",1.12066143405473e-05
"ENSG00000108576",1.12013672687623e-05
"ENSG00000011465",1.12007522916846e-05
"ENSG00000176732",1.11964483523311e-05
"ENSG00000035687",1.11826757520284e-05
"ENSG00000137054",1.11819831171054e-05
"ENSG00000136636",1.11695899658223e-05
"ENSG00000112208",1.11630881851068e-05
"ENSG00000166689",1.11541303290055e-05
"ENSG00000139974",1.1153298817213e-05
"ENSG00000139998",1.11523879410449e-05
"ENSG00000197279",1.11473346735545e-05
"ENSG00000115718",1.11467456434817e-05
"ENSG00000178078",1.11440699661254e-05
"ENSG00000133019",1.11399678547648e-05
"ENSG00000147082",1.11361661316402e-05
"ENSG00000164484",1.11269772459044e-05
"ENSG00000265817",1.11105591763654e-05
"ENSG00000155329",1.11074476724741e-05
"ENSG00000127329",1.11025304390696e-05
"ENSG00000151164",1.10979061882109e-05
"ENSG00000108950",1.10915026035923e-05
"ENSG00000184304",1.10849715844404e-05
"ENSG00000187566",1.108074861209e-05
"ENSG00000103534",1.10712415026258e-05
"ENSG00000153347",1.10622589401572e-05
"ENSG00000196411",1.10611187698096e-05
"ENSG00000150477",1.10584834315253e-05
"ENSG00000146143",1.10518126877331e-05
"ENSG00000180008",1.10501048547039e-05
"ENSG00000166743",1.10463662369365e-05
"ENSG00000066084",1.1044744160343e-05
"ENSG00000143127",1.1037684356376e-05
"ENSG00000147118",1.10349208033804e-05
"ENSG00000253506",1.10142518835127e-05
"ENSG00000196664",1.10030842773626e-05
"ENSG00000146909",1.09941546634564e-05
"ENSG00000120875",1.09919900353727e-05
"ENSG00000270011",1.09916841348464e-05
"ENSG00000196275",1.09843911162183e-05
"ENSG00000179603",1.09823794031359e-05
"ENSG00000269720",1.09823570481515e-05
"ENSG00000129473",1.09695709973296e-05
"ENSG00000160051",1.09538474105878e-05
"ENSG00000145362",1.09529665997383e-05
"ENSG00000164418",1.09490760233507e-05
"ENSG00000131355",1.09489740445041e-05
"ENSG00000172840",1.09370369241993e-05
"ENSG00000196220",1.09332861727445e-05
"ENSG00000137802",1.0925063294769e-05
"ENSG00000160867",1.09176987630388e-05
"ENSG00000105974",1.09126366130518e-05
"ENSG00000198795",1.08897741060937e-05
"ENSG00000105711",1.08889031836121e-05
"ENSG00000176125",1.08869127807381e-05
"ENSG00000111261",1.08760424701594e-05
"ENSG00000183837",1.08727466671968e-05
"ENSG00000124920",1.0865182133118e-05
"ENSG00000198369",1.08547965507182e-05
"ENSG00000106823",1.08539714034458e-05
"ENSG00000215262",1.08415700414863e-05
"ENSG00000258465",1.08393790850434e-05
"ENSG00000225830",1.08368340480734e-05
"ENSG00000156453",1.08347855843815e-05
"ENSG00000183150",1.08285396712744e-05
"ENSG00000179399",1.0825953234989e-05
"ENSG00000143434",1.08251188917383e-05
"ENSG00000091138",1.08056183892448e-05
"ENSG00000123342",1.07942737985378e-05
"ENSG00000176894",1.07900843207501e-05
"ENSG00000198169",1.07853850315332e-05
"ENSG00000124507",1.07780210834866e-05
"ENSG00000167302",1.07751700392135e-05
"ENSG00000234965",1.07633802158011e-05
"ENSG00000145757",1.07625158816151e-05
"ENSG00000214711",1.07611881557937e-05
"ENSG00000132781",1.07543174943408e-05
"ENSG00000102221",1.07492184757939e-05
"ENSG00000197253",1.07479117905877e-05
"ENSG00000151117",1.07437604995847e-05
"ENSG00000225556",1.074336862279e-05
"ENSG00000135637",1.07422652645079e-05
"ENSG00000186073",1.07411035036624e-05
"ENSG00000017427",1.07294761271519e-05
"ENSG00000169413",1.07218714326357e-05
"ENSG00000158525",1.07196824968372e-05
"ENSG00000103502",1.0718074576475e-05
"ENSG00000185290",1.07126156453305e-05
"ENSG00000134007",1.07078038505812e-05
"ENSG00000197498",1.07018641743978e-05
"ENSG00000139629",1.06999192345123e-05
"ENSG00000189042",1.06975907827322e-05
"ENSG00000105889",1.06947352025508e-05
"ENSG00000143320",1.06946265756398e-05
"ENSG00000115257",1.06812252516148e-05
"ENSG00000074201",1.06783064317972e-05
"ENSG00000135253",1.06766638910479e-05
"ENSG00000205903",1.06763436420214e-05
"ENSG00000155511",1.06730586316018e-05
"ENSG00000174473",1.06654106850074e-05
"ENSG00000126882",1.0662491541847e-05
"ENSG00000270806",1.06578720903256e-05
"ENSG00000178301",1.06577959219256e-05
"ENSG00000182326",1.06506818509356e-05
"ENSG00000186603",1.06433816308056e-05
"ENSG00000121621",1.06410607491664e-05
"ENSG00000138798",1.06274480163844e-05
"ENSG00000149506",1.06202812477085e-05
"ENSG00000162631",1.0615670308243e-05
"ENSG00000168528",1.06118890070422e-05
"ENSG00000188549",1.06115534937265e-05
"ENSG00000126217",1.06105740831792e-05
"ENSG00000131503",1.06103029670872e-05
"ENSG00000100336",1.06096310755133e-05
"ENSG00000260325",1.06067320300186e-05
"ENSG00000186952",1.05936602401374e-05
"ENSG00000158373",1.05679013941988e-05
"ENSG00000169122",1.05670127522468e-05
"ENSG00000124196",1.05611531959953e-05
"ENSG00000181409",1.05584896503059e-05
"ENSG00000108852",1.05498349807314e-05
"ENSG00000128271",1.05476711950898e-05
"ENSG00000196778",1.05441873577717e-05
"ENSG00000115942",1.05405589430173e-05
"ENSG00000121380",1.05387244479092e-05
"ENSG00000234444",1.05379297379467e-05
"ENSG00000137251",1.05361327948163e-05
"ENSG00000186417",1.05299095785559e-05
"ENSG00000165240",1.05276095377537e-05
"ENSG00000198420",1.05249250805461e-05
"ENSG00000159625",1.05226017015287e-05
"ENSG00000112812",1.05212736875059e-05
"ENSG00000146670",1.05176650923556e-05
"ENSG00000204186",1.05007560268241e-05
"ENSG00000112936",1.04895163602419e-05
"ENSG00000274443",1.04850330639427e-05
"ENSG00000166682",1.04711002579405e-05
"ENSG00000144935",1.04657423688624e-05
"ENSG00000171094",1.04552252981425e-05
"ENSG00000235034",1.04545618776535e-05
"ENSG00000166866",1.04535835581772e-05
"ENSG00000069956",1.04485713754913e-05
"ENSG00000113231",1.04203337927071e-05
"ENSG00000165646",1.04165420919062e-05
"ENSG00000100784",1.04126577640551e-05
"ENSG00000111181",1.04052328151905e-05
"ENSG00000116675",1.04032977209058e-05
"ENSG00000173930",1.03934661129268e-05
"ENSG00000232125",1.03852568676477e-05
"ENSG00000084453",1.03804217349069e-05
"ENSG00000253457",1.03684453704543e-05
"ENSG00000181027",1.03670841541291e-05
"ENSG00000183615",1.0366138402363e-05
"ENSG00000159164",1.0363067258711e-05
"ENSG00000160323",1.0361544732074e-05
"ENSG00000187595",1.03525162430116e-05
"ENSG00000155034",1.03514776647763e-05
"ENSG00000185523",1.03351857721797e-05
"ENSG00000166596",1.03238703592951e-05
"ENSG00000204262",1.03217478964659e-05
"ENSG00000203756",1.03201558072363e-05
"ENSG00000102309",1.02987943828596e-05
"ENSG00000033122",1.02878308105578e-05
"ENSG00000105479",1.02864340576336e-05
"ENSG00000186666",1.02831663807309e-05
"ENSG00000203546",1.02810105573288e-05
"ENSG00000154380",1.02795473562388e-05
"ENSG00000106299",1.027565156862e-05
"ENSG00000175084",1.02699409395197e-05
"ENSG00000124103",1.02628471244288e-05
"ENSG00000212916",1.02596323369292e-05
"ENSG00000160469",1.02569656265702e-05
"ENSG00000167748",1.02480457541017e-05
"ENSG00000171794",1.02462972918245e-05
"ENSG00000166025",1.02453772134931e-05
"ENSG00000197256",1.02422740138186e-05
"ENSG00000177721",1.0231693540415e-05
"ENSG00000131097",1.02293588354852e-05
"ENSG00000214029",1.02265820296755e-05
"ENSG00000066135",1.02255673138652e-05
"ENSG00000167608",1.02181207690719e-05
"ENSG00000112031",1.02070696746792e-05
"ENSG00000161544",1.02063712330286e-05
"ENSG00000097096",1.01987451838263e-05
"ENSG00000108309",1.0192965546579e-05
"ENSG00000184937",1.01780242427469e-05
"ENSG00000214960",1.01743041806479e-05
"ENSG00000198680",1.01642172930202e-05
"ENSG00000171943",1.01615624723972e-05
"ENSG00000112984",1.01506536826745e-05
"ENSG00000175305",1.01438813763069e-05
"ENSG00000129646",1.01424743970743e-05
"ENSG00000206199",1.01357074721611e-05
"ENSG00000128268",1.01330288312823e-05
"ENSG00000130147",1.0128938539444e-05
"ENSG00000126861",1.01123065950086e-05
"ENSG00000135333",1.0110095305891e-05
"ENSG00000138411",1.01030021900703e-05
"ENSG00000123243",1.01016436810353e-05
"ENSG00000116396",1.00938620767257e-05
"ENSG00000185090",1.00917012988917e-05
"ENSG00000206140",1.00875437014487e-05
"ENSG00000259803",1.00844162264623e-05
"ENSG00000107242",1.00837816855515e-05
"ENSG00000121690",1.00814674865978e-05
"ENSG00000186998",1.00729333877275e-05
"ENSG00000128872",1.00697407155323e-05
"ENSG00000023839",1.00690582796046e-05
"ENSG00000114993",1.00546486232062e-05
"ENSG00000188687",1.00490334628537e-05
"ENSG00000188771",1.00456605520082e-05
"ENSG00000159374",1.00429493521075e-05
"ENSG00000204070",1.00282160848425e-05
"ENSG00000174564",1.002481436641e-05
"ENSG00000100558",1.00237887897073e-05
"ENSG00000138193",1.00182935190069e-05
"ENSG00000128573",1.00180648479107e-05
"ENSG00000146197",1.00088955158389e-05
"ENSG00000186439",1.00079190775117e-05
"ENSG00000164744",1.00072320524075e-05
"ENSG00000187144",9.99934250505004e-06
"ENSG00000164087",9.99381088063049e-06
"ENSG00000104133",9.99061862100558e-06
"ENSG00000147036",9.98571902932213e-06
"ENSG00000101440",9.98513566636566e-06
"ENSG00000146809",9.97225644428887e-06
"ENSG00000186472",9.97006681296309e-06
"ENSG00000173406",9.96955342764829e-06
"ENSG00000102554",9.96074150466104e-06
"ENSG00000087258",9.95250542848641e-06
"ENSG00000138115",9.94978502675312e-06
"ENSG00000106723",9.94299893326936e-06
"ENSG00000228083",9.94069968860379e-06
"ENSG00000134028",9.94046347568147e-06
"ENSG00000132744",9.932405467613e-06
"ENSG00000066056",9.93108744939029e-06
"ENSG00000135525",9.92743280811764e-06
"ENSG00000139908",9.92263079949037e-06
"ENSG00000100628",9.91637994447746e-06
"ENSG00000160781",9.91225549559993e-06
"ENSG00000155966",9.90669554209185e-06
"ENSG00000110318",9.90637917244675e-06
"ENSG00000130958",9.90577308209285e-06
"ENSG00000183960",9.89449219894549e-06
"ENSG00000116729",9.89404624590323e-06
"ENSG00000137747",9.88944682262815e-06
"ENSG00000160767",9.88483063930996e-06
"ENSG00000093009",9.88264765101757e-06
"ENSG00000176406",9.87992701115331e-06
"ENSG00000113790",9.87434601116937e-06
"ENSG00000172236",9.87207165661537e-06
"ENSG00000139133",9.86348018470231e-06
"ENSG00000144036",9.85848296814033e-06
"ENSG00000125144",9.85678754314302e-06
"ENSG00000113100",9.8497802068877e-06
"ENSG00000213906",9.8413802613987e-06
"ENSG00000109184",9.83389106107201e-06
"ENSG00000138769",9.83150622439135e-06
"ENSG00000134253",9.82897096052795e-06
"ENSG00000164821",9.82737323790731e-06
"ENSG00000165501",9.814273677995e-06
"ENSG00000163913",9.80797609987658e-06
"ENSG00000163053",9.80231605499189e-06
"ENSG00000162062",9.79495965057839e-06
"ENSG00000152936",9.7937654163557e-06
"ENSG00000173250",9.78796339414492e-06
"ENSG00000167768",9.78301739417566e-06
"ENSG00000203780",9.78229100971489e-06
"ENSG00000204764",9.77966383435256e-06
"ENSG00000146426",9.7776518857985e-06
"ENSG00000136146",9.77738218011794e-06
"ENSG00000258728",9.7752370964951e-06
"ENSG00000174059",9.7748249052789e-06
"ENSG00000005421",9.77344340061286e-06
"ENSG00000180316",9.77272687391721e-06
"ENSG00000130158",9.7626403066876e-06
"ENSG00000008056",9.75548967701195e-06
"ENSG00000114554",9.75279241250653e-06
"ENSG00000274512",9.73472157891667e-06
"ENSG00000124615",9.73196255536305e-06
"ENSG00000106571",9.72380121704253e-06
"ENSG00000186496",9.71986796794822e-06
"ENSG00000154645",9.71146186156421e-06
"ENSG00000126895",9.70650691334511e-06
"ENSG00000117643",9.70555755320023e-06
"ENSG00000111452",9.70304552261135e-06
"ENSG00000260001",9.69825512769209e-06
"ENSG00000185829",9.69577138715053e-06
"ENSG00000164283",9.69560231703328e-06
"ENSG00000009765",9.69303027542738e-06
"ENSG00000221887",9.6890538960151e-06
"ENSG00000181541",9.6877248501805e-06
"ENSG00000175279",9.6872059286952e-06
"ENSG00000138180",9.68288226886705e-06
"ENSG00000106178",9.68118063768381e-06
"ENSG00000101871",9.67839054523612e-06
"ENSG00000204179",9.67730619499811e-06
"ENSG00000198483",9.67274973363132e-06
"ENSG00000233974",9.67199831968207e-06
"ENSG00000095539",9.67022256074999e-06
"ENSG00000137877",9.6378657612119e-06
"ENSG00000278570",9.63397288463385e-06
"ENSG00000196653",9.63244603406397e-06
"ENSG00000088899",9.62973339976327e-06
"ENSG00000102362",9.62776328783488e-06
"ENSG00000164266",9.6186777541702e-06
"ENSG00000104866",9.61224121599647e-06
"ENSG00000164953",9.60945155040228e-06
"ENSG00000069431",9.60834882264397e-06
"ENSG00000161643",9.60069321739942e-06
"ENSG00000188611",9.59013319270571e-06
"ENSG00000188483",9.58959711461742e-06
"ENSG00000186925",9.58405465185016e-06
"ENSG00000139263",9.55673523272512e-06
"ENSG00000185499",9.55593208029457e-06
"ENSG00000115183",9.55477460066886e-06
"ENSG00000140323",9.55185282321204e-06
"ENSG00000148153",9.54474562091114e-06
"ENSG00000166341",9.54468192704168e-06
"ENSG00000142494",9.5429720469595e-06
"ENSG00000253309",9.54194009888882e-06
"ENSG00000172232",9.53894228734174e-06
"ENSG00000134121",9.52980342781324e-06
"ENSG00000141391",9.52465867577637e-06
"ENSG00000205089",9.52166366399453e-06
"ENSG00000056736",9.52116973397149e-06
"ENSG00000158113",9.51397861217668e-06
"ENSG00000160216",9.50834936686454e-06
"ENSG00000189221",9.50522378892169e-06
"ENSG00000139926",9.50336832786251e-06
"ENSG00000122543",9.50190701660158e-06
"ENSG00000244607",9.50029195710391e-06
"ENSG00000164124",9.49861017021252e-06
"ENSG00000106617",9.49024372114422e-06
"ENSG00000180815",9.48614752030014e-06
"ENSG00000171595",9.48544794911272e-06
"ENSG00000089505",9.48283000637627e-06
"ENSG00000165899",9.47614979191016e-06
"ENSG00000151151",9.46634122687577e-06
"ENSG00000143341",9.46185315182028e-06
"ENSG00000088038",9.44755929811985e-06
"ENSG00000122966",9.44600561568346e-06
"ENSG00000085741",9.44310677937011e-06
"ENSG00000163462",9.44203307790635e-06
"ENSG00000164078",9.43575923541265e-06
"ENSG00000140104",9.42635048886278e-06
"ENSG00000178125",9.42588602463449e-06
"ENSG00000121903",9.41806713212497e-06
"ENSG00000160716",9.40852000098637e-06
"ENSG00000063587",9.39456994332963e-06
"ENSG00000142513",9.38988075030266e-06
"ENSG00000099953",9.38007223406017e-06
"ENSG00000196313",9.37642275855338e-06
"ENSG00000205221",9.37340094449986e-06
"ENSG00000164946",9.36392088871634e-06
"ENSG00000145700",9.35379062104776e-06
"ENSG00000153902",9.35262632990337e-06
"ENSG00000267534",9.34979442125637e-06
"ENSG00000149639",9.34647311518755e-06
"ENSG00000105771",9.32138291958708e-06
"ENSG00000104321",9.31839816362367e-06
"ENSG00000163631",9.31782365847791e-06
"ENSG00000152207",9.31551746059854e-06
"ENSG00000139651",9.31281243241051e-06
"ENSG00000175161",9.31034413344941e-06
"ENSG00000109511",9.30078484889604e-06
"ENSG00000123473",9.28983127127638e-06
"ENSG00000007952",9.28750891099941e-06
"ENSG00000132698",9.28460710769832e-06
"ENSG00000176294",9.28175185734394e-06
"ENSG00000198342",9.26402954579615e-06
"ENSG00000094755",9.26346691884928e-06
"ENSG00000100024",9.26201378849701e-06
"ENSG00000025423",9.25838801740895e-06
"ENSG00000115884",9.25487395820504e-06
"ENSG00000172995",9.25074847596304e-06
"ENSG00000166578",9.24693884391554e-06
"ENSG00000134504",9.24577964273383e-06
"ENSG00000236609",9.23556113158518e-06
"ENSG00000114999",9.22831379040358e-06
"ENSG00000163075",9.22770658301556e-06
"ENSG00000188277",9.22269662202071e-06
"ENSG00000249437",9.22224970302183e-06
"ENSG00000244486",9.2127850668245e-06
"ENSG00000249471",9.20922655005053e-06
"ENSG00000233056",9.20816940306272e-06
"ENSG00000197721",9.20592857151199e-06
"ENSG00000174628",9.20544956811395e-06
"ENSG00000112077",9.20233760077639e-06
"ENSG00000101158",9.19882691441632e-06
"ENSG00000127325",9.17313021324508e-06
"ENSG00000138669",9.17098330031422e-06
"ENSG00000141497",9.16865008557963e-06
"ENSG00000004799",9.16502668838051e-06
"ENSG00000161813",9.16017325119141e-06
"ENSG00000259024",9.15169212048794e-06
"ENSG00000278318",9.15002904076223e-06
"ENSG00000243710",9.13646671145022e-06
"ENSG00000163810",9.13593622721715e-06
"ENSG00000095917",9.13425005066627e-06
"ENSG00000137962",9.1333629897541e-06
"ENSG00000143702",9.11763946588563e-06
"ENSG00000177374",9.11346484357911e-06
"ENSG00000171714",9.10914193942486e-06
"ENSG00000242220",9.09883543750248e-06
"ENSG00000204710",9.09014532300306e-06
"ENSG00000189292",9.084548255035e-06
"ENSG00000033050",9.08055157885411e-06
"ENSG00000119927",9.07780650139741e-06
"ENSG00000172828",9.07524116746696e-06
"ENSG00000167513",9.07109384659667e-06
"ENSG00000197753",9.07051997472758e-06
"ENSG00000163704",9.06474025195659e-06
"ENSG00000182676",9.05601030750246e-06
"ENSG00000218336",9.05302477471864e-06
"ENSG00000175449",9.05290914150902e-06
"ENSG00000112769",9.05167556162234e-06
"ENSG00000156959",9.05074576664517e-06
"ENSG00000204872",9.04229819628837e-06
"ENSG00000138028",9.03526504989199e-06
"ENSG00000088836",9.0342980226154e-06
"ENSG00000008277",9.0333428682135e-06
"ENSG00000064309",9.0320969334204e-06
"ENSG00000198517",9.03010394545876e-06
"ENSG00000180155",9.02890165619894e-06
"ENSG00000197614",9.02697938715157e-06
"ENSG00000237172",9.02214378076726e-06
"ENSG00000278023",9.01743217021204e-06
"ENSG00000087842",9.01200344721099e-06
"ENSG00000204677",9.00947588335498e-06
"ENSG00000174460",9.00821306136324e-06
"ENSG00000164929",9.00124875704532e-06
"ENSG00000173080",9.00072179515347e-06
"ENSG00000150281",9.00054411346127e-06
"ENSG00000161653",8.99525792722016e-06
"ENSG00000117650",8.98591180680916e-06
"ENSG00000151458",8.97879884425631e-06
"ENSG00000168356",8.9786883847041e-06
"ENSG00000139988",8.9764373698759e-06
"ENSG00000106080",8.97519626083627e-06
"ENSG00000167210",8.97009657846667e-06
"ENSG00000134765",8.9692519381015e-06
"ENSG00000124571",8.96128786266847e-06
"ENSG00000136169",8.95535851369539e-06
"ENSG00000176160",8.95240533421135e-06
"ENSG00000173320",8.93996168284982e-06
"ENSG00000257987",8.93162423593167e-06
"ENSG00000143674",8.92862851139542e-06
"ENSG00000100652",8.9246728409899e-06
"ENSG00000171219",8.91770404396408e-06
"ENSG00000138286",8.91484335127147e-06
"ENSG00000145685",8.9142547897174e-06
"ENSG00000168779",8.91351670088679e-06
"ENSG00000128040",8.90471676280388e-06
"ENSG00000095739",8.90322007574912e-06
"ENSG00000131435",8.90202531606972e-06
"ENSG00000164663",8.89994751080034e-06
"ENSG00000197779",8.89990979989651e-06
"ENSG00000082196",8.89924206517345e-06
"ENSG00000179673",8.89812048658102e-06
"ENSG00000147642",8.89428079603968e-06
"ENSG00000254413",8.88902053736427e-06
"ENSG00000070159",8.8874719784092e-06
"ENSG00000213463",8.88402661696914e-06
"ENSG00000172548",8.87895237576506e-06
"ENSG00000112599",8.87862537711035e-06
"ENSG00000174721",8.87387073506233e-06
"ENSG00000179477",8.87149203357818e-06
"ENSG00000158104",8.85921285883015e-06
"ENSG00000006747",8.85789495765441e-06
"ENSG00000275395",8.85449419210126e-06
"ENSG00000183208",8.85334042524869e-06
"ENSG00000099219",8.84292112297339e-06
"ENSG00000134343",8.84170557939662e-06
"ENSG00000152767",8.83244967463781e-06
"ENSG00000198753",8.82598697137362e-06
"ENSG00000150527",8.82503200071252e-06
"ENSG00000184232",8.81224541825078e-06
"ENSG00000177096",8.8053795458023e-06
"ENSG00000131409",8.79772679384813e-06
"ENSG00000100814",8.79689234936575e-06
"ENSG00000278463",8.79675593968237e-06
"ENSG00000196368",8.79302579435125e-06
"ENSG00000184305",8.79025149692632e-06
"ENSG00000153814",8.78832375089297e-06
"ENSG00000125744",8.7789619657525e-06
"ENSG00000100324",8.77736227516701e-06
"ENSG00000025039",8.77075048074366e-06
"ENSG00000133962",8.77070638569603e-06
"ENSG00000101773",8.76500409653107e-06
"ENSG00000006638",8.76266260421094e-06
"ENSG00000063180",8.75238097061172e-06
"ENSG00000127533",8.7517787618059e-06
"ENSG00000133937",8.75177140790873e-06
"ENSG00000196878",8.74869086351488e-06
"ENSG00000160229",8.74394747447056e-06
"ENSG00000227877",8.74035758076427e-06
"ENSG00000169860",8.73514525471735e-06
"ENSG00000158486",8.72936782282499e-06
"ENSG00000106246",8.72739878362569e-06
"ENSG00000183048",8.71552350521531e-06
"ENSG00000077063",8.7075593529921e-06
"ENSG00000248592",8.70558347746194e-06
"ENSG00000124251",8.70221268586977e-06
"ENSG00000132016",8.70164611387377e-06
"ENSG00000183723",8.69896523415023e-06
"ENSG00000235109",8.69761898103766e-06
"ENSG00000104371",8.69335210911151e-06
"ENSG00000171365",8.6920786319423e-06
"ENSG00000139220",8.68818209556964e-06
"ENSG00000150347",8.6695271305465e-06
"ENSG00000186193",8.66737945119002e-06
"ENSG00000091986",8.66455604861993e-06
"ENSG00000026036",8.6581721082001e-06
"ENSG00000110169",8.65791889652558e-06
"ENSG00000010803",8.65154771206324e-06
"ENSG00000142959",8.65138950322355e-06
"ENSG00000104081",8.64636519621365e-06
"ENSG00000133661",8.64406179120494e-06
"ENSG00000163751",8.63596226949587e-06
"ENSG00000105997",8.63524005019427e-06
"ENSG00000188215",8.61530391345662e-06
"ENSG00000170390",8.6079429703038e-06
"ENSG00000091181",8.60116139991731e-06
"ENSG00000109072",8.59538263684994e-06
"ENSG00000186026",8.59183267202015e-06
"ENSG00000168078",8.58661180765509e-06
"ENSG00000163235",8.58385990140344e-06
"ENSG00000110436",8.58143158983894e-06
"ENSG00000157703",8.57942179180503e-06
"ENSG00000139880",8.57937355530788e-06
"ENSG00000076258",8.57859178561048e-06
"ENSG00000144339",8.57211399174778e-06
"ENSG00000083635",8.56560197359551e-06
"ENSG00000161860",8.55794344834245e-06
"ENSG00000115705",8.54510519489337e-06
"ENSG00000164118",8.53312584315166e-06
"ENSG00000157224",8.53259149907492e-06
"ENSG00000135045",8.52416024149809e-06
"ENSG00000145736",8.5195401072552e-06
"ENSG00000160298",8.51783889110064e-06
"ENSG00000110675",8.50711996053796e-06
"ENSG00000007062",8.50528709246202e-06
"ENSG00000053438",8.50051301124831e-06
"ENSG00000181588",8.49624317547816e-06
"ENSG00000140009",8.48988819175618e-06
"ENSG00000088926",8.48976693085823e-06
"ENSG00000163697",8.48453584972624e-06
"ENSG00000161243",8.48139851499598e-06
"ENSG00000102890",8.4807070530923e-06
"ENSG00000276644",8.47822663425143e-06
"ENSG00000198003",8.47696265421356e-06
"ENSG00000163354",8.47642021010915e-06
"ENSG00000162415",8.47465274304394e-06
"ENSG00000253958",8.46368150578491e-06
"ENSG00000112139",8.46254799383385e-06
"ENSG00000147912",8.45877243246972e-06
"ENSG00000197093",8.45156625431371e-06
"ENSG00000179859",8.4419236987626e-06
"ENSG00000197959",8.44029379400625e-06
"ENSG00000188026",8.42617974001631e-06
"ENSG00000041515",8.42430332880211e-06
"ENSG00000186862",8.4188234440562e-06
"ENSG00000143882",8.41393368134209e-06
"ENSG00000129757",8.40277462798112e-06
"ENSG00000152208",8.3815159934609e-06
"ENSG00000147592",8.37911159542719e-06
"ENSG00000137507",8.36613304149186e-06
"ENSG00000151834",8.3595848182575e-06
"ENSG00000126464",8.35923980887872e-06
"ENSG00000184361",8.35138819139884e-06
"ENSG00000117877",8.34857181133718e-06
"ENSG00000170786",8.34800478693939e-06
"ENSG00000187838",8.34494803906684e-06
"ENSG00000176928",8.3402811809976e-06
"ENSG00000079432",8.32895619507837e-06
"ENSG00000117594",8.31848652304732e-06
"ENSG00000188610",8.31688198751982e-06
"ENSG00000127399",8.31467979280924e-06
"ENSG00000115163",8.31380727391605e-06
"ENSG00000263961",8.31197792455943e-06
"ENSG00000164764",8.30689170461009e-06
"ENSG00000079156",8.30285371724601e-06
"ENSG00000020181",8.2977888049658e-06
"ENSG00000239704",8.29148504394024e-06
"ENSG00000149346",8.28710421330196e-06
"ENSG00000166704",8.28343683878421e-06
"ENSG00000142949",8.27956124194253e-06
"ENSG00000147852",8.27602649034122e-06
"ENSG00000183281",8.27222630556118e-06
"ENSG00000185070",8.27200431694563e-06
"ENSG00000153904",8.27013315384769e-06
"ENSG00000126243",8.26873705903154e-06
"ENSG00000183654",8.26365828932475e-06
"ENSG00000105852",8.25555589968736e-06
"ENSG00000092853",8.25130627489179e-06
"ENSG00000162542",8.24897234364687e-06
"ENSG00000118777",8.24635830004611e-06
"ENSG00000106123",8.23873065122576e-06
"ENSG00000111077",8.23705907910963e-06
"ENSG00000253846",8.23598031642307e-06
"ENSG00000154920",8.23429363695386e-06
"ENSG00000257950",8.23422024130761e-06
"ENSG00000109654",8.22197073896354e-06
"ENSG00000148795",8.21795868652101e-06
"ENSG00000154162",8.21596195476481e-06
"ENSG00000166845",8.21010611685988e-06
"ENSG00000129159",8.20822270965637e-06
"ENSG00000162931",8.2062448433183e-06
"ENSG00000198678",8.19662715870573e-06
"ENSG00000130751",8.19036958310488e-06
"ENSG00000149489",8.16656547410882e-06
"ENSG00000112877",8.16257706466791e-06
"ENSG00000105610",8.14553060019337e-06
"ENSG00000099822",8.14159314738824e-06
"ENSG00000170092",8.14030223360604e-06
"ENSG00000101210",8.13450047474508e-06
"ENSG00000029534",8.12925017121601e-06
"ENSG00000150275",8.12592198894044e-06
"ENSG00000003987",8.12202389200661e-06
"ENSG00000196754",8.12142268629796e-06
"ENSG00000134115",8.12006271910931e-06
"ENSG00000091262",8.11615053436602e-06
"ENSG00000196091",8.11609364636056e-06
"ENSG00000196660",8.11215418653033e-06
"ENSG00000112530",8.11166154233568e-06
"ENSG00000179914",8.10867161452686e-06
"ENSG00000182795",8.1068577289292e-06
"ENSG00000118473",8.10101149543765e-06
"ENSG00000244476",8.09823981475748e-06
"ENSG00000157429",8.0887954724588e-06
"ENSG00000170967",8.08843260677742e-06
"ENSG00000130584",8.08342777536456e-06
"ENSG00000278224",8.0828656221965e-06
"ENSG00000197050",8.08097748253147e-06
"ENSG00000198429",8.07198271457517e-06
"ENSG00000141965",8.07134292587624e-06
"ENSG00000196900",8.07000700391782e-06
"ENSG00000103319",8.06912084415219e-06
"ENSG00000085185",8.05861304886489e-06
"ENSG00000108375",8.05081788740074e-06
"ENSG00000175093",8.05066702791242e-06
"ENSG00000136295",8.04666538246285e-06
"ENSG00000148814",8.04313995572444e-06
"ENSG00000166192",8.03985448702838e-06
"ENSG00000180834",8.03954944839524e-06
"ENSG00000087589",8.03456142750336e-06
"ENSG00000088881",8.02861722788567e-06
"ENSG00000067141",8.01534859940536e-06
"ENSG00000198873",8.00091276757351e-06
"ENSG00000088808",7.99125732179537e-06
"ENSG00000163491",7.98535934967317e-06
"ENSG00000176531",7.97401664098438e-06
"ENSG00000169258",7.97194241856863e-06
"ENSG00000138623",7.9686747989575e-06
"ENSG00000197826",7.95548007196049e-06
"ENSG00000155858",7.95063557169787e-06
"ENSG00000112414",7.9428772834484e-06
"ENSG00000173585",7.93715281381098e-06
"ENSG00000139899",7.9312772286375e-06
"ENSG00000153930",7.92945501145632e-06
"ENSG00000106004",7.92858033365763e-06
"ENSG00000126231",7.92792677905832e-06
"ENSG00000132563",7.92727606708158e-06
"ENSG00000151917",7.9268398178564e-06
"ENSG00000272305",7.92039801873452e-06
"ENSG00000151967",7.91596228783206e-06
"ENSG00000018236",7.91323557055728e-06
"ENSG00000144061",7.91116253791146e-06
"ENSG00000179909",7.90800448281971e-06
"ENSG00000188013",7.90474070150711e-06
"ENSG00000070388",7.90332080229778e-06
"ENSG00000155974",7.90261814550266e-06
"ENSG00000163618",7.90218043720801e-06
"ENSG00000242689",7.89980506549797e-06
"ENSG00000173013",7.89837875521404e-06
"ENSG00000131759",7.8935916529759e-06
"ENSG00000125485",7.89304473624064e-06
"ENSG00000198874",7.89065681036189e-06
"ENSG00000225526",7.87685063463239e-06
"ENSG00000184194",7.8767803041441e-06
"ENSG00000114923",7.86309476897155e-06
"ENSG00000074755",7.86169149993816e-06
"ENSG00000243244",7.86084519372085e-06
"ENSG00000109794",7.86074397841945e-06
"ENSG00000185250",7.86037303607169e-06
"ENSG00000185736",7.85891247112377e-06
"ENSG00000215545",7.85416117002286e-06
"ENSG00000091513",7.85352377564992e-06
"ENSG00000106804",7.85195781457759e-06
"ENSG00000278619",7.84834951881259e-06
"ENSG00000167601",7.84774623195722e-06
"ENSG00000047188",7.84596388793946e-06
"ENSG00000243156",7.83766017863562e-06
"ENSG00000102967",7.83739581814209e-06
"ENSG00000146834",7.8354910900555e-06
"ENSG00000225828",7.82235696767228e-06
"ENSG00000187492",7.81911337970969e-06
"ENSG00000153233",7.81845397776439e-06
"ENSG00000010438",7.81718728389371e-06
"ENSG00000130377",7.81480839307686e-06
"ENSG00000058085",7.81294826936632e-06
"ENSG00000144026",7.81208399115537e-06
"ENSG00000152969",7.81112443731818e-06
"ENSG00000127423",7.80766760739496e-06
"ENSG00000168589",7.8044716272916e-06
"ENSG00000122386",7.80320872030878e-06
"ENSG00000162775",7.80263514165145e-06
"ENSG00000181773",7.79454010794142e-06
"ENSG00000144868",7.79364961952628e-06
"ENSG00000145850",7.78781533164459e-06
"ENSG00000134376",7.78551317156567e-06
"ENSG00000153956",7.78542866121523e-06
"ENSG00000185222",7.78045524647523e-06
"ENSG00000171759",7.7705809974381e-06
"ENSG00000108439",7.76371761359927e-06
"ENSG00000187626",7.7599942690881e-06
"ENSG00000253276",7.75072433497522e-06
"ENSG00000137843",7.74781173901707e-06
"ENSG00000166863",7.74634743347805e-06
"ENSG00000178021",7.74034221689279e-06
"ENSG00000149972",7.7395880434737e-06
"ENSG00000160293",7.73583892879145e-06
"ENSG00000105808",7.73361949500747e-06
"ENSG00000167291",7.73202301595593e-06
"ENSG00000151632",7.73147359324314e-06
"ENSG00000180720",7.72998915571496e-06
"ENSG00000002587",7.72878179407591e-06
"ENSG00000131398",7.72874063649756e-06
"ENSG00000114805",7.7255255013605e-06
"ENSG00000105662",7.72469734678792e-06
"ENSG00000197077",7.72452402433735e-06
"ENSG00000146530",7.71687772681213e-06
"ENSG00000159433",7.71588881909208e-06
"ENSG00000134780",7.71444984994805e-06
"ENSG00000213759",7.71172651856547e-06
"ENSG00000145147",7.70555118216973e-06
"ENSG00000128512",7.70480341830304e-06
"ENSG00000154864",7.69499769561701e-06
"ENSG00000196876",7.69484657777184e-06
"ENSG00000132000",7.6931037926156e-06
"ENSG00000214279",7.69130674350622e-06
"ENSG00000112293",7.690413152528e-06
"ENSG00000157087",7.6870105736831e-06
"ENSG00000150627",7.68085177641291e-06
"ENSG00000165555",7.67393993214674e-06
"ENSG00000132613",7.66818469105907e-06
"ENSG00000158301",7.6634106365451e-06
"ENSG00000182831",7.66193459398534e-06
"ENSG00000112210",7.66189832457816e-06
"ENSG00000186889",7.65934932247926e-06
"ENSG00000152953",7.65247055293268e-06
"ENSG00000079482",7.63919565239427e-06
"ENSG00000078098",7.6375360895195e-06
"ENSG00000170180",7.63606488918891e-06
"ENSG00000112053",7.63536979669831e-06
"ENSG00000109265",7.63479538038065e-06
"ENSG00000072041",7.63079590857031e-06
"ENSG00000109255",7.62998312492476e-06
"ENSG00000105767",7.61913063071148e-06
"ENSG00000196420",7.61285722668239e-06
"ENSG00000185915",7.61243148317548e-06
"ENSG00000129195",7.6100793512251e-06
"ENSG00000167780",7.60966110466596e-06
"ENSG00000198933",7.6067492197432e-06
"ENSG00000124657",7.60488034123686e-06
"ENSG00000187017",7.60068094297025e-06
"ENSG00000213085",7.59290237795991e-06
"ENSG00000160180",7.58907637541133e-06
"ENSG00000217442",7.58295734541055e-06
"ENSG00000170624",7.58240772739371e-06
"ENSG00000130595",7.58163896065942e-06
"ENSG00000177710",7.57539512545842e-06
"ENSG00000107957",7.56504015053109e-06
"ENSG00000159708",7.56437036347003e-06
"ENSG00000135823",7.56381536329466e-06
"ENSG00000180346",7.56116670688194e-06
"ENSG00000079101",7.558979213365e-06
"ENSG00000101213",7.55635644153591e-06
"ENSG00000228696",7.55621870029875e-06
"ENSG00000120068",7.55620803669543e-06
"ENSG00000140522",7.54907041723758e-06
"ENSG00000130649",7.54816397925623e-06
"ENSG00000198018",7.54215990713276e-06
"ENSG00000150471",7.5419854648582e-06
"ENSG00000129493",7.54005153202284e-06
"ENSG00000166143",7.53573816899054e-06
"ENSG00000137573",7.52868605043461e-06
"ENSG00000124749",7.52589207817876e-06
"ENSG00000111087",7.51940300717048e-06
"ENSG00000132972",7.50810108449087e-06
"ENSG00000010318",7.50581929005325e-06
"ENSG00000175003",7.50493337813722e-06
"ENSG00000136457",7.50198723109286e-06
"ENSG00000106018",7.49399689730024e-06
"ENSG00000134013",7.49351259416904e-06
"ENSG00000281106",7.48673707144636e-06
"ENSG00000233436",7.48028336365446e-06
"ENSG00000204740",7.47967978764532e-06
"ENSG00000238083",7.46440431841866e-06
"ENSG00000169314",7.46360853891514e-06
"ENSG00000148468",7.46011702985911e-06
"ENSG00000124343",7.44756072236416e-06
"ENSG00000102271",7.43962374572581e-06
"ENSG00000163689",7.43283853640392e-06
"ENSG00000125249",7.43210130818671e-06
"ENSG00000204576",7.42110323496182e-06
"ENSG00000142615",7.41991073143682e-06
"ENSG00000173467",7.4165265140966e-06
"ENSG00000186318",7.4131034055367e-06
"ENSG00000164684",7.40682792925696e-06
"ENSG00000106853",7.40478791725726e-06
"ENSG00000183044",7.40149330548431e-06
"ENSG00000198046",7.40141775418962e-06
"ENSG00000270379",7.39745150657196e-06
"ENSG00000215009",7.38758044050187e-06
"ENSG00000158164",7.38489643132755e-06
"ENSG00000138160",7.38431724843985e-06
"ENSG00000114638",7.38410020227468e-06
"ENSG00000188322",7.38381199530796e-06
"ENSG00000130203",7.38322361195338e-06
"ENSG00000151474",7.38173543018858e-06
"ENSG00000116016",7.3805356197641e-06
"ENSG00000112874",7.375466148058e-06
"ENSG00000167994",7.36595392173758e-06
"ENSG00000092850",7.36516765582629e-06
"ENSG00000157152",7.35285858484734e-06
"ENSG00000129214",7.34665112485265e-06
"ENSG00000250506",7.34267555174145e-06
"ENSG00000165182",7.33836423861614e-06
"ENSG00000270629",7.32963133960819e-06
"ENSG00000106714",7.32873940839938e-06
"ENSG00000079691",7.32717807103519e-06
"ENSG00000183036",7.32675144017175e-06
"ENSG00000171757",7.32105776503325e-06
"ENSG00000155287",7.31619792781828e-06
"ENSG00000172382",7.31592873196833e-06
"ENSG00000102038",7.30574705020394e-06
"ENSG00000173698",7.30353968219387e-06
"ENSG00000187546",7.30221612257133e-06
"ENSG00000144668",7.29899323253379e-06
"ENSG00000100320",7.29668611083145e-06
"ENSG00000198182",7.29251595007661e-06
"ENSG00000019186",7.28977133486835e-06
"ENSG00000172724",7.28806145978024e-06
"ENSG00000153157",7.28094771242072e-06
"ENSG00000177485",7.27276400513463e-06
"ENSG00000162543",7.2725439283443e-06
"ENSG00000152705",7.26802701918915e-06
"ENSG00000171246",7.26678855691389e-06
"ENSG00000102098",7.26661072728638e-06
"ENSG00000167397",7.25680076860347e-06
"ENSG00000171119",7.25555250959437e-06
"ENSG00000071909",7.24675832607234e-06
"ENSG00000196549",7.24615470547878e-06
"ENSG00000213988",7.23865551401846e-06
"ENSG00000155530",7.23783356974154e-06
"ENSG00000128567",7.23431297496309e-06
"ENSG00000117010",7.23365747363053e-06
"ENSG00000274180",7.23332103630716e-06
"ENSG00000164749",7.23316457898108e-06
"ENSG00000184925",7.23001539756715e-06
"ENSG00000150048",7.22995667773833e-06
"ENSG00000182870",7.22785324780844e-06
"ENSG00000168282",7.22688895943315e-06
"ENSG00000147570",7.2257311925546e-06
"ENSG00000204001",7.2150572597244e-06
"ENSG00000178966",7.2135511630871e-06
"ENSG00000166736",7.21070362056985e-06
"ENSG00000065802",7.20113485120871e-06
"ENSG00000142973",7.19497253279681e-06
"ENSG00000128408",7.186765282713e-06
"ENSG00000256713",7.17000652841177e-06
"ENSG00000164920",7.16166442786154e-06
"ENSG00000145358",7.15593274938257e-06
"ENSG00000124496",7.15155051366762e-06
"ENSG00000135314",7.14381683860112e-06
"ENSG00000105750",7.14134200716221e-06
"ENSG00000065328",7.13253369602513e-06
"ENSG00000139318",7.13151425599731e-06
"ENSG00000115137",7.12486208340063e-06
"ENSG00000024422",7.1237118007865e-06
"ENSG00000163638",7.11682758212665e-06
"ENSG00000101190",7.11571054154469e-06
"ENSG00000092208",7.11198519169321e-06
"ENSG00000053108",7.11144067374937e-06
"ENSG00000187323",7.09559250229683e-06
"ENSG00000271447",7.08693614847459e-06
"ENSG00000203797",7.0675889483925e-06
"ENSG00000272856",7.06688817898947e-06
"ENSG00000136267",7.06526764968543e-06
"ENSG00000139514",7.06415300479276e-06
"ENSG00000152223",7.06256347823927e-06
"ENSG00000066468",7.05561633071018e-06
"ENSG00000169629",7.04359854984324e-06
"ENSG00000091128",7.02179620336691e-06
"ENSG00000092051",7.01993835522052e-06
"ENSG00000170381",7.01864463720012e-06
"ENSG00000163576",7.01609877361419e-06
"ENSG00000164403",7.01363724087589e-06
"ENSG00000138356",7.00563476345992e-06
"ENSG00000000971",7.00415593326724e-06
"ENSG00000107404",6.99914493869923e-06
"ENSG00000117971",6.99435198475559e-06
"ENSG00000101251",6.98340742094181e-06
"ENSG00000139173",6.98200409970282e-06
"ENSG00000147257",6.97933227733734e-06
"ENSG00000134183",6.97871499773414e-06
"ENSG00000100106",6.97685185898882e-06
"ENSG00000100146",6.96524718966059e-06
"ENSG00000117155",6.9647974468986e-06
"ENSG00000283683",6.94980429820435e-06
"ENSG00000253548",6.94944357100291e-06
"ENSG00000197594",6.94720813358685e-06
"ENSG00000268279",6.94569336067229e-06
"ENSG00000196266",6.94384879209809e-06
"ENSG00000198765",6.9407037531622e-06
"ENSG00000188596",6.94034636201808e-06
"ENSG00000211452",6.92813741368884e-06
"ENSG00000175287",6.92488236393596e-06
"ENSG00000152214",6.91987080978705e-06
"ENSG00000135423",6.91185243284544e-06
"ENSG00000164106",6.90937344144111e-06
"ENSG00000166987",6.90407997924001e-06
"ENSG00000183921",6.89998415140543e-06
"ENSG00000135750",6.89005053208475e-06
"ENSG00000189129",6.88789573359011e-06
"ENSG00000145864",6.87636545448481e-06
"ENSG00000035499",6.87505508411626e-06
"ENSG00000198722",6.86783732120982e-06
"ENSG00000138759",6.85959207450796e-06
"ENSG00000109832",6.85544331359468e-06
"ENSG00000114859",6.85042510373185e-06
"ENSG00000134138",6.84992341096192e-06
"ENSG00000168273",6.8496851132939e-06
"ENSG00000188585",6.84580875838935e-06
"ENSG00000147174",6.84508036759263e-06
"ENSG00000113645",6.84171293829302e-06
"ENSG00000165698",6.83704828717583e-06
"ENSG00000119242",6.83468298814466e-06
"ENSG00000140057",6.83373931036547e-06
"ENSG00000283787",6.83337743003266e-06
"ENSG00000181007",6.82753446823596e-06
"ENSG00000127074",6.82658609726503e-06
"ENSG00000161082",6.82426239845026e-06
"ENSG00000164035",6.82336750664772e-06
"ENSG00000065183",6.81932624957296e-06
"ENSG00000127990",6.81427088421095e-06
"ENSG00000198185",6.80902158687732e-06
"ENSG00000196584",6.80695105802953e-06
"ENSG00000158865",6.80679354669319e-06
"ENSG00000152193",6.80295490745312e-06
"ENSG00000067840",6.80091280524286e-06
"ENSG00000186106",6.79992894109265e-06
"ENSG00000120820",6.79204098841926e-06
"ENSG00000214226",6.79123483993663e-06
"ENSG00000105695",6.77339507750382e-06
"ENSG00000169194",6.77118264891103e-06
"ENSG00000112541",6.76353646090516e-06
"ENSG00000120756",6.7630624443918e-06
"ENSG00000160439",6.75456588946675e-06
"ENSG00000230561",6.75415540081494e-06
"ENSG00000154065",6.75353456640597e-06
"ENSG00000196639",6.7497630789602e-06
"ENSG00000123411",6.74940788439141e-06
"ENSG00000186047",6.74472769495753e-06
"ENSG00000087077",6.74389055497132e-06
"ENSG00000155761",6.7415359587221e-06
"ENSG00000134769",6.73440775884829e-06
"ENSG00000000003",6.73374220218116e-06
"ENSG00000170421",6.72659858805184e-06
"ENSG00000144029",6.7265521935805e-06
"ENSG00000206077",6.72399276458592e-06
"ENSG00000157131",6.71512927431642e-06
"ENSG00000259305",6.71174399605713e-06
"ENSG00000119699",6.7079681547168e-06
"ENSG00000197457",6.70725025893632e-06
"ENSG00000198870",6.7054516823466e-06
"ENSG00000254598",6.70238655898862e-06
"ENSG00000159409",6.69989863913202e-06
"ENSG00000162843",6.69374121754457e-06
"ENSG00000137204",6.69160893409608e-06
"ENSG00000070047",6.69114513551464e-06
"ENSG00000144619",6.69038035063064e-06
"ENSG00000184227",6.68517690942925e-06
"ENSG00000128253",6.68292622047245e-06
"ENSG00000196482",6.66656167729354e-06
"ENSG00000007908",6.66320530367891e-06
"ENSG00000139714",6.66229276815923e-06
"ENSG00000049883",6.6617063981942e-06
"ENSG00000184276",6.65087187543665e-06
"ENSG00000133063",6.64874442511221e-06
"ENSG00000183963",6.64526351658067e-06
"ENSG00000117472",6.63960531847838e-06
"ENSG00000116690",6.63925948346922e-06
"ENSG00000278615",6.63858710843293e-06
"ENSG00000110723",6.63612608478472e-06
"ENSG00000106336",6.62959288048331e-06
"ENSG00000231861",6.62908129529278e-06
"ENSG00000153495",6.62884373501257e-06
"ENSG00000138448",6.61998104744436e-06
"ENSG00000188959",6.61783546525229e-06
"ENSG00000115386",6.61468224620522e-06
"ENSG00000102057",6.61058789795071e-06
"ENSG00000189326",6.60779081803803e-06
"ENSG00000073150",6.60140179629664e-06
"ENSG00000124374",6.60117658648441e-06
"ENSG00000112294",6.60105045392575e-06
"ENSG00000183479",6.59404218416046e-06
"ENSG00000196074",6.58593762672193e-06
"ENSG00000039139",6.58554078344103e-06
"ENSG00000104327",6.58059077570552e-06
"ENSG00000243725",6.57677256735923e-06
"ENSG00000135801",6.57340787966902e-06
"ENSG00000110881",6.57131916323778e-06
"ENSG00000164509",6.56906697374778e-06
"ENSG00000071991",6.56766657126822e-06
"ENSG00000167992",6.56344777099174e-06
"ENSG00000140092",6.55990153866044e-06
"ENSG00000088002",6.55572751977077e-06
"ENSG00000128322",6.55497549517642e-06
"ENSG00000112186",6.55071047516508e-06
"ENSG00000131142",6.54903533487693e-06
"ENSG00000269825",6.54198751087984e-06
"ENSG00000151379",6.53782299420751e-06
"ENSG00000196263",6.52745897131872e-06
"ENSG00000174307",6.52690932677353e-06
"ENSG00000112280",6.52407956906491e-06
"ENSG00000167676",6.51804758940687e-06
"ENSG00000185261",6.51101014751057e-06
"ENSG00000186105",6.50897414401864e-06
"ENSG00000105613",6.50542687102398e-06
"ENSG00000196344",6.50237274708158e-06
"ENSG00000116774",6.49895542871551e-06
"ENSG00000144724",6.49506844740923e-06
"ENSG00000089250",6.48842242799543e-06
"ENSG00000159648",6.48804440284767e-06
"ENSG00000075213",6.48656265827056e-06
"ENSG00000173531",6.47896206893724e-06
"ENSG00000188389",6.47761785835342e-06
"ENSG00000178386",6.47350174328508e-06
"ENSG00000015413",6.47297154755449e-06
"ENSG00000160868",6.47057496432171e-06
"ENSG00000261652",6.46933904565679e-06
"ENSG00000176927",6.46645908125447e-06
"ENSG00000235942",6.46301237382061e-06
"ENSG00000182600",6.4629113870169e-06
"ENSG00000183117",6.46214209710616e-06
"ENSG00000136546",6.46102396217808e-06
"ENSG00000258659",6.46001054993481e-06
"ENSG00000164692",6.45939566192343e-06
"ENSG00000188848",6.45003752171048e-06
"ENSG00000100285",6.44900486871872e-06
"ENSG00000126814",6.44260273848434e-06
"ENSG00000177076",6.43624588821699e-06
"ENSG00000182580",6.4348942386311e-06
"ENSG00000110046",6.41754947214819e-06
"ENSG00000115602",6.41606981850556e-06
"ENSG00000214367",6.41600093016086e-06
"ENSG00000100505",6.41186058647402e-06
"ENSG00000186081",6.41053465269839e-06
"ENSG00000180611",6.40527242030004e-06
"ENSG00000157653",6.40038513043107e-06
"ENSG00000165325",6.39932210302087e-06
"ENSG00000115468",6.39603400224868e-06
"ENSG00000170734",6.39022591735154e-06
"ENSG00000006659",6.38633028477977e-06
"ENSG00000130508",6.38551694115443e-06
"ENSG00000176571",6.38297523071809e-06
"ENSG00000111670",6.37879511805701e-06
"ENSG00000197561",6.37345998420105e-06
"ENSG00000075035",6.36079061042169e-06
"ENSG00000160113",6.36025589189482e-06
"ENSG00000065361",6.35966056736e-06
"ENSG00000081138",6.35886455241771e-06
"ENSG00000132639",6.3584076707272e-06
"ENSG00000150594",6.3544730633866e-06
"ENSG00000102468",6.33160728136399e-06
"ENSG00000141519",6.31988244017009e-06
"ENSG00000114115",6.31595993925398e-06
"ENSG00000205002",6.31104246437704e-06
"ENSG00000115657",6.31075795982161e-06
"ENSG00000184905",6.30833654453581e-06
"ENSG00000183873",6.30690723731446e-06
"ENSG00000100095",6.30347493724727e-06
"ENSG00000167191",6.30247955341946e-06
"ENSG00000170006",6.2996228955894e-06
"ENSG00000205129",6.29790240926081e-06
"ENSG00000150760",6.29672611119962e-06
"ENSG00000170374",6.29490118784346e-06
"ENSG00000075391",6.29011142041868e-06
"ENSG00000197619",6.28449458220176e-06
"ENSG00000158427",6.28254847496868e-06
"ENSG00000115361",6.279190927165e-06
"ENSG00000161594",6.27409451768285e-06
"ENSG00000184867",6.27230703122158e-06
"ENSG00000148604",6.26447118281926e-06
"ENSG00000181562",6.25996854468958e-06
"ENSG00000175985",6.25990003600004e-06
"ENSG00000118271",6.25686615777074e-06
"ENSG00000161328",6.2545272215818e-06
"ENSG00000153885",6.25421228586807e-06
"ENSG00000164647",6.24866310695872e-06
"ENSG00000101115",6.24852487285499e-06
"ENSG00000110400",6.24623790552542e-06
"ENSG00000116983",6.2439238922544e-06
"ENSG00000215644",6.24283531542807e-06
"ENSG00000134489",6.23331742551976e-06
"ENSG00000116014",6.23327663207721e-06
"ENSG00000198729",6.23174480453138e-06
"ENSG00000147536",6.23010520110414e-06
"ENSG00000135636",6.22415904558613e-06
"ENSG00000274290",6.22353905766111e-06
"ENSG00000176387",6.22212196416791e-06
"ENSG00000222046",6.20231439770532e-06
"ENSG00000163440",6.20195487667114e-06
"ENSG00000205090",6.19980968645157e-06
"ENSG00000072840",6.198630084078e-06
"ENSG00000170684",6.19692172382948e-06
"ENSG00000151789",6.19244777618002e-06
"ENSG00000053524",6.18885403958191e-06
"ENSG00000083857",6.18458980404278e-06
"ENSG00000151067",6.1837338431678e-06
"ENSG00000248483",6.1801637975731e-06
"ENSG00000164627",6.17989081913669e-06
"ENSG00000261210",6.17650580111725e-06
"ENSG00000205442",6.17610818560464e-06
"ENSG00000135476",6.16852596467139e-06
"ENSG00000117013",6.16538355583521e-06
"ENSG00000119608",6.16505257113118e-06
"ENSG00000187747",6.1622105197782e-06
"ENSG00000113520",6.16179777390656e-06
"ENSG00000117425",6.1589287566467e-06
"ENSG00000047617",6.15477824287447e-06
"ENSG00000132953",6.14961143886938e-06
"ENSG00000172179",6.14927293954352e-06
"ENSG00000130307",6.1410516448945e-06
"ENSG00000115290",6.13732496819882e-06
"ENSG00000138336",6.12758874247066e-06
"ENSG00000141744",6.12280880349162e-06
"ENSG00000107614",6.11781941393715e-06
"ENSG00000115112",6.11715859035119e-06
"ENSG00000167880",6.1116998477584e-06
"ENSG00000188738",6.11067117591509e-06
"ENSG00000184307",6.10284165207112e-06
"ENSG00000187498",6.10280002407282e-06
"ENSG00000069206",6.1013919486784e-06
"ENSG00000188517",6.10113685735196e-06
"ENSG00000135074",6.10079407877708e-06
"ENSG00000161180",6.07929332342062e-06
"ENSG00000214654",6.07750918324729e-06
"ENSG00000196517",6.07712058185427e-06
"ENSG00000131480",6.07548401027874e-06
"ENSG00000221866",6.07537652145316e-06
"ENSG00000151693",6.07114558292881e-06
"ENSG00000111732",6.06719684821721e-06
"ENSG00000196387",6.0619365875179e-06
"ENSG00000112276",6.06180505056053e-06
"ENSG00000255346",6.06093200972225e-06
"ENSG00000102230",6.06072468592502e-06
"ENSG00000183850",6.05906717596319e-06
"ENSG00000244274",6.05267055584301e-06
"ENSG00000131849",6.05199962872886e-06
"ENSG00000172379",6.05196665700404e-06
"ENSG00000120500",6.05038068010209e-06
"ENSG00000010379",6.04942972012631e-06
"ENSG00000104213",6.04510997302436e-06
"ENSG00000179902",6.0405744309018e-06
"ENSG00000080854",6.03738667329772e-06
"ENSG00000248329",6.0347370725138e-06
"ENSG00000166105",6.02846787623907e-06
"ENSG00000105472",6.02519101335909e-06
"ENSG00000101951",6.0213746507617e-06
"ENSG00000143278",6.0180325883306e-06
"ENSG00000108924",6.01278784985758e-06
"ENSG00000168802",6.01224211788152e-06
"ENSG00000163116",6.011344542608e-06
"ENSG00000170382",6.0093226664389e-06
"ENSG00000170469",6.00805203319947e-06
"ENSG00000174898",6.00371614722192e-06
"ENSG00000064300",5.9925302045593e-06
"ENSG00000011523",5.98478235810622e-06
"ENSG00000224940",5.97834473340059e-06
"ENSG00000162438",5.97794703185904e-06
"ENSG00000176884",5.97507794421995e-06
"ENSG00000119661",5.97394221636126e-06
"ENSG00000197465",5.97206233271854e-06
"ENSG00000133874",5.96794007432097e-06
"ENSG00000146700",5.96756381084296e-06
"ENSG00000080618",5.96666891255234e-06
"ENSG00000080603",5.95749059238744e-06
"ENSG00000185559",5.9564354897655e-06
"ENSG00000074855",5.95617265112194e-06
"ENSG00000144852",5.95128846651631e-06
"ENSG00000075886",5.94675536252971e-06
"ENSG00000196433",5.94647614983391e-06
"ENSG00000205426",5.94205314059933e-06
"ENSG00000102904",5.93704344566441e-06
"ENSG00000163380",5.93039046196703e-06
"ENSG00000183087",5.93012729150203e-06
"ENSG00000170325",5.92528726302441e-06
"ENSG00000134200",5.92379223906099e-06
"ENSG00000001460",5.91694903401004e-06
"ENSG00000128285",5.91558136137962e-06
"ENSG00000111404",5.91072366907376e-06
"ENSG00000198920",5.90746722645186e-06
"ENSG00000196872",5.90600038462476e-06
"ENSG00000143318",5.90431505491888e-06
"ENSG00000170743",5.90209038243305e-06
"ENSG00000119147",5.89814599923289e-06
"ENSG00000131471",5.8963590670768e-06
"ENSG00000143512",5.89352298980071e-06
"ENSG00000179213",5.88785998930266e-06
"ENSG00000128683",5.88534478336133e-06
"ENSG00000100122",5.88501568368526e-06
"ENSG00000204403",5.87587537694705e-06
"ENSG00000076201",5.87196021249356e-06
"ENSG00000181004",5.86601988085924e-06
"ENSG00000173988",5.86548180999176e-06
"ENSG00000139044",5.86520004804112e-06
"ENSG00000172554",5.85866028701599e-06
"ENSG00000184986",5.85135576936893e-06
"ENSG00000150907",5.85084986931323e-06
"ENSG00000066629",5.84223027568199e-06
"ENSG00000120458",5.84184950723969e-06
"ENSG00000112964",5.83326458358556e-06
"ENSG00000115008",5.83174317945477e-06
"ENSG00000006071",5.82648241338167e-06
"ENSG00000156689",5.8247803897582e-06
"ENSG00000116833",5.82202737935068e-06
"ENSG00000140675",5.82189742091073e-06
"ENSG00000070950",5.82044330324068e-06
"ENSG00000099337",5.82015375790878e-06
"ENSG00000188613",5.81582628579031e-06
"ENSG00000278195",5.81042675384639e-06
"ENSG00000134365",5.80509675548946e-06
"ENSG00000079102",5.80272416317759e-06
"ENSG00000143369",5.80068318232022e-06
"ENSG00000181915",5.79762710658004e-06
"ENSG00000129173",5.79198767630877e-06
"ENSG00000105509",5.77743015915852e-06
"ENSG00000186767",5.77542466164204e-06
"ENSG00000182747",5.76904062945545e-06
"ENSG00000003096",5.76332218187241e-06
"ENSG00000161888",5.76054470274501e-06
"ENSG00000118322",5.75921377894852e-06
"ENSG00000271092",5.7530580893768e-06
"ENSG00000103089",5.74964371935854e-06
"ENSG00000274750",5.74858541184841e-06
"ENSG00000146122",5.74523606138609e-06
"ENSG00000182333",5.74185864550972e-06
"ENSG00000205126",5.7409014309637e-06
"ENSG00000164683",5.74027711012598e-06
"ENSG00000185532",5.74004089690442e-06
"ENSG00000164638",5.73718515641886e-06
"ENSG00000178401",5.73658233620641e-06
"ENSG00000118402",5.7336192985793e-06
"ENSG00000152766",5.73255253581277e-06
"ENSG00000131941",5.72758160060297e-06
"ENSG00000149646",5.72688229531656e-06
"ENSG00000115423",5.72449078333905e-06
"ENSG00000223547",5.72050664028984e-06
"ENSG00000138741",5.71747874965232e-06
"ENSG00000170667",5.71547178699516e-06
"ENSG00000165186",5.7140064519564e-06
"ENSG00000276547",5.70993145787997e-06
"ENSG00000243696",5.70957912130633e-06
"ENSG00000185483",5.70909358396649e-06
"ENSG00000221955",5.70701607106541e-06
"ENSG00000169750",5.70533703927769e-06
"ENSG00000197702",5.70049991005164e-06
"ENSG00000198720",5.69932054914676e-06
"ENSG00000138696",5.68739755355853e-06
"ENSG00000133710",5.68377188479503e-06
"ENSG00000215529",5.68120917596449e-06
"ENSG00000155265",5.67686450327891e-06
"ENSG00000100433",5.67323119264418e-06
"ENSG00000161791",5.66641480540019e-06
"ENSG00000128655",5.66528311319562e-06
"ENSG00000126803",5.65827597037104e-06
"ENSG00000221986",5.65673838370571e-06
"ENSG00000161021",5.64369947571411e-06
"ENSG00000113742",5.63373629078816e-06
"ENSG00000177599",5.63020120288447e-06
"ENSG00000152926",5.62823011777017e-06
"ENSG00000166819",5.6264462332368e-06
"ENSG00000154639",5.62627000908382e-06
"ENSG00000162148",5.62297107043898e-06
"ENSG00000160957",5.61545836692216e-06
"ENSG00000151577",5.61390852740284e-06
"ENSG00000255819",5.61378146581198e-06
"ENSG00000092445",5.61333466617722e-06
"ENSG00000243284",5.61030987683195e-06
"ENSG00000154479",5.60830947772711e-06
"ENSG00000260861",5.60305467310339e-06
"ENSG00000118113",5.59869981677361e-06
"ENSG00000148358",5.59581680441058e-06
"ENSG00000075399",5.5916256458189e-06
"ENSG00000107518",5.58580645010644e-06
"ENSG00000184709",5.58465464898313e-06
"ENSG00000216588",5.57493598830935e-06
"ENSG00000050767",5.57269690564329e-06
"ENSG00000181616",5.57150148557596e-06
"ENSG00000260851",5.56606828364529e-06
"ENSG00000104722",5.55832031223211e-06
"ENSG00000116819",5.55604541121377e-06
"ENSG00000105523",5.55596988591263e-06
"ENSG00000184012",5.54849767623691e-06
"ENSG00000142606",5.54757398742869e-06
"ENSG00000147614",5.54726726566219e-06
"ENSG00000221947",5.54600498573373e-06
"ENSG00000121742",5.54293728749272e-06
"ENSG00000123612",5.542650845864e-06
"ENSG00000110025",5.54157123671196e-06
"ENSG00000168754",5.53756002051217e-06
"ENSG00000174527",5.53725108183189e-06
"ENSG00000168594",5.52661109585856e-06
"ENSG00000196353",5.52495551069697e-06
"ENSG00000159784",5.52341317995053e-06
"ENSG00000131019",5.52174096558073e-06
"ENSG00000101542",5.51988413130419e-06
"ENSG00000150990",5.51875244281129e-06
"ENSG00000134962",5.51798116309087e-06
"ENSG00000186871",5.51678844991272e-06
"ENSG00000157654",5.51474977677835e-06
"ENSG00000172361",5.5128010361474e-06
"ENSG00000178031",5.50993717662891e-06
"ENSG00000157680",5.50885854545369e-06
"ENSG00000178732",5.50722318494094e-06
"ENSG00000160145",5.5054117904791e-06
"ENSG00000174233",5.48774802201846e-06
"ENSG00000172139",5.48650032739868e-06
"ENSG00000196557",5.48187625087973e-06
"ENSG00000174586",5.48030349492445e-06
"ENSG00000079337",5.4778675572188e-06
"ENSG00000113430",5.47315728828202e-06
"ENSG00000173914",5.4722325158181e-06
"ENSG00000153132",5.46694871773112e-06
"ENSG00000182521",5.46662803164591e-06
"ENSG00000122787",5.46648876349349e-06
"ENSG00000185883",5.46619122678486e-06
"ENSG00000100346",5.46136420890874e-06
"ENSG00000106648",5.45840644707104e-06
"ENSG00000198513",5.45711609644915e-06
"ENSG00000128886",5.45616959300445e-06
"ENSG00000178752",5.44426507059263e-06
"ENSG00000145020",5.44074706984413e-06
"ENSG00000013588",5.43380727305265e-06
"ENSG00000214290",5.43322706589081e-06
"ENSG00000133985",5.4262872471561e-06
"ENSG00000170788",5.42593864432832e-06
"ENSG00000158286",5.42488221875683e-06
"ENSG00000197165",5.42152020538205e-06
"ENSG00000168246",5.41735178229783e-06
"ENSG00000274736",5.40969005980697e-06
"ENSG00000151276",5.40873495105468e-06
"ENSG00000111186",5.40224193239822e-06
"ENSG00000188501",5.40027564601259e-06
"ENSG00000099864",5.39494867278116e-06
"ENSG00000080644",5.3930238452412e-06
"ENSG00000088256",5.39281122856607e-06
"ENSG00000137225",5.3913746413816e-06
"ENSG00000125787",5.38838447650651e-06
"ENSG00000077616",5.38800076191256e-06
"ENSG00000084636",5.38773417367513e-06
"ENSG00000164879",5.38665141605596e-06
"ENSG00000145451",5.38428905411996e-06
"ENSG00000230601",5.38169215714294e-06
"ENSG00000099999",5.3801343555752e-06
"ENSG00000162896",5.37864609300045e-06
"ENSG00000163359",5.37311973747388e-06
"ENSG00000188827",5.37147550983889e-06
"ENSG00000102055",5.37055090075676e-06
"ENSG00000140043",5.36428512241933e-06
"ENSG00000171936",5.35731650831975e-06
"ENSG00000165868",5.35730631222673e-06
"ENSG00000151812",5.35330049245672e-06
"ENSG00000169507",5.3499454283069e-06
"ENSG00000160183",5.3495198998465e-06
"ENSG00000129151",5.34700590629208e-06
"ENSG00000101333",5.33978734178294e-06
"ENSG00000179846",5.3373194493645e-06
"ENSG00000129194",5.32816459821629e-06
"ENSG00000254996",5.32350620805348e-06
"ENSG00000124780",5.3187965444635e-06
"ENSG00000154710",5.31845132620084e-06
"ENSG00000081026",5.31440339023e-06
"ENSG00000148053",5.31155083314336e-06
"ENSG00000124602",5.30859032679527e-06
"ENSG00000135931",5.30834264164644e-06
"ENSG00000108239",5.30335674741031e-06
"ENSG00000113721",5.2986365558388e-06
"ENSG00000083067",5.29842962620662e-06
"ENSG00000117245",5.29824045146352e-06
"ENSG00000114270",5.29768505816598e-06
"ENSG00000165669",5.29609967742639e-06
"ENSG00000171462",5.29488189366671e-06
"ENSG00000174226",5.28614027266302e-06
"ENSG00000182585",5.28381492067938e-06
"ENSG00000070669",5.27873191804398e-06
"ENSG00000168778",5.27694291559057e-06
"ENSG00000116183",5.27539507836742e-06
"ENSG00000260314",5.273574435849e-06
"ENSG00000166265",5.27346618390141e-06
"ENSG00000133107",5.26564476424399e-06
"ENSG00000066032",5.25776416177411e-06
"ENSG00000235272",5.25476616186535e-06
"ENSG00000138109",5.25465921656535e-06
"ENSG00000177380",5.25210532176171e-06
"ENSG00000101842",5.24988619818301e-06
"ENSG00000158497",5.2491090018292e-06
"ENSG00000126549",5.24768953484224e-06
"ENSG00000135870",5.24641783808164e-06
"ENSG00000213246",5.24045066090337e-06
"ENSG00000173269",5.23682406798491e-06
"ENSG00000104967",5.2355905833661e-06
"ENSG00000100228",5.23311722369525e-06
"ENSG00000164500",5.23053071950069e-06
"ENSG00000125675",5.22629566523558e-06
"ENSG00000174137",5.22276813405651e-06
"ENSG00000187398",5.22265169907575e-06
"ENSG00000175322",5.21898096699055e-06
"ENSG00000185899",5.21606716760961e-06
"ENSG00000204595",5.21526476431255e-06
"ENSG00000136542",5.21504466219688e-06
"ENSG00000243566",5.20936144960648e-06
"ENSG00000179941",5.20829905193514e-06
"ENSG00000157330",5.20811560133027e-06
"ENSG00000183682",5.20690869406154e-06
"ENSG00000157554",5.20567849752923e-06
"ENSG00000284622",5.20516512147595e-06
"ENSG00000068137",5.20306313903943e-06
"ENSG00000198626",5.19872924847753e-06
"ENSG00000162814",5.19084374292782e-06
"ENSG00000163288",5.18903495741272e-06
"ENSG00000107719",5.184611859381e-06
"ENSG00000125531",5.18411111413858e-06
"ENSG00000182902",5.18216959759754e-06
"ENSG00000182379",5.18186486824893e-06
"ENSG00000139547",5.1789272518767e-06
"ENSG00000160282",5.17800295889059e-06
"ENSG00000205482",5.16944002052271e-06
"ENSG00000167723",5.167533063351e-06
"ENSG00000102763",5.1641371406966e-06
"ENSG00000119041",5.15526206628382e-06
"ENSG00000119285",5.15037749075719e-06
"ENSG00000206559",5.148440510603e-06
"ENSG00000130035",5.13442044044105e-06
"ENSG00000226690",5.13298812231788e-06
"ENSG00000172421",5.13212923949136e-06
"ENSG00000249709",5.13100277894635e-06
"ENSG00000103175",5.13079594019094e-06
"ENSG00000168676",5.12567909763298e-06
"ENSG00000177602",5.12063536719251e-06
"ENSG00000036530",5.11874537373006e-06
"ENSG00000121297",5.11674642929292e-06
"ENSG00000187024",5.1093894324305e-06
"ENSG00000181023",5.10701153995772e-06
"ENSG00000272325",5.10572941110158e-06
"ENSG00000100678",5.10377003501625e-06
"ENSG00000075073",5.10170857372721e-06
"ENSG00000152990",5.0997308698098e-06
"ENSG00000086967",5.09624641337794e-06
"ENSG00000170948",5.09591445019643e-06
"ENSG00000180447",5.09444736814181e-06
"ENSG00000182853",5.08278919056697e-06
"ENSG00000250067",5.08249352029093e-06
"ENSG00000103723",5.07835601503224e-06
"ENSG00000114786",5.07475504916369e-06
"ENSG00000133110",5.07240371406458e-06
"ENSG00000154358",5.07102338818407e-06
"ENSG00000152592",5.0650050319433e-06
"ENSG00000158089",5.0644273885318e-06
"ENSG00000004846",5.06103057115583e-06
"ENSG00000151240",5.05710433178843e-06
"ENSG00000078328",5.0547306763616e-06
"ENSG00000165821",5.05064045937769e-06
"ENSG00000284484",5.04968334556722e-06
"ENSG00000109771",5.04243698581193e-06
"ENSG00000169906",5.04185795519816e-06
"ENSG00000118507",5.03877191874109e-06
"ENSG00000135409",5.03221845614406e-06
"ENSG00000258644",5.03213689802504e-06
"ENSG00000213923",5.03118761860383e-06
"ENSG00000173809",5.03036060602525e-06
"ENSG00000138813",5.02817223137799e-06
"ENSG00000115363",5.02749202066729e-06
"ENSG00000149133",5.02333638553565e-06
"ENSG00000164604",5.02199934809785e-06
"ENSG00000090530",5.01744285412159e-06
"ENSG00000254788",5.01721713712099e-06
"ENSG00000235098",5.01418493399256e-06
"ENSG00000168004",5.00703835908481e-06
"ENSG00000132932",5.00504552860705e-06
"ENSG00000156103",5.00499393110376e-06
"ENSG00000198829",5.00439064300856e-06
"ENSG00000175513",5.00316460272509e-06
"ENSG00000157388",5.002921329154e-06
"ENSG00000188153",4.99782448638043e-06
"ENSG00000127362",4.99466798076463e-06
"ENSG00000125414",4.99194636039475e-06
"ENSG00000144452",4.99151071031918e-06
"ENSG00000178665",4.99008826629357e-06
"ENSG00000161091",4.98812752208171e-06
"ENSG00000100038",4.98661934970842e-06
"ENSG00000284491",4.98360156280954e-06
"ENSG00000011566",4.98300577455064e-06
"ENSG00000167693",4.98099527640359e-06
"ENSG00000102870",4.97845534652514e-06
"ENSG00000105278",4.97830796283384e-06
"ENSG00000101883",4.97503519621179e-06
"ENSG00000158023",4.96585200389993e-06
"ENSG00000013297",4.96327539253965e-06
"ENSG00000277481",4.95866817592389e-06
"ENSG00000154928",4.95698823763736e-06
"ENSG00000077942",4.95382692003257e-06
"ENSG00000127863",4.95141353883613e-06
"ENSG00000089169",4.95022315712897e-06
"ENSG00000110042",4.94945893573734e-06
"ENSG00000121270",4.94726490734874e-06
"ENSG00000143603",4.94294058373884e-06
"ENSG00000127377",4.94164798820172e-06
"ENSG00000167131",4.93957696690054e-06
"ENSG00000114378",4.93776976217729e-06
"ENSG00000153707",4.93188863402447e-06
"ENSG00000184478",4.92562277254577e-06
"ENSG00000249961",4.92296026710606e-06
"ENSG00000198108",4.92267340958729e-06
"ENSG00000188152",4.91835849434697e-06
"ENSG00000137672",4.91518238337542e-06
"ENSG00000145920",4.91284963330914e-06
"ENSG00000128283",4.91241645059224e-06
"ENSG00000100968",4.9118626689052e-06
"ENSG00000121211",4.90673890418075e-06
"ENSG00000151079",4.90504329481031e-06
"ENSG00000280021",4.9041166161899e-06
"ENSG00000163032",4.90332903351826e-06
"ENSG00000162618",4.90132610789082e-06
"ENSG00000095777",4.89763037431283e-06
"ENSG00000078725",4.89619598235578e-06
"ENSG00000177694",4.89407002432653e-06
"ENSG00000145934",4.8929051779533e-06
"ENSG00000149609",4.89057965471228e-06
"ENSG00000275004",4.88777630036006e-06
"ENSG00000131015",4.88735592545049e-06
"ENSG00000102854",4.88601732294525e-06
"ENSG00000103023",4.88409463606054e-06
"ENSG00000101544",4.88406642086139e-06
"ENSG00000271303",4.88270014093272e-06
"ENSG00000119888",4.88128178281628e-06
"ENSG00000177791",4.87918821698227e-06
"ENSG00000139287",4.87521019218321e-06
"ENSG00000116574",4.87145821402142e-06
"ENSG00000223510",4.86839306899598e-06
"ENSG00000125788",4.86555674878862e-06
"ENSG00000163012",4.86337286621373e-06
"ENSG00000182253",4.85923557399813e-06
"ENSG00000142530",4.85444583970044e-06
"ENSG00000121005",4.8456620540361e-06
"ENSG00000196611",4.84412722115401e-06
"ENSG00000116703",4.84357427970764e-06
"ENSG00000249884",4.84161616200564e-06
"ENSG00000170677",4.84145610273385e-06
"ENSG00000172260",4.84047583375198e-06
"ENSG00000148082",4.83909191415466e-06
"ENSG00000197416",4.83409913299484e-06
"ENSG00000121101",4.83257879321357e-06
"ENSG00000177459",4.83205599713548e-06
"ENSG00000175267",4.83041983525178e-06
"ENSG00000160188",4.83041131871243e-06
"ENSG00000131386",4.81321374264982e-06
"ENSG00000178821",4.81282354523472e-06
"ENSG00000186638",4.81171700887222e-06
"ENSG00000270882",4.81118245678547e-06
"ENSG00000141639",4.80969383643145e-06
"ENSG00000091664",4.80932425546187e-06
"ENSG00000129946",4.8022704256882e-06
"ENSG00000101405",4.79960451108554e-06
"ENSG00000154611",4.79759454663059e-06
"ENSG00000104826",4.79545243878665e-06
"ENSG00000172572",4.79419165938799e-06
"ENSG00000106034",4.79386277149122e-06
"ENSG00000187889",4.79296380106899e-06
"ENSG00000182687",4.7927802766662e-06
"ENSG00000129990",4.78973936448635e-06
"ENSG00000162396",4.78761446587429e-06
"ENSG00000232593",4.78594457048322e-06
"ENSG00000196335",4.77828278513284e-06
"ENSG00000146555",4.77769884918011e-06
"ENSG00000099365",4.77540314940039e-06
"ENSG00000205403",4.7753876549628e-06
"ENSG00000143786",4.77077601381515e-06
"ENSG00000175535",4.76900096156016e-06
"ENSG00000121454",4.75934925361803e-06
"ENSG00000184675",4.75930307087296e-06
"ENSG00000143257",4.75801824163199e-06
"ENSG00000183570",4.75670457381799e-06
"ENSG00000162188",4.75536510775986e-06
"ENSG00000167037",4.7481930072133e-06
"ENSG00000188626",4.74790141574683e-06
"ENSG00000256797",4.74548651582427e-06
"ENSG00000156510",4.7400092881696e-06
"ENSG00000237136",4.73785986438363e-06
"ENSG00000113083",4.73650587114834e-06
"ENSG00000154620",4.73598098023309e-06
"ENSG00000176422",4.73596214977641e-06
"ENSG00000178150",4.73494136509308e-06
"ENSG00000205111",4.73325344461118e-06
"ENSG00000076706",4.73304010377109e-06
"ENSG00000175352",4.73212607420179e-06
"ENSG00000136918",4.72347148305118e-06
"ENSG00000128510",4.72296966968799e-06
"ENSG00000104368",4.72157610236263e-06
"ENSG00000242265",4.71784364602108e-06
"ENSG00000162643",4.7174324543636e-06
"ENSG00000111344",4.71616015661235e-06
"ENSG00000204947",4.71458152611919e-06
"ENSG00000196914",4.71392148587754e-06
"ENSG00000118156",4.7120903478625e-06
"ENSG00000169083",4.71132042515716e-06
"ENSG00000118785",4.71033938540319e-06
"ENSG00000198216",4.70918268765225e-06
"ENSG00000154678",4.70816446397813e-06
"ENSG00000149507",4.70364581336352e-06
"ENSG00000198691",4.70327369075248e-06
"ENSG00000108244",4.70193465503783e-06
"ENSG00000185634",4.70114942240286e-06
"ENSG00000257065",4.70100565167215e-06
"ENSG00000056558",4.69989100629529e-06
"ENSG00000186188",4.69976598837438e-06
"ENSG00000124003",4.69830217338674e-06
"ENSG00000169604",4.69097486284333e-06
"ENSG00000139053",4.68380114281586e-06
"ENSG00000169154",4.67981637056119e-06
"ENSG00000198156",4.67709029830232e-06
"ENSG00000152128",4.67306626325016e-06
"ENSG00000139915",4.66721319730081e-06
"ENSG00000036828",4.65871603786721e-06
"ENSG00000158571",4.6586810545916e-06
"ENSG00000169031",4.65783704442299e-06
"ENSG00000171992",4.65761357938452e-06
"ENSG00000165695",4.64952201031761e-06
"ENSG00000160539",4.64841852761854e-06
"ENSG00000282933",4.6469276157585e-06
"ENSG00000123570",4.64643197022861e-06
"ENSG00000151778",4.64532917101009e-06
"ENSG00000142178",4.64073152708106e-06
"ENSG00000181790",4.63413893867424e-06
"ENSG00000205456",4.63380494716733e-06
"ENSG00000144031",4.63314620756975e-06
"ENSG00000174607",4.62901255458504e-06
"ENSG00000260230",4.62863069615906e-06
"ENSG00000094963",4.62355759553309e-06
"ENSG00000150764",4.6213636471859e-06
"ENSG00000141255",4.61928506103952e-06
"ENSG00000139354",4.61812538336043e-06
"ENSG00000144550",4.61608119012639e-06
"ENSG00000070019",4.61417091593768e-06
"ENSG00000177932",4.60399378536483e-06
"ENSG00000196689",4.60147619384681e-06
"ENSG00000152977",4.59981035986429e-06
"ENSG00000077463",4.59851163934305e-06
"ENSG00000124839",4.59575470965319e-06
"ENSG00000158125",4.59355772594842e-06
"ENSG00000144045",4.58651397571178e-06
"ENSG00000165156",4.58623666475701e-06
"ENSG00000105855",4.58303169332568e-06
"ENSG00000119703",4.5817816570412e-06
"ENSG00000198768",4.57921529663902e-06
"ENSG00000072657",4.57821774723866e-06
"ENSG00000184984",4.57186630058215e-06
"ENSG00000137561",4.5707109532393e-06
"ENSG00000174567",4.57027616675056e-06
"ENSG00000186973",4.56335901734234e-06
"ENSG00000069122",4.55763344925218e-06
"ENSG00000182667",4.55635892615593e-06
"ENSG00000133687",4.55368284504846e-06
"ENSG00000141371",4.55272115076096e-06
"ENSG00000157315",4.54502435357242e-06
"ENSG00000124097",4.54488415073044e-06
"ENSG00000179168",4.54435524858932e-06
"ENSG00000132141",4.542120286436e-06
"ENSG00000184144",4.54012169080417e-06
"ENSG00000088367",4.53973210872817e-06
"ENSG00000135547",4.53854959345991e-06
"ENSG00000165588",4.53335981268427e-06
"ENSG00000197658",4.5331102412888e-06
"ENSG00000169016",4.52891711432809e-06
"ENSG00000146955",4.52378500302705e-06
"ENSG00000141161",4.52245599508996e-06
"ENSG00000243910",4.52104714965859e-06
"ENSG00000166823",4.52100623506354e-06
"ENSG00000150656",4.52031920193612e-06
"ENSG00000213934",4.52006920087875e-06
"ENSG00000011201",4.5154623182915e-06
"ENSG00000172456",4.51523369677237e-06
"ENSG00000223802",4.51145005559829e-06
"ENSG00000257390",4.51014421801762e-06
"ENSG00000114547",4.50182157047729e-06
"ENSG00000198576",4.49588028212899e-06
"ENSG00000164066",4.49511273319019e-06
"ENSG00000124171",4.48958201759793e-06
"ENSG00000073712",4.48954907118481e-06
"ENSG00000206562",4.48911864792558e-06
"ENSG00000126545",4.48871978914251e-06
"ENSG00000104723",4.48455154854151e-06
"ENSG00000198554",4.48453306613906e-06
"ENSG00000105698",4.48315745993116e-06
"ENSG00000005102",4.46817881633682e-06
"ENSG00000134871",4.45778037476455e-06
"ENSG00000169857",4.45609664075346e-06
"ENSG00000163959",4.4490006829551e-06
"ENSG00000250878",4.44837945536331e-06
"ENSG00000154783",4.44688070262001e-06
"ENSG00000114771",4.44010085886117e-06
"ENSG00000101489",4.43455191742598e-06
"ENSG00000196369",4.43241830477495e-06
"ENSG00000154133",4.43158692984702e-06
"ENSG00000205592",4.43157332824229e-06
"ENSG00000156535",4.42866158331143e-06
"ENSG00000152147",4.42841161315373e-06
"ENSG00000123607",4.42830093105801e-06
"ENSG00000204147",4.42793919466921e-06
"ENSG00000118432",4.42632073603144e-06
"ENSG00000122641",4.42611568416868e-06
"ENSG00000152104",4.42198761096228e-06
"ENSG00000165891",4.41973809704946e-06
"ENSG00000121853",4.4183886097134e-06
"ENSG00000211454",4.41603622272821e-06
"ENSG00000212864",4.41596873976518e-06
"ENSG00000173285",4.41582457754773e-06
"ENSG00000154646",4.41487020804486e-06
"ENSG00000136011",4.41421374085484e-06
"ENSG00000137693",4.4087981282961e-06
"ENSG00000188818",4.40129905891734e-06
"ENSG00000109775",4.40049786436869e-06
"ENSG00000115596",4.39973960450819e-06
"ENSG00000135549",4.39762592169146e-06
"ENSG00000021645",4.39743332113504e-06
"ENSG00000170011",4.3933269102544e-06
"ENSG00000212747",4.38524067420458e-06
"ENSG00000135625",4.38341501259703e-06
"ENSG00000162482",4.38191147536061e-06
"ENSG00000058673",4.37920527816579e-06
"ENSG00000152583",4.375013954881e-06
"ENSG00000176087",4.37139666429809e-06
"ENSG00000139910",4.37021468412128e-06
"ENSG00000198855",4.36963785645222e-06
"ENSG00000204711",4.36845366655583e-06
"ENSG00000116954",4.36690044732674e-06
"ENSG00000184163",4.36605611893111e-06
"ENSG00000178297",4.36342272904271e-06
"ENSG00000198074",4.36160353327472e-06
"ENSG00000187871",4.36067153946414e-06
"ENSG00000164556",4.35555846564804e-06
"ENSG00000153976",4.35545160586495e-06
"ENSG00000107882",4.3548551652096e-06
"ENSG00000187510",4.35416972243662e-06
"ENSG00000177990",4.3513656323025e-06
"ENSG00000073008",4.35133821822459e-06
"ENSG00000134201",4.35101831151376e-06
"ENSG00000157927",4.34171594769437e-06
"ENSG00000124678",4.34056392740607e-06
"ENSG00000178460",4.33682459817636e-06
"ENSG00000172464",4.33321576032249e-06
"ENSG00000270885",4.32942755876658e-06
"ENSG00000101197",4.3288759585623e-06
"ENSG00000144057",4.3275897206646e-06
"ENSG00000142748",4.32750562612486e-06
"ENSG00000099998",4.32541395359957e-06
"ENSG00000196503",4.32310689290653e-06
"ENSG00000206075",4.32286970686873e-06
"ENSG00000184022",4.3217338577221e-06
"ENSG00000147130",4.31320836320123e-06
"ENSG00000174429",4.30886465391716e-06
"ENSG00000108786",4.30793004320181e-06
"ENSG00000186075",4.30620206468745e-06
"ENSG00000196208",4.29858351015912e-06
"ENSG00000087250",4.29700756798556e-06
"ENSG00000080823",4.29133981081452e-06
"ENSG00000089101",4.29075912727107e-06
"ENSG00000180483",4.28873888164116e-06
"ENSG00000118231",4.28689425755644e-06
"ENSG00000261701",4.28594416890157e-06
"ENSG00000181827",4.28300189892239e-06
"ENSG00000161055",4.28222486290685e-06
"ENSG00000133424",4.2786539524193e-06
"ENSG00000188107",4.27737661287118e-06
"ENSG00000165192",4.27687272902645e-06
"ENSG00000198704",4.27576684898307e-06
"ENSG00000182489",4.26973400093319e-06
"ENSG00000135094",4.26861745160926e-06
"ENSG00000215012",4.26831592618221e-06
"ENSG00000163637",4.26444606241773e-06
"ENSG00000197653",4.26314786248529e-06
"ENSG00000086991",4.26113650413253e-06
"ENSG00000100139",4.25927482877357e-06
"ENSG00000109089",4.25599607370156e-06
"ENSG00000198643",4.254872333494e-06
"ENSG00000188763",4.25417951460206e-06
"ENSG00000079462",4.25310016441563e-06
"ENSG00000173198",4.25272817506352e-06
"ENSG00000108018",4.2471959239663e-06
"ENSG00000240045",4.24698156679543e-06
"ENSG00000188385",4.24664785603325e-06
"ENSG00000066813",4.24632285455296e-06
"ENSG00000164294",4.24609368448794e-06
"ENSG00000021488",4.24490121310768e-06
"ENSG00000101850",4.24379376824332e-06
"ENSG00000170522",4.24302039078847e-06
"ENSG00000162891",4.24275941884024e-06
"ENSG00000163092",4.23464384178312e-06
"ENSG00000159224",4.23354668181964e-06
"ENSG00000171501",4.23119419700298e-06
"ENSG00000101311",4.23066061906696e-06
"ENSG00000183571",4.22933710000248e-06
"ENSG00000168702",4.22918482496433e-06
"ENSG00000159256",4.22892357283922e-06
"ENSG00000154277",4.22763831057125e-06
"ENSG00000165548",4.22692964705181e-06
"ENSG00000117215",4.22282623963778e-06
"ENSG00000159289",4.21866461984414e-06
"ENSG00000171811",4.21811532428308e-06
"ENSG00000100196",4.21597386883508e-06
"ENSG00000105464",4.2035761431733e-06
"ENSG00000214700",4.20025806844648e-06
"ENSG00000042317",4.19986899839667e-06
"ENSG00000164303",4.19833080165386e-06
"ENSG00000165805",4.19720373889521e-06
"ENSG00000135917",4.1967654045134e-06
"ENSG00000118898",4.19546006998393e-06
"ENSG00000136014",4.19379723454801e-06
"ENSG00000178795",4.18980287119755e-06
"ENSG00000186907",4.18636754062745e-06
"ENSG00000187166",4.18287345643247e-06
"ENSG00000204632",4.17213051476496e-06
"ENSG00000154258",4.17075687063637e-06
"ENSG00000163121",4.16811449317237e-06
"ENSG00000104415",4.16294488489387e-06
"ENSG00000196705",4.16040804341317e-06
"ENSG00000111358",4.16020502785356e-06
"ENSG00000105641",4.15967586543468e-06
"ENSG00000214128",4.15950399020715e-06
"ENSG00000133116",4.15910896485288e-06
"ENSG00000108823",4.1567229031094e-06
"ENSG00000068615",4.15517142218899e-06
"ENSG00000183971",4.15387899009355e-06
"ENSG00000213023",4.15291126040267e-06
"ENSG00000171408",4.14870709429427e-06
"ENSG00000076770",4.1456616559601e-06
"ENSG00000011332",4.1450247367597e-06
"ENSG00000132840",4.1437458802788e-06
"ENSG00000198917",4.14310435915066e-06
"ENSG00000169570",4.14278039476215e-06
"ENSG00000213853",4.13852193287915e-06
"ENSG00000268480",4.13406900316555e-06
"ENSG00000164123",4.12942377403506e-06
"ENSG00000170509",4.12226214600401e-06
"ENSG00000184254",4.1202940884967e-06
"ENSG00000144821",4.11342123725834e-06
"ENSG00000156395",4.11076244033459e-06
"ENSG00000149922",4.10761102225355e-06
"ENSG00000102962",4.10375961167793e-06
"ENSG00000118137",4.10090234040452e-06
"ENSG00000153933",4.09519737206549e-06
"ENSG00000260007",4.08941367828658e-06
"ENSG00000172296",4.08934935109703e-06
"ENSG00000174521",4.08894262363249e-06
"ENSG00000196860",4.08676327776776e-06
"ENSG00000186509",4.08649068407113e-06
"ENSG00000167359",4.08401099048087e-06
"ENSG00000182308",4.08244068683862e-06
"ENSG00000166455",4.08224136499067e-06
"ENSG00000141668",4.07987891040258e-06
"ENSG00000127318",4.07006444109155e-06
"ENSG00000127585",4.06962647842763e-06
"ENSG00000165238",4.06705659550704e-06
"ENSG00000180801",4.06683438983149e-06
"ENSG00000130226",4.06533178196459e-06
"ENSG00000240184",4.06318536131689e-06
"ENSG00000144820",4.05391457686533e-06
"ENSG00000155714",4.04821624457079e-06
"ENSG00000132003",4.04691635227943e-06
"ENSG00000115392",4.03891284546851e-06
"ENSG00000134508",4.03780440071897e-06
"ENSG00000167914",4.03533100632063e-06
"ENSG00000203730",4.03326759492014e-06
"ENSG00000164128",4.03163475646747e-06
"ENSG00000185013",4.03128285949031e-06
"ENSG00000085276",4.02878044267276e-06
"ENSG00000130270",4.02551533927992e-06
"ENSG00000171385",4.0205991991e-06
"ENSG00000150201",4.01850646937378e-06
"ENSG00000187808",4.018130801212e-06
"ENSG00000093217",4.01712723185972e-06
"ENSG00000143195",4.0170937687952e-06
"ENSG00000260916",4.01398314688567e-06
"ENSG00000283632",4.01327900335304e-06
"ENSG00000254126",4.01264714596698e-06
"ENSG00000187486",4.00908700418982e-06
"ENSG00000073146",4.00813149822709e-06
"ENSG00000168658",4.00539820000058e-06
"ENSG00000135097",4.00405021003669e-06
"ENSG00000243364",4.00165839876591e-06
"ENSG00000171505",4.00101245128663e-06
"ENSG00000205364",3.99632992271509e-06
"ENSG00000114487",3.99423834023397e-06
"ENSG00000283128",3.98158291000707e-06
"ENSG00000145692",3.98098627162605e-06
"ENSG00000168070",3.9789589253949e-06
"ENSG00000284723",3.97280805910659e-06
"ENSG00000104093",3.97260394386018e-06
"ENSG00000172985",3.97112269361529e-06
"ENSG00000134874",3.9704741446302e-06
"ENSG00000149403",3.96943665661961e-06
"ENSG00000053328",3.96403908207503e-06
"ENSG00000167874",3.96179511133491e-06
"ENSG00000078295",3.96173099720886e-06
"ENSG00000179627",3.95755246307924e-06
"ENSG00000163710",3.95423711906513e-06
"ENSG00000163630",3.95357013509299e-06
"ENSG00000204301",3.95156213248723e-06
"ENSG00000114948",3.95125600799467e-06
"ENSG00000148225",3.94481235414932e-06
"ENSG00000180914",3.94046054553109e-06
"ENSG00000162598",3.94009932754481e-06
"ENSG00000107130",3.93762739059717e-06
"ENSG00000105792",3.93693459990224e-06
"ENSG00000050628",3.93665479447662e-06
"ENSG00000176635",3.9365577288767e-06
"ENSG00000206531",3.93587322160358e-06
"ENSG00000164746",3.93458727247007e-06
"ENSG00000118849",3.93454973216931e-06
"ENSG00000105538",3.93392226968181e-06
"ENSG00000239642",3.9271060732354e-06
"ENSG00000109944",3.92692455099071e-06
"ENSG00000139438",3.92641319082956e-06
"ENSG00000101680",3.9178973893279e-06
"ENSG00000050555",3.91650706264241e-06
"ENSG00000158683",3.91579568874328e-06
"ENSG00000187135",3.91283000692104e-06
"ENSG00000244731",3.91267075464332e-06
"ENSG00000167178",3.91073485588956e-06
"ENSG00000160963",3.90889597259021e-06
"ENSG00000187997",3.90810501180288e-06
"ENSG00000095464",3.90682598900268e-06
"ENSG00000077522",3.90402063751894e-06
"ENSG00000156697",3.90338886313007e-06
"ENSG00000188676",3.90199057946508e-06
"ENSG00000204060",3.90133976284918e-06
"ENSG00000168903",3.89933585015747e-06
"ENSG00000064042",3.89917638338955e-06
"ENSG00000140873",3.89904394900035e-06
"ENSG00000104760",3.89617852680801e-06
"ENSG00000151233",3.89446564611106e-06
"ENSG00000054690",3.89054336995844e-06
"ENSG00000109846",3.88800393979267e-06
"ENSG00000177873",3.88777215429102e-06
"ENSG00000170439",3.88717074582625e-06
"ENSG00000110148",3.88583173047288e-06
"ENSG00000138400",3.88174385260092e-06
"ENSG00000180787",3.88163845579371e-06
"ENSG00000054967",3.88068684830905e-06
"ENSG00000173838",3.88005558259305e-06
"ENSG00000157150",3.87878919596482e-06
"ENSG00000087085",3.87867028800093e-06
"ENSG00000180336",3.87403363393018e-06
"ENSG00000135436",3.8724586099441e-06
"ENSG00000234776",3.86937639942813e-06
"ENSG00000242550",3.86778981027137e-06
"ENSG00000147117",3.86619253954209e-06
"ENSG00000186190",3.86618602130893e-06
"ENSG00000176641",3.86465182345561e-06
"ENSG00000228594",3.8640901386346e-06
"ENSG00000049283",3.86079064395239e-06
"ENSG00000140600",3.85705341345981e-06
"ENSG00000111012",3.85553470859294e-06
"ENSG00000186094",3.85379170052087e-06
"ENSG00000064787",3.85314349429239e-06
"ENSG00000182256",3.8516787100893e-06
"ENSG00000162669",3.84454756794587e-06
"ENSG00000159556",3.84430834878736e-06
"ENSG00000143858",3.84339582497642e-06
"ENSG00000135299",3.84279184366464e-06
"ENSG00000162069",3.84048209661608e-06
"ENSG00000161905",3.83719802314971e-06
"ENSG00000145555",3.83713405962683e-06
"ENSG00000153993",3.8371271117437e-06
"ENSG00000047648",3.83425790243062e-06
"ENSG00000163040",3.83247803303328e-06
"ENSG00000106341",3.82401225167519e-06
"ENSG00000130821",3.82179076401119e-06
"ENSG00000132915",3.82025952852936e-06
"ENSG00000197408",3.81970195129921e-06
"ENSG00000242252",3.81945578313233e-06
"ENSG00000105982",3.81493842557265e-06
"ENSG00000172425",3.81187306862995e-06
"ENSG00000116031",3.81170808094291e-06
"ENSG00000160321",3.81091365024387e-06
"ENSG00000253368",3.81063447052208e-06
"ENSG00000177182",3.81008333823776e-06
"ENSG00000139200",3.80916491825594e-06
"ENSG00000134812",3.80800639944915e-06
"ENSG00000204531",3.80703270898856e-06
"ENSG00000065320",3.80521736972701e-06
"ENSG00000205560",3.80493008376498e-06
"ENSG00000167858",3.80407054956335e-06
"ENSG00000164236",3.80257164145928e-06
"ENSG00000083782",3.80112483817737e-06
"ENSG00000185821",3.80058983520868e-06
"ENSG00000168032",3.80001663507273e-06
"ENSG00000131746",3.79944126919189e-06
"ENSG00000158887",3.79763604258375e-06
"ENSG00000122687",3.79680458324522e-06
"ENSG00000143842",3.79418487220101e-06
"ENSG00000109472",3.79381073317985e-06
"ENSG00000131183",3.79377620612069e-06
"ENSG00000136010",3.79207923301505e-06
"ENSG00000145248",3.79075737663077e-06
"ENSG00000156574",3.78872208601506e-06
"ENSG00000168917",3.78242772495151e-06
"ENSG00000241852",3.78032563218337e-06
"ENSG00000064270",3.7801014873535e-06
"ENSG00000185662",3.77823031720266e-06
"ENSG00000129204",3.77801588565249e-06
"ENSG00000166246",3.77743365219489e-06
"ENSG00000138075",3.76956627382243e-06
"ENSG00000144362",3.7692703737884e-06
"ENSG00000129455",3.76829977831643e-06
"ENSG00000187288",3.7669421825051e-06
"ENSG00000169344",3.76549294929895e-06
"ENSG00000104313",3.76469488482461e-06
"ENSG00000142408",3.76214933973274e-06
"ENSG00000162426",3.75941022847305e-06
"ENSG00000138792",3.75914392826522e-06
"ENSG00000143322",3.75900866291731e-06
"ENSG00000132958",3.75734787933648e-06
"ENSG00000184999",3.75704053369367e-06
"ENSG00000105991",3.75601898250708e-06
"ENSG00000160808",3.75370004827288e-06
"ENSG00000214642",3.75146761210854e-06
"ENSG00000185730",3.7492877530572e-06
"ENSG00000137673",3.74796780430843e-06
"ENSG00000147676",3.74014409468171e-06
"ENSG00000112297",3.73554160668838e-06
"ENSG00000109047",3.73501620715081e-06
"ENSG00000143398",3.72762244737957e-06
"ENSG00000183318",3.7267841933957e-06
"ENSG00000113389",3.72449715967182e-06
"ENSG00000204644",3.72425435669483e-06
"ENSG00000137878",3.72399273754959e-06
"ENSG00000149927",3.72378035720917e-06
"ENSG00000138347",3.72309816313482e-06
"ENSG00000162999",3.72062267132318e-06
"ENSG00000105251",3.71579062872888e-06
"ENSG00000145839",3.71479109856098e-06
"ENSG00000082269",3.7125913737e-06
"ENSG00000176490",3.71221052953511e-06
"ENSG00000121900",3.71155754020591e-06
"ENSG00000188931",3.71123304996361e-06
"ENSG00000166450",3.71002288774662e-06
"ENSG00000137571",3.70977217406703e-06
"ENSG00000171931",3.70812784329388e-06
"ENSG00000131831",3.70629639077032e-06
"ENSG00000176697",3.70512552788183e-06
"ENSG00000183309",3.699520789748e-06
"ENSG00000135540",3.69947738473932e-06
"ENSG00000188211",3.69250499873059e-06
"ENSG00000160223",3.6890444416297e-06
"ENSG00000175868",3.68875444516682e-06
"ENSG00000162461",3.68676015582513e-06
"ENSG00000284730",3.68586620136148e-06
"ENSG00000184949",3.68528951857687e-06
"ENSG00000198959",3.68152150206573e-06
"ENSG00000167098",3.68031564194384e-06
"ENSG00000170289",3.67889646114422e-06
"ENSG00000146755",3.67883488781489e-06
"ENSG00000183307",3.66216025219638e-06
"ENSG00000233381",3.65643877282273e-06
"ENSG00000148735",3.6552481604526e-06
"ENSG00000065609",3.65247142910842e-06
"ENSG00000105141",3.65230008599293e-06
"ENSG00000170153",3.6506788490134e-06
"ENSG00000139973",3.65063139503148e-06
"ENSG00000198633",3.64986586877633e-06
"ENSG00000170890",3.64961081306747e-06
"ENSG00000205328",3.64955082759832e-06
"ENSG00000188394",3.64939746846309e-06
"ENSG00000145103",3.64755053237503e-06
"ENSG00000283654",3.64713267396895e-06
"ENSG00000244623",3.64704695415576e-06
"ENSG00000177138",3.64697846667398e-06
"ENSG00000224531",3.64003692812935e-06
"ENSG00000165188",3.63965682156504e-06
"ENSG00000185518",3.63891249055766e-06
"ENSG00000171227",3.63752646098566e-06
"ENSG00000183833",3.636925673476e-06
"ENSG00000182053",3.63495848950371e-06
"ENSG00000158747",3.63377220261141e-06
"ENSG00000185231",3.63071493240959e-06
"ENSG00000186567",3.62903731177333e-06
"ENSG00000175707",3.62580053942133e-06
"ENSG00000136943",3.6212115522473e-06
"ENSG00000187860",3.61887222629786e-06
"ENSG00000231924",3.61883708803994e-06
"ENSG00000160401",3.61245349598418e-06
"ENSG00000124391",3.61081980366856e-06
"ENSG00000101327",3.61001042732646e-06
"ENSG00000197409",3.60749628539525e-06
"ENSG00000268655",3.60548423494831e-06
"ENSG00000282608",3.6001842021785e-06
"ENSG00000155961",3.59783942277806e-06
"ENSG00000149968",3.59714896319547e-06
"ENSG00000186204",3.59534438794723e-06
"ENSG00000179148",3.59412486247505e-06
"ENSG00000134917",3.59010539887306e-06
"ENSG00000185888",3.5859437249178e-06
"ENSG00000121486",3.58554659292894e-06
"ENSG00000136854",3.58546267846987e-06
"ENSG00000253293",3.58530478127083e-06
"ENSG00000254122",3.57816129324727e-06
"ENSG00000138780",3.57786739828853e-06
"ENSG00000130045",3.57540558493393e-06
"ENSG00000117834",3.57484828725421e-06
"ENSG00000186197",3.57476311265986e-06
"ENSG00000166349",3.57346035411761e-06
"ENSG00000088538",3.5702628338025e-06
"ENSG00000114124",3.57006786567049e-06
"ENSG00000178033",3.56608797590334e-06
"ENSG00000169946",3.56540381594165e-06
"ENSG00000171060",3.56476466106411e-06
"ENSG00000151320",3.56369107412379e-06
"ENSG00000166510",3.56353145486862e-06
"ENSG00000250305",3.56330050876189e-06
"ENSG00000153237",3.56296456033987e-06
"ENSG00000129244",3.56276006696993e-06
"ENSG00000164270",3.5618987651943e-06
"ENSG00000150394",3.561817704362e-06
"ENSG00000186280",3.55936384017512e-06
"ENSG00000164932",3.55893196285555e-06
"ENSG00000101384",3.5585018760084e-06
"ENSG00000087152",3.55781671532631e-06
"ENSG00000205795",3.55265674288295e-06
"ENSG00000163331",3.55190191393323e-06
"ENSG00000174989",3.54736348363787e-06
"ENSG00000079150",3.54699440041919e-06
"ENSG00000197584",3.5447350551998e-06
"ENSG00000259384",3.54195930730452e-06
"ENSG00000132164",3.53827536646491e-06
"ENSG00000258102",3.5330972991573e-06
"ENSG00000162490",3.53146648977207e-06
"ENSG00000069535",3.53090119828515e-06
"ENSG00000116885",3.52873651986162e-06
"ENSG00000147127",3.52843386560118e-06
"ENSG00000156096",3.52744661765523e-06
"ENSG00000143107",3.51717631108251e-06
"ENSG00000111424",3.51517907212255e-06
"ENSG00000103852",3.51424794341838e-06
"ENSG00000102466",3.51272968645118e-06
"ENSG00000258947",3.51116557999676e-06
"ENSG00000189298",3.50945644465132e-06
"ENSG00000006837",3.50881953934452e-06
"ENSG00000196345",3.50807436197458e-06
"ENSG00000203972",3.50788918582005e-06
"ENSG00000144488",3.5075251915406e-06
"ENSG00000106588",3.5072831755531e-06
"ENSG00000163106",3.5062584918701e-06
"ENSG00000213921",3.50375252675948e-06
"ENSG00000171433",3.50308405509085e-06
"ENSG00000164171",3.50094398194118e-06
"ENSG00000260027",3.50076445084066e-06
"ENSG00000188039",3.4984119283814e-06
"ENSG00000160818",3.49486517428432e-06
"ENSG00000139292",3.49084849200758e-06
"ENSG00000116748",3.48978849873634e-06
"ENSG00000001626",3.47956589693008e-06
"ENSG00000242110",3.47867610705338e-06
"ENSG00000114279",3.4759139358522e-06
"ENSG00000135740",3.47456154476491e-06
"ENSG00000204673",3.47455447373375e-06
"ENSG00000183628",3.47131655529516e-06
"ENSG00000130699",3.47068244918127e-06
"ENSG00000167772",3.46969364606573e-06
"ENSG00000124479",3.46873349127922e-06
"ENSG00000185513",3.46805523027953e-06
"ENSG00000169855",3.4655943961002e-06
"ENSG00000185863",3.46114927608683e-06
"ENSG00000168938",3.45758643181196e-06
"ENSG00000185873",3.45636184884974e-06
"ENSG00000128000",3.45524065128528e-06
"ENSG00000110076",3.45301368088932e-06
"ENSG00000283877",3.45076175206162e-06
"ENSG00000139637",3.44993533423251e-06
"ENSG00000174792",3.44592480219681e-06
"ENSG00000129038",3.44547965454067e-06
"ENSG00000182389",3.44305100514234e-06
"ENSG00000157856",3.44240411673341e-06
"ENSG00000187730",3.44182224685397e-06
"ENSG00000130287",3.43875515117986e-06
"ENSG00000111058",3.43771629728425e-06
"ENSG00000125618",3.437495690462e-06
"ENSG00000124610",3.43704906572994e-06
"ENSG00000203857",3.43670078634382e-06
"ENSG00000159723",3.43545028965171e-06
"ENSG00000198225",3.43334242869166e-06
"ENSG00000184698",3.43166152395579e-06
"ENSG00000204291",3.42981026406023e-06
"ENSG00000168491",3.42634330193499e-06
"ENSG00000140297",3.42490116233633e-06
"ENSG00000196800",3.42461794239378e-06
"ENSG00000273983",3.42290806283785e-06
"ENSG00000166856",3.4221170327193e-06
"ENSG00000132793",3.42203236997922e-06
"ENSG00000162723",3.42094391780427e-06
"ENSG00000173627",3.41653026400065e-06
"ENSG00000141434",3.41373183948022e-06
"ENSG00000186777",3.41164791611279e-06
"ENSG00000112981",3.40752372147912e-06
"ENSG00000225805",3.40222383678353e-06
"ENSG00000163632",3.40118716491676e-06
"ENSG00000115194",3.39797824371194e-06
"ENSG00000147434",3.39654147633589e-06
"ENSG00000184954",3.39456051037001e-06
"ENSG00000198077",3.38195701778045e-06
"ENSG00000160233",3.38066685507305e-06
"ENSG00000183426",3.37988823777993e-06
"ENSG00000131055",3.37812955347844e-06
"ENSG00000196218",3.37686168144547e-06
"ENSG00000105146",3.37637876710135e-06
"ENSG00000176402",3.37085863721307e-06
"ENSG00000104879",3.3700985110934e-06
"ENSG00000172640",3.36984193202963e-06
"ENSG00000118276",3.36496126228564e-06
"ENSG00000185633",3.36331351726757e-06
"ENSG00000140527",3.36172725643796e-06
"ENSG00000133083",3.36143334719953e-06
"ENSG00000123843",3.36082013421367e-06
"ENSG00000175315",3.35966740846161e-06
"ENSG00000197168",3.35748707703265e-06
"ENSG00000169903",3.35632406963513e-06
"ENSG00000081479",3.35240339868776e-06
"ENSG00000152527",3.35078277978425e-06
"ENSG00000106633",3.35028344316521e-06
"ENSG00000007402",3.34392255755134e-06
"ENSG00000197557",3.34343731958819e-06
"ENSG00000183747",3.34138700874184e-06
"ENSG00000241186",3.33916729596307e-06
"ENSG00000156006",3.33757043307011e-06
"ENSG00000138472",3.33640916426022e-06
"ENSG00000092096",3.33495900659074e-06
"ENSG00000214652",3.33328563826e-06
"ENSG00000197496",3.33012596109967e-06
"ENSG00000164949",3.3278945889264e-06
"ENSG00000171502",3.32779788083721e-06
"ENSG00000168502",3.32682254326977e-06
"ENSG00000284479",3.32539589889643e-06
"ENSG00000177519",3.3243100855994e-06
"ENSG00000138080",3.32188973533302e-06
"ENSG00000139971",3.31994043587074e-06
"ENSG00000144331",3.31914013944938e-06
"ENSG00000273136",3.31798438534746e-06
"ENSG00000120162",3.31724110615662e-06
"ENSG00000174827",3.3139107354241e-06
"ENSG00000215187",3.31122715668558e-06
"ENSG00000102886",3.31073056019495e-06
"ENSG00000283473",3.30868481364187e-06
"ENSG00000179057",3.30633113993857e-06
"ENSG00000162992",3.3058546955138e-06
"ENSG00000196659",3.3034699085556e-06
"ENSG00000205678",3.30285324905733e-06
"ENSG00000253598",3.30249492295988e-06
"ENSG00000106025",3.30112712870563e-06
"ENSG00000267552",3.3011122966455e-06
"ENSG00000167346",3.29464374742969e-06
"ENSG00000124721",3.29430731602883e-06
"ENSG00000230453",3.2922718394209e-06
"ENSG00000161048",3.29031545424935e-06
"ENSG00000147647",3.28710569875812e-06
"ENSG00000183914",3.28545691049283e-06
"ENSG00000164904",3.28528484020877e-06
"ENSG00000173728",3.28491187308753e-06
"ENSG00000145863",3.2847103034698e-06
"ENSG00000249662",3.28271314223641e-06
"ENSG00000147145",3.28262258461066e-06
"ENSG00000244752",3.28175227060402e-06
"ENSG00000253649",3.28126601516814e-06
"ENSG00000180264",3.27913625584104e-06
"ENSG00000143194",3.277423471222e-06
"ENSG00000145623",3.27109510124035e-06
"ENSG00000147027",3.27011582591327e-06
"ENSG00000188234",3.26658424362438e-06
"ENSG00000136002",3.2634567077646e-06
"ENSG00000113303",3.2597401895265e-06
"ENSG00000136160",3.25952280698251e-06
"ENSG00000169862",3.25924854604409e-06
"ENSG00000275674",3.25883805584453e-06
"ENSG00000184545",3.25812912070608e-06
"ENSG00000204659",3.2538553646378e-06
"ENSG00000151962",3.24597393076953e-06
"ENSG00000148680",3.24235913829091e-06
"ENSG00000187513",3.2412290688786e-06
"ENSG00000175874",3.23985462350284e-06
"ENSG00000113763",3.23500546199893e-06
"ENSG00000106078",3.23223448526583e-06
"ENSG00000272031",3.23085814165402e-06
"ENSG00000184343",3.22723014222823e-06
"ENSG00000165269",3.22225856225364e-06
"ENSG00000166509",3.2216271844417e-06
"ENSG00000181619",3.21434802709174e-06
"ENSG00000163017",3.21161566426282e-06
"ENSG00000251287",3.21065473156969e-06
"ENSG00000005513",3.20696422712793e-06
"ENSG00000041982",3.20642061818531e-06
"ENSG00000105647",3.20069093783143e-06
"ENSG00000174038",3.19947997350418e-06
"ENSG00000169989",3.19869152890433e-06
"ENSG00000124194",3.19819501645107e-06
"ENSG00000203995",3.19473751578715e-06
"ENSG00000284629",3.19392781932568e-06
"ENSG00000124334",3.19330210127064e-06
"ENSG00000230707",3.19213861363283e-06
"ENSG00000177947",3.19102959357444e-06
"ENSG00000214274",3.19023635551803e-06
"ENSG00000128165",3.18940664301215e-06
"ENSG00000154269",3.18737067109738e-06
"ENSG00000174844",3.1855539784719e-06
"ENSG00000121988",3.18524999823652e-06
"ENSG00000198758",3.18486944899701e-06
"ENSG00000123572",3.18345393826338e-06
"ENSG00000180090",3.18274024160811e-06
"ENSG00000152763",3.18264490557531e-06
"ENSG00000146250",3.18178729756287e-06
"ENSG00000188219",3.18138583243897e-06
"ENSG00000101746",3.18103330219733e-06
"ENSG00000213694",3.18094270850031e-06
"ENSG00000152078",3.18065141680593e-06
"ENSG00000049540",3.17932958114726e-06
"ENSG00000162989",3.1779631799806e-06
"ENSG00000010932",3.1772554771228e-06
"ENSG00000133138",3.17623605865069e-06
"ENSG00000149124",3.17604443946896e-06
"ENSG00000176771",3.1760247839444e-06
"ENSG00000228672",3.17431843261431e-06
"ENSG00000176290",3.17314531300604e-06
"ENSG00000143147",3.17311024400047e-06
"ENSG00000160062",3.17153842169028e-06
"ENSG00000263201",3.16921392468402e-06
"ENSG00000099381",3.16915799966317e-06
"ENSG00000106038",3.16128145133476e-06
"ENSG00000196632",3.16085572389369e-06
"ENSG00000138395",3.15956808251788e-06
"ENSG00000004948",3.15821771939991e-06
"ENSG00000169302",3.15771308107275e-06
"ENSG00000181767",3.1559933812006e-06
"ENSG00000122733",3.15544229297398e-06
"ENSG00000077327",3.15266098830823e-06
"ENSG00000105376",3.1486485877274e-06
"ENSG00000130032",3.14793495678017e-06
"ENSG00000170044",3.1464872322002e-06
"ENSG00000151322",3.14318090885876e-06
"ENSG00000258466",3.13968651651104e-06
"ENSG00000091137",3.13629559480814e-06
"ENSG00000162267",3.13572157432415e-06
"ENSG00000140832",3.13563587149509e-06
"ENSG00000189377",3.13541818167018e-06
"ENSG00000188070",3.13437708193315e-06
"ENSG00000065457",3.13402239082993e-06
"ENSG00000102781",3.13343899655559e-06
"ENSG00000122194",3.13300867581547e-06
"ENSG00000112818",3.13245595563024e-06
"ENSG00000040608",3.12331845487809e-06
"ENSG00000197360",3.12261118850145e-06
"ENSG00000187855",3.12058989577196e-06
"ENSG00000138615",3.11892039110265e-06
"ENSG00000150625",3.11790099891074e-06
"ENSG00000074803",3.11656574502751e-06
"ENSG00000123901",3.11640888769826e-06
"ENSG00000185002",3.11518456316061e-06
"ENSG00000227729",3.11415298823133e-06
"ENSG00000164404",3.11319246486405e-06
"ENSG00000179520",3.10902711408633e-06
"ENSG00000164197",3.10819381222655e-06
"ENSG00000183067",3.10723904768881e-06
"ENSG00000173699",3.10615607051512e-06
"ENSG00000163884",3.1037307949548e-06
"ENSG00000120279",3.10000379050917e-06
"ENSG00000231989",3.09755695232612e-06
"ENSG00000187857",3.09425095324616e-06
"ENSG00000132846",3.09205357486231e-06
"ENSG00000105419",3.09129955034593e-06
"ENSG00000034239",3.09123498859676e-06
"ENSG00000135346",3.08846250665533e-06
"ENSG00000124812",3.08711720716827e-06
"ENSG00000180626",3.08424365190183e-06
"ENSG00000146267",3.08390875920594e-06
"ENSG00000157510",3.0838218232155e-06
"ENSG00000230358",3.08370988672449e-06
"ENSG00000009780",3.08161560280803e-06
"ENSG00000121207",3.07880694148523e-06
"ENSG00000132437",3.07812123780237e-06
"ENSG00000134061",3.07507738486166e-06
"ENSG00000147799",3.07425782730166e-06
"ENSG00000151715",3.07385891717679e-06
"ENSG00000137440",3.07328411669027e-06
"ENSG00000102010",3.07316988246963e-06
"ENSG00000162522",3.06995832969082e-06
"ENSG00000162873",3.06907749093988e-06
"ENSG00000196811",3.06252395053432e-06
"ENSG00000166930",3.06079982309946e-06
"ENSG00000086712",3.06037082329212e-06
"ENSG00000150773",3.06036546619035e-06
"ENSG00000175928",3.05872866400415e-06
"ENSG00000091844",3.05746255383651e-06
"ENSG00000166926",3.05533323098454e-06
"ENSG00000115648",3.05362480275323e-06
"ENSG00000180697",3.05205038257079e-06
"ENSG00000131873",3.05126961925352e-06
"ENSG00000167968",3.05106620772099e-06
"ENSG00000163898",3.05041417889206e-06
"ENSG00000149548",3.05006122652507e-06
"ENSG00000185306",3.04921319221272e-06
"ENSG00000152433",3.04709158775939e-06
"ENSG00000172497",3.04702376099153e-06
"ENSG00000132854",3.04351280860529e-06
"ENSG00000184261",3.04271232899098e-06
"ENSG00000140538",3.04095377946024e-06
"ENSG00000255423",3.03923055545484e-06
"ENSG00000152503",3.03865810300349e-06
"ENSG00000101134",3.0382953725735e-06
"ENSG00000180537",3.03758568007735e-06
"ENSG00000188175",3.03426063191327e-06
"ENSG00000256061",3.0333337934913e-06
"ENSG00000156502",3.03325190369462e-06
"ENSG00000249581",3.02685514196056e-06
"ENSG00000248712",3.02564395949325e-06
"ENSG00000138152",3.02424646366791e-06
"ENSG00000196277",3.020608640373e-06
"ENSG00000135517",3.02030795094258e-06
"ENSG00000205301",3.01891142038026e-06
"ENSG00000229453",3.01850699771442e-06
"ENSG00000266074",3.01756033635901e-06
"ENSG00000116990",3.01684798301846e-06
"ENSG00000069869",3.01459302482796e-06
"ENSG00000128578",3.01388673570484e-06
"ENSG00000128965",3.01023420773923e-06
"ENSG00000180287",3.00493253612887e-06
"ENSG00000172782",3.00352040065337e-06
"ENSG00000253537",3.00314499536282e-06
"ENSG00000178385",3.00243006627229e-06
"ENSG00000007314",2.99956569010913e-06
"ENSG00000177994",2.99761536359466e-06
"ENSG00000187612",2.99740886602902e-06
"ENSG00000246922",2.99355735252632e-06
"ENSG00000187987",2.99188400652989e-06
"ENSG00000184345",2.99145539431102e-06
"ENSG00000184378",2.98648394873036e-06
"ENSG00000178363",2.98416263326614e-06
"ENSG00000151006",2.98350897518287e-06
"ENSG00000141448",2.98241311850134e-06
"ENSG00000104611",2.98178964052024e-06
"ENSG00000175793",2.97770084255826e-06
"ENSG00000166359",2.97496098978256e-06
"ENSG00000158748",2.97460551555929e-06
"ENSG00000141748",2.97448961863159e-06
"ENSG00000185304",2.97297278731834e-06
"ENSG00000169992",2.96902842782428e-06
"ENSG00000162493",2.96676643905977e-06
"ENSG00000116962",2.96545971877955e-06
"ENSG00000174469",2.96519903041982e-06
"ENSG00000166860",2.96311250403777e-06
"ENSG00000137731",2.96141945984704e-06
"ENSG00000170516",2.96004813971484e-06
"ENSG00000188859",2.96000121811321e-06
"ENSG00000141579",2.95867547146068e-06
"ENSG00000186684",2.95673447930925e-06
"ENSG00000186943",2.95650828397699e-06
"ENSG00000105929",2.95590396432885e-06
"ENSG00000268350",2.95387139096796e-06
"ENSG00000254726",2.95252679118908e-06
"ENSG00000167774",2.95206222841977e-06
"ENSG00000163263",2.9514110591464e-06
"ENSG00000164112",2.95025287367061e-06
"ENSG00000179776",2.94698324107079e-06
"ENSG00000010404",2.94384757179099e-06
"ENSG00000137203",2.94326902189859e-06
"ENSG00000212993",2.94128186062954e-06
"ENSG00000143570",2.93795915499285e-06
"ENSG00000182324",2.93733616392128e-06
"ENSG00000174871",2.93661780438489e-06
"ENSG00000109819",2.9352558856657e-06
"ENSG00000145911",2.9312904959514e-06
"ENSG00000166473",2.93110468551006e-06
"ENSG00000112651",2.93091516757504e-06
"ENSG00000156172",2.93089567621579e-06
"ENSG00000178776",2.9265148066083e-06
"ENSG00000169248",2.92284290500543e-06
"ENSG00000188393",2.92243276250527e-06
"ENSG00000177398",2.92157710921445e-06
"ENSG00000165495",2.92037146113702e-06
"ENSG00000145242",2.91827970502202e-06
"ENSG00000234068",2.91508082505726e-06
"ENSG00000171496",2.9132577815579e-06
"ENSG00000114656",2.9131748249297e-06
"ENSG00000140839",2.91083418039207e-06
"ENSG00000106236",2.90933387419533e-06
"ENSG00000214300",2.90418250151183e-06
"ENSG00000139985",2.90349622247214e-06
"ENSG00000152611",2.90301984761243e-06
"ENSG00000137875",2.90265018316695e-06
"ENSG00000204345",2.90188199182581e-06
"ENSG00000163322",2.89914804987355e-06
"ENSG00000188130",2.89859361025307e-06
"ENSG00000129744",2.89746553140599e-06
"ENSG00000182963",2.89702570113809e-06
"ENSG00000141738",2.89591917133324e-06
"ENSG00000180116",2.8958007179797e-06
"ENSG00000163762",2.89571635619508e-06
"ENSG00000165633",2.89513870973824e-06
"ENSG00000127472",2.89491716033875e-06
"ENSG00000161031",2.89417985174421e-06
"ENSG00000132693",2.89264905472446e-06
"ENSG00000165379",2.8917727035299e-06
"ENSG00000171509",2.89149637075449e-06
"ENSG00000186529",2.89079930878693e-06
"ENSG00000143067",2.88933562305203e-06
"ENSG00000185567",2.88757017730865e-06
"ENSG00000212123",2.8875652595388e-06
"ENSG00000111305",2.88236919132466e-06
"ENSG00000117152",2.88141210885269e-06
"ENSG00000143776",2.88115978800851e-06
"ENSG00000171695",2.87767888121887e-06
"ENSG00000164070",2.87684032925406e-06
"ENSG00000184672",2.87657470626563e-06
"ENSG00000151617",2.87543536620158e-06
"ENSG00000257446",2.87286035608768e-06
"ENSG00000166839",2.87266918907576e-06
"ENSG00000162687",2.86806005163961e-06
"ENSG00000214694",2.86553059828806e-06
"ENSG00000050327",2.86379128982355e-06
"ENSG00000180777",2.85903274126221e-06
"ENSG00000185681",2.85716980640416e-06
"ENSG00000183090",2.85300619886099e-06
"ENSG00000181282",2.85123166087735e-06
"ENSG00000177453",2.85057804597474e-06
"ENSG00000253731",2.85001253323901e-06
"ENSG00000142611",2.84870667234939e-06
"ENSG00000182263",2.84657236721479e-06
"ENSG00000116141",2.84499207521753e-06
"ENSG00000204248",2.84412376412604e-06
"ENSG00000226321",2.84295961266111e-06
"ENSG00000117595",2.84147319938716e-06
"ENSG00000181903",2.83717754944807e-06
"ENSG00000091583",2.8364550495646e-06
"ENSG00000109738",2.83504839710366e-06
"ENSG00000125845",2.82883027048952e-06
"ENSG00000108001",2.82882741936988e-06
"ENSG00000153093",2.82763658552905e-06
"ENSG00000223638",2.82663513182078e-06
"ENSG00000072133",2.82546814525404e-06
"ENSG00000283361",2.82147532228029e-06
"ENSG00000115380",2.81858182564306e-06
"ENSG00000039068",2.81751728264464e-06
"ENSG00000162510",2.81177539339825e-06
"ENSG00000214216",2.8088519739783e-06
"ENSG00000238269",2.80575873211156e-06
"ENSG00000171495",2.80552875417749e-06
"ENSG00000050030",2.80333587950854e-06
"ENSG00000181856",2.80256371101932e-06
"ENSG00000149380",2.80205672761341e-06
"ENSG00000136834",2.80057276825746e-06
"ENSG00000184985",2.80028550789532e-06
"ENSG00000091704",2.79960853935805e-06
"ENSG00000213231",2.7975689996414e-06
"ENSG00000104756",2.79711136861995e-06
"ENSG00000099866",2.79333321257494e-06
"ENSG00000214517",2.79322834781319e-06
"ENSG00000167034",2.7929346867468e-06
"ENSG00000129673",2.79241825309205e-06
"ENSG00000163833",2.79178566820424e-06
"ENSG00000164185",2.79151948291138e-06
"ENSG00000164591",2.79080814927277e-06
"ENSG00000198650",2.78924616412264e-06
"ENSG00000024526",2.78889878621287e-06
"ENSG00000080166",2.78880123563471e-06
"ENSG00000188015",2.78804981593457e-06
"ENSG00000204909",2.78798829791268e-06
"ENSG00000180245",2.78402695357083e-06
"ENSG00000173156",2.78317203914609e-06
"ENSG00000198723",2.78021541268267e-06
"ENSG00000113594",2.77859838862108e-06
"ENSG00000170820",2.77749418520574e-06
"ENSG00000073282",2.77642189931383e-06
"ENSG00000172771",2.77591568386859e-06
"ENSG00000131771",2.77510265717036e-06
"ENSG00000165449",2.77259042512223e-06
"ENSG00000166796",2.7710080539786e-06
"ENSG00000166448",2.76974526590657e-06
"ENSG00000079931",2.7668243255365e-06
"ENSG00000156687",2.76433159509319e-06
"ENSG00000138316",2.76198582630432e-06
"ENSG00000109684",2.75962236804824e-06
"ENSG00000213516",2.75945907304715e-06
"ENSG00000132622",2.7577759135662e-06
"ENSG00000231738",2.75772306373999e-06
"ENSG00000114113",2.75632179548055e-06
"ENSG00000258484",2.75552748958666e-06
"ENSG00000214402",2.75451291121816e-06
"ENSG00000107821",2.75395915860342e-06
"ENSG00000164816",2.75291103036217e-06
"ENSG00000133101",2.75196892210543e-06
"ENSG00000118245",2.75069999763894e-06
"ENSG00000227051",2.74739364608751e-06
"ENSG00000101443",2.74694287838121e-06
"ENSG00000170615",2.74431903659985e-06
"ENSG00000269190",2.74233402220323e-06
"ENSG00000187969",2.740313817045e-06
"ENSG00000165152",2.7399674845243e-06
"ENSG00000166257",2.73730789901492e-06
"ENSG00000198400",2.73497422472733e-06
"ENSG00000179580",2.73492045660246e-06
"ENSG00000188338",2.72952538462063e-06
"ENSG00000151005",2.72697368193961e-06
"ENSG00000164045",2.72626717705615e-06
"ENSG00000139155",2.72553588813765e-06
"ENSG00000182890",2.7239548680054e-06
"ENSG00000277639",2.72206257879613e-06
"ENSG00000171201",2.72112483229991e-06
"ENSG00000163293",2.71782558643272e-06
"ENSG00000160877",2.71133696223382e-06
"ENSG00000243708",2.71026008042665e-06
"ENSG00000273703",2.70995477091394e-06
"ENSG00000242366",2.70922443394008e-06
"ENSG00000173678",2.70899352711609e-06
"ENSG00000102359",2.7079434893928e-06
"ENSG00000124006",2.7074803602595e-06
"ENSG00000164023",2.70360291627557e-06
"ENSG00000100065",2.70192109257092e-06
"ENSG00000168158",2.70135668269359e-06
"ENSG00000187094",2.69922171401686e-06
"ENSG00000141404",2.69320786605377e-06
"ENSG00000182931",2.69226151997874e-06
"ENSG00000276600",2.6911643535715e-06
"ENSG00000135480",2.68960560352291e-06
"ENSG00000116273",2.68938004615807e-06
"ENSG00000259030",2.68828277480934e-06
"ENSG00000073464",2.68513208050734e-06
"ENSG00000086548",2.68347385007388e-06
"ENSG00000221970",2.68321074153986e-06
"ENSG00000183378",2.6819945567826e-06
"ENSG00000165684",2.6798792795802e-06
"ENSG00000205755",2.67979148059488e-06
"ENSG00000179071",2.67946867969495e-06
"ENSG00000137975",2.67743432793364e-06
"ENSG00000149735",2.67562365827809e-06
"ENSG00000146826",2.67284499735856e-06
"ENSG00000164729",2.67116322481687e-06
"ENSG00000046604",2.67089934704498e-06
"ENSG00000273313",2.66936854664064e-06
"ENSG00000188368",2.66907007855812e-06
"ENSG00000124593",2.66733901567077e-06
"ENSG00000169607",2.66695073828973e-06
"ENSG00000121053",2.6669217015305e-06
"ENSG00000134363",2.66601050356437e-06
"ENSG00000275126",2.66502011360174e-06
"ENSG00000152076",2.66432360191809e-06
"ENSG00000242866",2.66408233014042e-06
"ENSG00000171812",2.66330485829755e-06
"ENSG00000177839",2.66275377486861e-06
"ENSG00000186453",2.66185715472746e-06
"ENSG00000186765",2.66126984191798e-06
"ENSG00000179855",2.65580564491427e-06
"ENSG00000185960",2.65569741784863e-06
"ENSG00000012171",2.65288093461844e-06
"ENSG00000156194",2.65016681156101e-06
"ENSG00000139144",2.64999580730394e-06
"ENSG00000146453",2.64732970553317e-06
"ENSG00000073754",2.64687885673199e-06
"ENSG00000101638",2.64610427576114e-06
"ENSG00000197646",2.64593103844839e-06
"ENSG00000131914",2.64580729289136e-06
"ENSG00000146205",2.64418125402629e-06
"ENSG00000186130",2.63948234453444e-06
"ENSG00000042781",2.63890795412407e-06
"ENSG00000188037",2.63811844829833e-06
"ENSG00000170091",2.63748367277715e-06
"ENSG00000179873",2.63731709511135e-06
"ENSG00000105409",2.6373006716389e-06
"ENSG00000100034",2.63664719205748e-06
"ENSG00000008128",2.63415060280069e-06
"ENSG00000278129",2.63405646491118e-06
"ENSG00000164796",2.63343989681191e-06
"ENSG00000002746",2.63033504398892e-06
"ENSG00000187134",2.63007124764374e-06
"ENSG00000165125",2.62578324643827e-06
"ENSG00000082497",2.62524110216735e-06
"ENSG00000178217",2.62183084614368e-06
"ENSG00000169908",2.62169617424666e-06
"ENSG00000110375",2.62167404810547e-06
"ENSG00000284292",2.61908312317896e-06
"ENSG00000188056",2.61736010347122e-06
"ENSG00000136114",2.61526651683818e-06
"ENSG00000142544",2.61453309353794e-06
"ENSG00000124215",2.61350371611438e-06
"ENSG00000102383",2.61342171101117e-06
"ENSG00000167757",2.61292714234618e-06
"ENSG00000100218",2.61107951425416e-06
"ENSG00000111799",2.60940879921146e-06
"ENSG00000129595",2.60929199833861e-06
"ENSG00000102032",2.60244676609876e-06
"ENSG00000162032",2.59996578029258e-06
"ENSG00000171209",2.59921621126635e-06
"ENSG00000186377",2.59540316524844e-06
"ENSG00000133454",2.59420562726573e-06
"ENSG00000180509",2.59387900690072e-06
"ENSG00000108702",2.59239783149468e-06
"ENSG00000166535",2.58847379983722e-06
"ENSG00000054598",2.58264159998254e-06
"ENSG00000203727",2.58254929796404e-06
"ENSG00000112619",2.58180403694823e-06
"ENSG00000022355",2.57842015658012e-06
"ENSG00000175697",2.57689990936142e-06
"ENSG00000188523",2.57597334538555e-06
"ENSG00000122121",2.57405475093994e-06
"ENSG00000136928",2.57006852352329e-06
"ENSG00000160408",2.56848817280389e-06
"ENSG00000180481",2.56763041167288e-06
"ENSG00000140015",2.56719755442586e-06
"ENSG00000005981",2.56718733185047e-06
"ENSG00000148677",2.56573657218442e-06
"ENSG00000179008",2.56564371213157e-06
"ENSG00000136931",2.56081247836578e-06
"ENSG00000153789",2.56019279210257e-06
"ENSG00000133657",2.5599889281814e-06
"ENSG00000175467",2.55783596188498e-06
"ENSG00000119121",2.557143214138e-06
"ENSG00000103034",2.55179504632799e-06
"ENSG00000164841",2.55146567018628e-06
"ENSG00000173065",2.54708571623405e-06
"ENSG00000176723",2.54673202563042e-06
"ENSG00000198610",2.54659926474242e-06
"ENSG00000157423",2.54595877985948e-06
"ENSG00000102243",2.54468237997192e-06
"ENSG00000172020",2.54298338751898e-06
"ENSG00000167103",2.54213626931255e-06
"ENSG00000147234",2.53368713845206e-06
"ENSG00000169575",2.5331475798807e-06
"ENSG00000176920",2.53194111684981e-06
"ENSG00000158008",2.53113907999962e-06
"ENSG00000124205",2.53065308450482e-06
"ENSG00000100156",2.52638134102564e-06
"ENSG00000162641",2.52590879361986e-06
"ENSG00000255974",2.52464893832323e-06
"ENSG00000196739",2.52352201782695e-06
"ENSG00000156042",2.52287460568427e-06
"ENSG00000182983",2.52204596670577e-06
"ENSG00000180938",2.52148059841876e-06
"ENSG00000269755",2.52089291511325e-06
"ENSG00000164451",2.51678181982747e-06
"ENSG00000155087",2.51653106180809e-06
"ENSG00000104419",2.51649072272321e-06
"ENSG00000187021",2.51617544980654e-06
"ENSG00000169752",2.51500796450397e-06
"ENSG00000145832",2.51322435172942e-06
"ENSG00000160013",2.51233163644595e-06
"ENSG00000187258",2.51224642903383e-06
"ENSG00000183474",2.51209665808155e-06
"ENSG00000182177",2.51195494893402e-06
"ENSG00000161807",2.51128230073601e-06
"ENSG00000186191",2.51083634788103e-06
"ENSG00000137691",2.50919214574483e-06
"ENSG00000172568",2.50854369797096e-06
"ENSG00000145945",2.50396164072055e-06
"ENSG00000148826",2.50350948884077e-06
"ENSG00000165409",2.50253342819057e-06
"ENSG00000132326",2.50075464862521e-06
"ENSG00000165406",2.50068329004231e-06
"ENSG00000267206",2.49883289373813e-06
"ENSG00000118523",2.49650464766895e-06
"ENSG00000158639",2.49454585605618e-06
"ENSG00000134247",2.49289272617221e-06
"ENSG00000214376",2.49231254393177e-06
"ENSG00000156113",2.4892494856571e-06
"ENSG00000180332",2.4882193904868e-06
"ENSG00000146166",2.48780523266197e-06
"ENSG00000188672",2.48679945535202e-06
"ENSG00000205669",2.48605175255495e-06
"ENSG00000121904",2.48548656109316e-06
"ENSG00000182752",2.48548441136993e-06
"ENSG00000126010",2.48432701949853e-06
"ENSG00000172380",2.48410320987595e-06
"ENSG00000279012",2.48359948983743e-06
"ENSG00000126218",2.48233733358382e-06
"ENSG00000255274",2.48003437709715e-06
"ENSG00000159871",2.47862568828325e-06
"ENSG00000270339",2.47820904541768e-06
"ENSG00000197993",2.47298832287811e-06
"ENSG00000137463",2.47120005134604e-06
"ENSG00000165912",2.47079545890208e-06
"ENSG00000076826",2.47079332711628e-06
"ENSG00000134020",2.46894518040749e-06
"ENSG00000154262",2.46872488415437e-06
"ENSG00000185155",2.46756316884998e-06
"ENSG00000165120",2.46597371656739e-06
"ENSG00000205022",2.46406732405003e-06
"ENSG00000111341",2.4633860296091e-06
"ENSG00000164089",2.46280500615128e-06
"ENSG00000112742",2.46273115434417e-06
"ENSG00000081051",2.45661847857466e-06
"ENSG00000163424",2.45536184432621e-06
"ENSG00000214338",2.45246310840085e-06
"ENSG00000054796",2.45108145287752e-06
"ENSG00000182035",2.44928986751671e-06
"ENSG00000100884",2.44740868248951e-06
"ENSG00000143768",2.44620055634854e-06
"ENSG00000130707",2.43904210149489e-06
"ENSG00000164626",2.43893805863372e-06
"ENSG00000138771",2.43672106600737e-06
"ENSG00000134323",2.43489433533371e-06
"ENSG00000164049",2.43370289148099e-06
"ENSG00000127249",2.43223983370573e-06
"ENSG00000181656",2.43210571234421e-06
"ENSG00000197361",2.42983030473659e-06
"ENSG00000113657",2.4289572258457e-06
"ENSG00000268988",2.42877991644009e-06
"ENSG00000181894",2.42833640866744e-06
"ENSG00000158402",2.42803105789334e-06
"ENSG00000171773",2.42796706997552e-06
"ENSG00000170605",2.42773047156918e-06
"ENSG00000188800",2.4227698759536e-06
"ENSG00000144355",2.42192029695937e-06
"ENSG00000283755",2.42160477181026e-06
"ENSG00000213420",2.42115492618028e-06
"ENSG00000040731",2.41906887716656e-06
"ENSG00000137860",2.41790282167213e-06
"ENSG00000185565",2.41606239899732e-06
"ENSG00000196832",2.41471016509458e-06
"ENSG00000171798",2.41373623989161e-06
"ENSG00000205856",2.4136862856514e-06
"ENSG00000203685",2.41144267519539e-06
"ENSG00000169184",2.4110678660037e-06
"ENSG00000243709",2.41000209434067e-06
"ENSG00000185897",2.40947631799242e-06
"ENSG00000129226",2.40906531027211e-06
"ENSG00000275113",2.40849629273302e-06
"ENSG00000150244",2.40548139819524e-06
"ENSG00000165828",2.40413495982086e-06
"ENSG00000196171",2.40333206571368e-06
"ENSG00000169306",2.40184052630145e-06
"ENSG00000174939",2.39974623088544e-06
"ENSG00000175264",2.39965087178578e-06
"ENSG00000129221",2.39815162074595e-06
"ENSG00000132207",2.396917794258e-06
"ENSG00000170953",2.39675050888523e-06
"ENSG00000182645",2.39641469312983e-06
"ENSG00000132010",2.39621546258671e-06
"ENSG00000241644",2.39509993362131e-06
"ENSG00000131080",2.39439594013968e-06
"ENSG00000163352",2.39433673819461e-06
"ENSG00000260097",2.3931271549085e-06
"ENSG00000164761",2.39187540495441e-06
"ENSG00000019485",2.39113849539285e-06
"ENSG00000275385",2.39003281025069e-06
"ENSG00000049449",2.38747148594286e-06
"ENSG00000164256",2.38639949084822e-06
"ENSG00000131650",2.3809461684312e-06
"ENSG00000184908",2.3805945360711e-06
"ENSG00000215274",2.37983423711403e-06
"ENSG00000240654",2.3788768293886e-06
"ENSG00000135119",2.37863579671212e-06
"ENSG00000131379",2.37834951567035e-06
"ENSG00000213160",2.3782868822432e-06
"ENSG00000186160",2.37723987564785e-06
"ENSG00000183454",2.37706105954051e-06
"ENSG00000242950",2.3731872409985e-06
"ENSG00000138738",2.37071745787875e-06
"ENSG00000156049",2.36965324546139e-06
"ENSG00000253873",2.36748641802255e-06
"ENSG00000075131",2.36713636332614e-06
"ENSG00000261873",2.36554101561641e-06
"ENSG00000175548",2.3652605438189e-06
"ENSG00000235718",2.36443792968789e-06
"ENSG00000197283",2.36376492551041e-06
"ENSG00000099957",2.36270843491574e-06
"ENSG00000119771",2.36113905695854e-06
"ENSG00000197483",2.36090605350498e-06
"ENSG00000099260",2.36055816686995e-06
"ENSG00000173805",2.3595146315984e-06
"ENSG00000163141",2.35925522044291e-06
"ENSG00000163701",2.3560605706757e-06
"ENSG00000164309",2.3555369393827e-06
"ENSG00000106536",2.35353804198957e-06
"ENSG00000163239",2.35266055674175e-06
"ENSG00000090932",2.35102896010207e-06
"ENSG00000016402",2.34923626360571e-06
"ENSG00000141194",2.34884748138707e-06
"ENSG00000124092",2.34622518664823e-06
"ENSG00000012504",2.34556111796901e-06
"ENSG00000161609",2.34545225355716e-06
"ENSG00000186007",2.34516420572318e-06
"ENSG00000255663",2.34428437014361e-06
"ENSG00000141946",2.3427855836931e-06
"ENSG00000189134",2.34240068194273e-06
"ENSG00000121236",2.341304168475e-06
"ENSG00000205710",2.34126317586749e-06
"ENSG00000221977",2.34085369046586e-06
"ENSG00000274386",2.33983995618206e-06
"ENSG00000113361",2.33861403436023e-06
"ENSG00000105426",2.33758289357077e-06
"ENSG00000188157",2.33725476090093e-06
"ENSG00000109927",2.33648722000565e-06
"ENSG00000105696",2.33471321079377e-06
"ENSG00000271383",2.33408496221009e-06
"ENSG00000236320",2.33330593718166e-06
"ENSG00000068985",2.33301904831098e-06
"ENSG00000137491",2.3319316233918e-06
"ENSG00000187753",2.33129173528716e-06
"ENSG00000119139",2.3294820084038e-06
"ENSG00000198844",2.3292616580832e-06
"ENSG00000182533",2.32875109991004e-06
"ENSG00000132692",2.32808029169751e-06
"ENSG00000249715",2.32754017225e-06
"ENSG00000282757",2.32745006853632e-06
"ENSG00000176177",2.32643685843858e-06
"ENSG00000171970",2.32525804497811e-06
"ENSG00000131778",2.32451089184946e-06
"ENSG00000165533",2.32424065307248e-06
"ENSG00000186334",2.31964900475873e-06
"ENSG00000004776",2.31835582192775e-06
"ENSG00000163251",2.31510215738702e-06
"ENSG00000081181",2.31468557832498e-06
"ENSG00000171817",2.3134638157138e-06
"ENSG00000179913",2.31171518234221e-06
"ENSG00000183287",2.30806711441534e-06
"ENSG00000114251",2.30477330822133e-06
"ENSG00000188487",2.30472146406051e-06
"ENSG00000147166",2.30453131587684e-06
"ENSG00000137872",2.3034247313606e-06
"ENSG00000145642",2.29880979374595e-06
"ENSG00000197888",2.29879248143626e-06
"ENSG00000224578",2.29621884179892e-06
"ENSG00000142798",2.29574803365406e-06
"ENSG00000188655",2.29248281892937e-06
"ENSG00000090776",2.29247845570215e-06
"ENSG00000160181",2.29217109055725e-06
"ENSG00000205978",2.29146001313008e-06
"ENSG00000185758",2.28995651045283e-06
"ENSG00000172150",2.28904189579233e-06
"ENSG00000145321",2.28840489066178e-06
"ENSG00000171459",2.28731335884523e-06
"ENSG00000152822",2.28530540394662e-06
"ENSG00000176293",2.28465909370886e-06
"ENSG00000203870",2.2838634922777e-06
"ENSG00000123561",2.2820655833317e-06
"ENSG00000176200",2.28170973921008e-06
"ENSG00000267795",2.28068591498891e-06
"ENSG00000177627",2.28039603353896e-06
"ENSG00000084734",2.280344402519e-06
"ENSG00000110811",2.27861469304075e-06
"ENSG00000058335",2.27562528649517e-06
"ENSG00000178997",2.27486657765157e-06
"ENSG00000147896",2.27413702686294e-06
"ENSG00000178750",2.27360032553522e-06
"ENSG00000117601",2.27332202208214e-06
"ENSG00000178662",2.27322574721307e-06
"ENSG00000169427",2.27178228071459e-06
"ENSG00000174514",2.27129691075485e-06
"ENSG00000183607",2.26550711686864e-06
"ENSG00000069188",2.26525535833604e-06
"ENSG00000244234",2.26436395931693e-06
"ENSG00000152315",2.2626218164169e-06
"ENSG00000197273",2.26248404132771e-06
"ENSG00000203697",2.26158651665522e-06
"ENSG00000145506",2.26042522331833e-06
"ENSG00000061455",2.25969350864446e-06
"ENSG00000188316",2.25899723803465e-06
"ENSG00000113492",2.2582428983173e-06
"ENSG00000103044",2.25635892078222e-06
"ENSG00000167634",2.25521103856279e-06
"ENSG00000159166",2.25426813492645e-06
"ENSG00000121446",2.25143507788124e-06
"ENSG00000104808",2.25118708872445e-06
"ENSG00000176907",2.2505466409727e-06
"ENSG00000105672",2.24830189959361e-06
"ENSG00000257365",2.24749996065671e-06
"ENSG00000153822",2.24515509947983e-06
"ENSG00000283434",2.24350660204666e-06
"ENSG00000188883",2.24245295838334e-06
"ENSG00000179363",2.24148158744965e-06
"ENSG00000167646",2.24066594112948e-06
"ENSG00000131095",2.23877453483931e-06
"ENSG00000183166",2.23588304342492e-06
"ENSG00000213949",2.23509011488924e-06
"ENSG00000101446",2.23347762141132e-06
"ENSG00000168454",2.23299959665346e-06
"ENSG00000113194",2.2328507699815e-06
"ENSG00000177476",2.23254523557883e-06
"ENSG00000104369",2.22795822443774e-06
"ENSG00000197406",2.22529036155837e-06
"ENSG00000149090",2.22270665978615e-06
"ENSG00000130513",2.22155870024332e-06
"ENSG00000138435",2.21965696356342e-06
"ENSG00000180638",2.21948199866881e-06
"ENSG00000160862",2.21860215954424e-06
"ENSG00000162039",2.21808305197041e-06
"ENSG00000122870",2.21755463101125e-06
"ENSG00000156234",2.21659975172075e-06
"ENSG00000204866",2.21609471314992e-06
"ENSG00000183310",2.21152382674217e-06
"ENSG00000125046",2.20744943351962e-06
"ENSG00000174945",2.20678875672142e-06
"ENSG00000135063",2.20674642313248e-06
"ENSG00000073598",2.20542273472177e-06
"ENSG00000137270",2.20371185668044e-06
"ENSG00000214891",2.20264401110384e-06
"ENSG00000189186",2.2025502614277e-06
"ENSG00000149243",2.20126197896046e-06
"ENSG00000136155",2.20120372564146e-06
"ENSG00000164400",2.1984800277667e-06
"ENSG00000161664",2.19791028462776e-06
"ENSG00000175745",2.1971485069033e-06
"ENSG00000169885",2.19197348549988e-06
"ENSG00000205439",2.19055309576323e-06
"ENSG00000134940",2.1904674792585e-06
"ENSG00000131096",2.18970007941801e-06
"ENSG00000187806",2.1883741931213e-06
"ENSG00000182223",2.18755180357789e-06
"ENSG00000177706",2.18723968131468e-06
"ENSG00000122592",2.1859926911968e-06
"ENSG00000131899",2.18572283320534e-06
"ENSG00000070729",2.18495031247443e-06
"ENSG00000096264",2.18441619927092e-06
"ENSG00000137968",2.18441389520268e-06
"ENSG00000118707",2.18083870172425e-06
"ENSG00000116147",2.1806732347663e-06
"ENSG00000118804",2.18067050717624e-06
"ENSG00000235863",2.17946852773729e-06
"ENSG00000015592",2.17920105103956e-06
"ENSG00000104499",2.17705340579827e-06
"ENSG00000143632",2.17488242604627e-06
"ENSG00000176009",2.17393006069755e-06
"ENSG00000226288",2.1735293543861e-06
"ENSG00000176076",2.1732927942772e-06
"ENSG00000186471",2.17206469368704e-06
"ENSG00000147144",2.17095297640744e-06
"ENSG00000130876",2.16974864291874e-06
"ENSG00000232070",2.16706310059831e-06
"ENSG00000184524",2.16658170497323e-06
"ENSG00000090889",2.16657761458452e-06
"ENSG00000279514",2.1655333852246e-06
"ENSG00000066248",2.16070556692976e-06
"ENSG00000154997",2.15725739309763e-06
"ENSG00000139734",2.15431419980384e-06
"ENSG00000064835",2.15371683264446e-06
"ENSG00000241563",2.15276280431794e-06
"ENSG00000090659",2.15144294517236e-06
"ENSG00000155428",2.15056644380643e-06
"ENSG00000170835",2.14906388608755e-06
"ENSG00000166368",2.14728309773005e-06
"ENSG00000087237",2.14658887346546e-06
"ENSG00000159307",2.14582896549247e-06
"ENSG00000146090",2.14427243099572e-06
"ENSG00000105707",2.14386348324254e-06
"ENSG00000262209",2.14361176889211e-06
"ENSG00000174951",2.14235508984084e-06
"ENSG00000255833",2.1418328644766e-06
"ENSG00000016391",2.14059645178231e-06
"ENSG00000141431",2.14027804256671e-06
"ENSG00000156140",2.14014876865736e-06
"ENSG00000136379",2.14001251125735e-06
"ENSG00000273841",2.13892566989827e-06
"ENSG00000181867",2.13878559882476e-06
"ENSG00000120160",2.1386949902501e-06
"ENSG00000132259",2.13833313339976e-06
"ENSG00000071205",2.13493926285872e-06
"ENSG00000281613",2.13483428969319e-06
"ENSG00000169876",2.13272658604441e-06
"ENSG00000250722",2.13161764921185e-06
"ENSG00000183317",2.12907389773165e-06
"ENSG00000213793",2.12723169948816e-06
"ENSG00000221937",2.12437505252993e-06
"ENSG00000124440",2.12370423628922e-06
"ENSG00000127324",2.12205325209185e-06
"ENSG00000162595",2.12141761151788e-06
"ENSG00000176742",2.12079697898619e-06
"ENSG00000214360",2.12022932708565e-06
"ENSG00000150676",2.11879618765006e-06
"ENSG00000182636",2.11878734796191e-06
"ENSG00000130962",2.1185102806085e-06
"ENSG00000076356",2.1181971678626e-06
"ENSG00000122691",2.11796609858777e-06
"ENSG00000167014",2.11734958338958e-06
"ENSG00000248385",2.1171226318109e-06
"ENSG00000189280",2.11662579704301e-06
"ENSG00000138100",2.11626056360052e-06
"ENSG00000204851",2.11530191600911e-06
"ENSG00000110245",2.11332779292814e-06
"ENSG00000253626",2.11114393137583e-06
"ENSG00000157322",2.11093095756503e-06
"ENSG00000187244",2.10919751674315e-06
"ENSG00000174448",2.10473080691708e-06
"ENSG00000178342",2.10397453607129e-06
"ENSG00000164093",2.10379548503618e-06
"ENSG00000255359",2.10372781197414e-06
"ENSG00000146383",2.10222788543444e-06
"ENSG00000268163",2.09575713144659e-06
"ENSG00000163993",2.09547953838988e-06
"ENSG00000154839",2.09272658928729e-06
"ENSG00000162458",2.09174306725313e-06
"ENSG00000178804",2.08964113934316e-06
"ENSG00000149634",2.08933862726992e-06
"ENSG00000107295",2.0872207612357e-06
"ENSG00000243955",2.08080147386093e-06
"ENSG00000082126",2.08013540312802e-06
"ENSG00000138823",2.07990006442856e-06
"ENSG00000165084",2.07960285429722e-06
"ENSG00000112183",2.07843490807192e-06
"ENSG00000162390",2.07781467008743e-06
"ENSG00000249751",2.07760169351579e-06
"ENSG00000189184",2.07707574861297e-06
"ENSG00000197084",2.07503740617652e-06
"ENSG00000215910",2.07474229584011e-06
"ENSG00000166833",2.07461189198948e-06
"ENSG00000137709",2.07381621418252e-06
"ENSG00000172404",2.07358082627424e-06
"ENSG00000181961",2.07129835071558e-06
"ENSG00000186487",2.07075112570218e-06
"ENSG00000196972",2.07069816397827e-06
"ENSG00000173267",2.06554951232216e-06
"ENSG00000120798",2.06278368538964e-06
"ENSG00000250673",2.06160829157514e-06
"ENSG00000080910",2.06017309330169e-06
"ENSG00000169181",2.05934715033472e-06
"ENSG00000177689",2.05413756814068e-06
"ENSG00000106006",2.05301527528824e-06
"ENSG00000131068",2.05199860072378e-06
"ENSG00000187003",2.05056109446186e-06
"ENSG00000101222",2.05024941188561e-06
"ENSG00000162949",2.04898503194479e-06
"ENSG00000169684",2.04868520838453e-06
"ENSG00000122254",2.04860675429309e-06
"ENSG00000175311",2.04849652343466e-06
"ENSG00000072315",2.04655628753967e-06
"ENSG00000111701",2.04203247826337e-06
"ENSG00000062038",2.03900356972014e-06
"ENSG00000062370",2.03759719797956e-06
"ENSG00000080293",2.03590057829413e-06
"ENSG00000259224",2.03586032772542e-06
"ENSG00000173253",2.03286569148352e-06
"ENSG00000182901",2.03285432528175e-06
"ENSG00000124818",2.03238457927897e-06
"ENSG00000057468",2.03168090002627e-06
"ENSG00000088386",2.03155548307852e-06
"ENSG00000183549",2.02945973769471e-06
"ENSG00000247595",2.02772647702663e-06
"ENSG00000242028",2.02740193886244e-06
"ENSG00000146039",2.02712076467874e-06
"ENSG00000100987",2.02489657335319e-06
"ENSG00000073670",2.02424020283648e-06
"ENSG00000158296",2.02288419554666e-06
"ENSG00000177462",2.02134094767696e-06
"ENSG00000119125",2.02005054926523e-06
"ENSG00000175426",2.01944960255991e-06
"ENSG00000215784",2.01855686178424e-06
"ENSG00000279301",2.01852053613113e-06
"ENSG00000229859",2.01760491292428e-06
"ENSG00000169224",2.01582204112444e-06
"ENSG00000099814",2.01407580555345e-06
"ENSG00000113327",2.01322217139362e-06
"ENSG00000168546",2.00986416696935e-06
"ENSG00000173578",2.00961176038833e-06
"ENSG00000184916",2.00878704508189e-06
"ENSG00000065325",2.00788930941111e-06
"ENSG00000141527",2.00677075081488e-06
"ENSG00000183695",2.00604178126905e-06
"ENSG00000184349",2.00582319355772e-06
"ENSG00000164619",2.00533031784789e-06
"ENSG00000135472",2.00466673876836e-06
"ENSG00000198965",2.00381661616648e-06
"ENSG00000078401",2.00270411864301e-06
"ENSG00000204176",2.00098254215091e-06
"ENSG00000162620",2.00082869051905e-06
"ENSG00000132911",2.00082580939937e-06
"ENSG00000096696",2.00067895365752e-06
"ENSG00000254636",2.00059198627908e-06
"ENSG00000168314",2.00003693251782e-06
"ENSG00000122574",1.99966186518684e-06
"ENSG00000233608",1.99837164300833e-06
"ENSG00000116132",1.99766146455531e-06
"ENSG00000137261",1.99692857275584e-06
"ENSG00000091831",1.99681230214242e-06
"ENSG00000135697",1.9962822012109e-06
"ENSG00000186399",1.99531361722577e-06
"ENSG00000158458",1.99511058656917e-06
"ENSG00000172817",1.99228969853826e-06
"ENSG00000154415",1.99138073839658e-06
"ENSG00000069812",1.98945918270143e-06
"ENSG00000142182",1.98786587666364e-06
"ENSG00000183844",1.98687222954275e-06
"ENSG00000168263",1.98588671361633e-06
"ENSG00000177212",1.98513197357301e-06
"ENSG00000133135",1.98244512136889e-06
"ENSG00000140465",1.98235460481371e-06
"ENSG00000118434",1.98135047837261e-06
"ENSG00000120251",1.9805860014427e-06
"ENSG00000169126",1.98055303208536e-06
"ENSG00000178093",1.98022517100423e-06
"ENSG00000089472",1.97938925380611e-06
"ENSG00000092969",1.97830340534677e-06
"ENSG00000106384",1.97687508560504e-06
"ENSG00000179133",1.97527369214808e-06
"ENSG00000164164",1.97368084209397e-06
"ENSG00000164972",1.97354341827229e-06
"ENSG00000139364",1.96990966016047e-06
"ENSG00000134207",1.96937538766719e-06
"ENSG00000134757",1.96882142278104e-06
"ENSG00000164822",1.96733664325628e-06
"ENSG00000274209",1.9663757318498e-06
"ENSG00000142224",1.96493481853119e-06
"ENSG00000228623",1.96371153221699e-06
"ENSG00000175766",1.96203164635509e-06
"ENSG00000105143",1.96037507821507e-06
"ENSG00000183579",1.95903460512444e-06
"ENSG00000260234",1.95690266729024e-06
"ENSG00000137166",1.95507386683597e-06
"ENSG00000146151",1.95427045819512e-06
"ENSG00000138653",1.95339820717629e-06
"ENSG00000204979",1.95333801721014e-06
"ENSG00000168959",1.95306746679376e-06
"ENSG00000163624",1.95250418049734e-06
"ENSG00000204952",1.9510355365736e-06
"ENSG00000176787",1.94808179456422e-06
"ENSG00000168131",1.94796340324682e-06
"ENSG00000105392",1.94471710322272e-06
"ENSG00000142910",1.94341225971122e-06
"ENSG00000079393",1.94224620008632e-06
"ENSG00000269533",1.94204998345612e-06
"ENSG00000173157",1.94181907835374e-06
"ENSG00000147485",1.94178719917112e-06
"ENSG00000242221",1.94159845796793e-06
"ENSG00000088756",1.94030096334228e-06
"ENSG00000213221",1.93846627217559e-06
"ENSG00000280969",1.93439665192228e-06
"ENSG00000168092",1.93322617756469e-06
"ENSG00000214414",1.9312535106644e-06
"ENSG00000237353",1.9292794429639e-06
"ENSG00000138161",1.92819428757413e-06
"ENSG00000095627",1.92721266569882e-06
"ENSG00000106789",1.92477573745243e-06
"ENSG00000206069",1.92433334909606e-06
"ENSG00000169340",1.92400407300944e-06
"ENSG00000264187",1.92000798156585e-06
"ENSG00000165496",1.91943213832456e-06
"ENSG00000172867",1.91924534879519e-06
"ENSG00000102755",1.91843265490367e-06
"ENSG00000186806",1.91804160288124e-06
"ENSG00000135835",1.91670399324149e-06
"ENSG00000070915",1.91655030794467e-06
"ENSG00000124134",1.91414308707923e-06
"ENSG00000166343",1.91377346606814e-06
"ENSG00000164342",1.91181100185973e-06
"ENSG00000126583",1.90828903738252e-06
"ENSG00000143375",1.907117072807e-06
"ENSG00000188817",1.90529244690089e-06
"ENSG00000186367",1.90363756893566e-06
"ENSG00000173679",1.90172573883233e-06
"ENSG00000099994",1.9009075286579e-06
"ENSG00000213920",1.89811686021527e-06
"ENSG00000057019",1.89756359931583e-06
"ENSG00000258366",1.89671470164329e-06
"ENSG00000148344",1.89628606032395e-06
"ENSG00000184650",1.89508401613417e-06
"ENSG00000140835",1.89407910725839e-06
"ENSG00000198203",1.89306749777251e-06
"ENSG00000175356",1.89288459746605e-06
"ENSG00000144962",1.8911047215464e-06
"ENSG00000178175",1.89102735605004e-06
"ENSG00000142515",1.89068568787886e-06
"ENSG00000168703",1.89026715894981e-06
"ENSG00000165816",1.88924617200751e-06
"ENSG00000255524",1.88687877686835e-06
"ENSG00000168309",1.88503714109908e-06
"ENSG00000140795",1.88404839998136e-06
"ENSG00000162139",1.88398501812095e-06
"ENSG00000146938",1.88382510396892e-06
"ENSG00000188095",1.88356886314289e-06
"ENSG00000169330",1.88322579253432e-06
"ENSG00000140107",1.88112614071545e-06
"ENSG00000187054",1.88021845633304e-06
"ENSG00000137699",1.88013513851527e-06
"ENSG00000127743",1.87956101149305e-06
"ENSG00000181017",1.87612235253275e-06
"ENSG00000169397",1.87534742637599e-06
"ENSG00000186451",1.87418294965593e-06
"ENSG00000120051",1.87330146881012e-06
"ENSG00000166831",1.87023512728595e-06
"ENSG00000165246",1.86683042022768e-06
"ENSG00000163814",1.86528730236583e-06
"ENSG00000129682",1.86524708616199e-06
"ENSG00000086717",1.86262742641146e-06
"ENSG00000124490",1.86099970892303e-06
"ENSG00000261594",1.85995711063381e-06
"ENSG00000181518",1.85909857504929e-06
"ENSG00000168748",1.85813205217687e-06
"ENSG00000145681",1.85725901154952e-06
"ENSG00000274349",1.85564384783597e-06
"ENSG00000283526",1.85505449333806e-06
"ENSG00000130768",1.85472770755725e-06
"ENSG00000214357",1.85431901218585e-06
"ENSG00000177692",1.85140690199419e-06
"ENSG00000116544",1.85125306958767e-06
"ENSG00000137745",1.85076458438539e-06
"ENSG00000177283",1.85058159483018e-06
"ENSG00000115252",1.85051664185282e-06
"ENSG00000108821",1.84994040193911e-06
"ENSG00000258083",1.84955780032484e-06
"ENSG00000185133",1.84777628370849e-06
"ENSG00000244414",1.84696929486137e-06
"ENSG00000165807",1.84651614293081e-06
"ENSG00000084710",1.84309758460628e-06
"ENSG00000126785",1.84257453568265e-06
"ENSG00000069482",1.84216281337098e-06
"ENSG00000268400",1.8421360570059e-06
"ENSG00000155026",1.83924716835297e-06
"ENSG00000102683",1.83871437707809e-06
"ENSG00000188993",1.83730366875004e-06
"ENSG00000167183",1.83621750964112e-06
"ENSG00000147596",1.83486324058188e-06
"ENSG00000129988",1.83473753197341e-06
"ENSG00000132874",1.83396375768637e-06
"ENSG00000145826",1.83369118574174e-06
"ENSG00000124429",1.83107016567665e-06
"ENSG00000159713",1.8298025690039e-06
"ENSG00000149651",1.82654989877928e-06
"ENSG00000179698",1.82463701951644e-06
"ENSG00000116117",1.82267410529194e-06
"ENSG00000126878",1.82199776366934e-06
"ENSG00000145949",1.8214193044329e-06
"ENSG00000145808",1.82133347310225e-06
"ENSG00000155719",1.81828415362967e-06
"ENSG00000132677",1.81743316173598e-06
"ENSG00000189051",1.81608855660617e-06
"ENSG00000162753",1.81583714833244e-06
"ENSG00000176219",1.81509292911234e-06
"ENSG00000181240",1.81487455289604e-06
"ENSG00000232535",1.81453348749717e-06
"ENSG00000158816",1.81402730670498e-06
"ENSG00000110975",1.81227284032525e-06
"ENSG00000145194",1.81222342659786e-06
"ENSG00000100053",1.81157216158866e-06
"ENSG00000198796",1.80879780796176e-06
"ENSG00000108255",1.80851638947038e-06
"ENSG00000187790",1.80633991973241e-06
"ENSG00000183423",1.80399481450861e-06
"ENSG00000176887",1.80391668579705e-06
"ENSG00000196358",1.80351511138157e-06
"ENSG00000112539",1.80277596899741e-06
"ENSG00000146233",1.80077436549452e-06
"ENSG00000172375",1.80072509387171e-06
"ENSG00000276302",1.79932271307708e-06
"ENSG00000174453",1.79841108859463e-06
"ENSG00000080224",1.79738530643578e-06
"ENSG00000240720",1.79709300011821e-06
"ENSG00000144227",1.79675787192877e-06
"ENSG00000130988",1.79640442378815e-06
"ENSG00000173825",1.79372894098934e-06
"ENSG00000181009",1.78945126287858e-06
"ENSG00000242852",1.78803091188756e-06
"ENSG00000180532",1.78675172272287e-06
"ENSG00000276119",1.78470284218664e-06
"ENSG00000102387",1.78405264459439e-06
"ENSG00000182508",1.78359439446639e-06
"ENSG00000143630",1.78343080600623e-06
"ENSG00000114698",1.78161509970705e-06
"ENSG00000170965",1.78108641720815e-06
"ENSG00000187416",1.77917497770715e-06
"ENSG00000137094",1.7773036869822e-06
"ENSG00000169744",1.77691032500902e-06
"ENSG00000142484",1.77668986136509e-06
"ENSG00000138315",1.77666067408821e-06
"ENSG00000142627",1.77637181706046e-06
"ENSG00000053702",1.7758340123092e-06
"ENSG00000179796",1.77101125813742e-06
"ENSG00000161610",1.77065349692348e-06
"ENSG00000169271",1.76871154725024e-06
"ENSG00000188334",1.76439421313374e-06
"ENSG00000181264",1.75930237013628e-06
"ENSG00000080709",1.75517003434592e-06
"ENSG00000135175",1.75457052265486e-06
"ENSG00000269713",1.75324605912622e-06
"ENSG00000185274",1.75303852089212e-06
"ENSG00000162460",1.75271884413367e-06
"ENSG00000185972",1.74977740693289e-06
"ENSG00000284188",1.74819492432276e-06
"ENSG00000149451",1.74669549957695e-06
"ENSG00000274252",1.7465855445928e-06
"ENSG00000226887",1.74562661136231e-06
"ENSG00000173662",1.74447086120153e-06
"ENSG00000142945",1.74321091287364e-06
"ENSG00000151640",1.74251014591414e-06
"ENSG00000135355",1.74199171655832e-06
"ENSG00000124260",1.74072290449265e-06
"ENSG00000143801",1.7398107441456e-06
"ENSG00000105825",1.73948765206045e-06
"ENSG00000144837",1.73884608424241e-06
"ENSG00000168148",1.73856845456985e-06
"ENSG00000107105",1.73849141698154e-06
"ENSG00000196427",1.73826835286732e-06
"ENSG00000129437",1.73728975985604e-06
"ENSG00000268533",1.73682431448735e-06
"ENSG00000206535",1.73671032570091e-06
"ENSG00000196071",1.73616091627592e-06
"ENSG00000167916",1.73583615549327e-06
"ENSG00000186090",1.73565050074369e-06
"ENSG00000165762",1.7354614292481e-06
"ENSG00000172367",1.73371646679635e-06
"ENSG00000163611",1.73348511468146e-06
"ENSG00000163357",1.73124681392598e-06
"ENSG00000167822",1.72858983290555e-06
"ENSG00000175318",1.7277509045892e-06
"ENSG00000214097",1.72774152892182e-06
"ENSG00000132681",1.72741956477922e-06
"ENSG00000186723",1.72667330121919e-06
"ENSG00000185668",1.72557965481287e-06
"ENSG00000133460",1.72537625971556e-06
"ENSG00000177181",1.72207332495054e-06
"ENSG00000182916",1.72178784867114e-06
"ENSG00000106128",1.72016280268815e-06
"ENSG00000108592",1.71975094084094e-06
"ENSG00000174928",1.71843819033455e-06
"ENSG00000259120",1.71827893751444e-06
"ENSG00000092345",1.71798509161476e-06
"ENSG00000088280",1.7177762298142e-06
"ENSG00000137834",1.7176320620574e-06
"ENSG00000183559",1.71744763055928e-06
"ENSG00000134571",1.71672182062876e-06
"ENSG00000163435",1.71335397420329e-06
"ENSG00000197123",1.71303338389226e-06
"ENSG00000162782",1.71284281448922e-06
"ENSG00000261408",1.70962660382882e-06
"ENSG00000183389",1.70937105644742e-06
"ENSG00000163885",1.70925225026039e-06
"ENSG00000002726",1.70860471933125e-06
"ENSG00000214415",1.70738320498409e-06
"ENSG00000253910",1.70380421012781e-06
"ENSG00000177303",1.70368620552169e-06
"ENSG00000178809",1.70324120281316e-06
"ENSG00000174611",1.70209972371599e-06
"ENSG00000257341",1.70151150460948e-06
"ENSG00000173894",1.69822765610237e-06
"ENSG00000178177",1.69418258648741e-06
"ENSG00000075043",1.69248310835976e-06
"ENSG00000100197",1.69096501870401e-06
"ENSG00000099284",1.69032839663577e-06
"ENSG00000108878",1.68876148289057e-06
"ENSG00000164855",1.68714575807588e-06
"ENSG00000176988",1.68670694085909e-06
"ENSG00000283208",1.68651077804086e-06
"ENSG00000158246",1.68644238625164e-06
"ENSG00000159167",1.6856984130673e-06
"ENSG00000205358",1.68445147731159e-06
"ENSG00000154438",1.68418125318755e-06
"ENSG00000154736",1.68237550819844e-06
"ENSG00000156486",1.68221238743249e-06
"ENSG00000137868",1.68219339209335e-06
"ENSG00000153404",1.68031960765796e-06
"ENSG00000231213",1.6792199580336e-06
"ENSG00000204583",1.67848926156801e-06
"ENSG00000206127",1.67749350334637e-06
"ENSG00000221818",1.67615734233072e-06
"ENSG00000283247",1.67609185840133e-06
"ENSG00000146678",1.6756484690034e-06
"ENSG00000172901",1.6749829051652e-06
"ENSG00000157103",1.67012639180116e-06
"ENSG00000132842",1.66818133646671e-06
"ENSG00000137869",1.66736789164714e-06
"ENSG00000064199",1.66699796588056e-06
"ENSG00000170848",1.66676812009511e-06
"ENSG00000128298",1.66647524064067e-06
"ENSG00000106483",1.66591264206236e-06
"ENSG00000118946",1.6657537715048e-06
"ENSG00000182271",1.66484213664041e-06
"ENSG00000142197",1.66473873877717e-06
"ENSG00000169064",1.66447731001718e-06
"ENSG00000177363",1.66431877062902e-06
"ENSG00000090512",1.662904955923e-06
"ENSG00000162374",1.6611263699424e-06
"ENSG00000167654",1.66101268383816e-06
"ENSG00000179299",1.65959670238846e-06
"ENSG00000162592",1.65933885420253e-06
"ENSG00000119698",1.65903412522698e-06
"ENSG00000251247",1.65863178797105e-06
"ENSG00000160224",1.65780256964758e-06
"ENSG00000261587",1.65776279744309e-06
"ENSG00000187569",1.65747628550651e-06
"ENSG00000166793",1.65606692228794e-06
"ENSG00000177047",1.65382612062221e-06
"ENSG00000102290",1.65358288412942e-06
"ENSG00000145879",1.65357143315769e-06
"ENSG00000203963",1.65191061060842e-06
"ENSG00000131381",1.65182763482367e-06
"ENSG00000079557",1.65089805949901e-06
"ENSG00000227471",1.65002906099967e-06
"ENSG00000171587",1.64831623453419e-06
"ENSG00000134042",1.64747509790421e-06
"ENSG00000184788",1.64691897524465e-06
"ENSG00000163749",1.64460628047129e-06
"ENSG00000196422",1.64276093780358e-06
"ENSG00000153246",1.64268749656691e-06
"ENSG00000170927",1.64208513323884e-06
"ENSG00000277586",1.64176085533345e-06
"ENSG00000283516",1.64103794606058e-06
"ENSG00000142273",1.63919338801299e-06
"ENSG00000163132",1.63908450234327e-06
"ENSG00000179674",1.63853317032755e-06
"ENSG00000243789",1.63781942126733e-06
"ENSG00000268223",1.6367187169715e-06
"ENSG00000196376",1.63639813520524e-06
"ENSG00000186185",1.6359311344786e-06
"ENSG00000165584",1.63521188072036e-06
"ENSG00000177752",1.63352865601971e-06
"ENSG00000087494",1.63349605835531e-06
"ENSG00000120907",1.63346548491858e-06
"ENSG00000275152",1.63274229090151e-06
"ENSG00000204614",1.6325912126186e-06
"ENSG00000138685",1.63005175608952e-06
"ENSG00000100739",1.62992001769937e-06
"ENSG00000125966",1.62864967932802e-06
"ENSG00000213424",1.62661479313132e-06
"ENSG00000122735",1.62508573150191e-06
"ENSG00000169894",1.62454596719856e-06
"ENSG00000118193",1.62424419293798e-06
"ENSG00000155545",1.6227445327085e-06
"ENSG00000080031",1.62154957916894e-06
"ENSG00000166118",1.62097967593174e-06
"ENSG00000106689",1.61990893892457e-06
"ENSG00000204518",1.61927717862454e-06
"ENSG00000186393",1.61901033871061e-06
"ENSG00000127083",1.61740927738513e-06
"ENSG00000198929",1.61692681967634e-06
"ENSG00000105290",1.61637102691013e-06
"ENSG00000162571",1.61634539537926e-06
"ENSG00000187186",1.61620247241822e-06
"ENSG00000203740",1.61595808855507e-06
"ENSG00000139304",1.61595553818912e-06
"ENSG00000118972",1.6157528551597e-06
"ENSG00000272899",1.61573223708316e-06
"ENSG00000186146",1.61421103658121e-06
"ENSG00000131477",1.61344390516957e-06
"ENSG00000181143",1.61341630514933e-06
"ENSG00000215817",1.61295845876739e-06
"ENSG00000114654",1.6123998828746e-06
"ENSG00000169495",1.61036129154982e-06
"ENSG00000176601",1.60989084095336e-06
"ENSG00000144407",1.60969424042127e-06
"ENSG00000072080",1.60747102554525e-06
"ENSG00000070031",1.60717178468886e-06
"ENSG00000166546",1.60645340783049e-06
"ENSG00000135111",1.60451877697994e-06
"ENSG00000119715",1.6027024287951e-06
"ENSG00000143469",1.60177221567722e-06
"ENSG00000066230",1.60137798624165e-06
"ENSG00000148482",1.60088520680952e-06
"ENSG00000074211",1.60084726668892e-06
"ENSG00000255730",1.60072546990145e-06
"ENSG00000185448",1.60062616850202e-06
"ENSG00000166148",1.60050491780483e-06
"ENSG00000187689",1.60003606419975e-06
"ENSG00000156313",1.5997379480799e-06
"ENSG00000187912",1.59930827504985e-06
"ENSG00000101890",1.59924738382359e-06
"ENSG00000205832",1.59820996632283e-06
"ENSG00000163975",1.59688972183977e-06
"ENSG00000141977",1.59636821758006e-06
"ENSG00000283267",1.59477117732803e-06
"ENSG00000260456",1.59269474606512e-06
"ENSG00000124557",1.59215454169844e-06
"ENSG00000178965",1.59076067339312e-06
"ENSG00000185792",1.59044604012702e-06
"ENSG00000103647",1.59025809605708e-06
"ENSG00000204300",1.58895268733138e-06
"ENSG00000250374",1.58891221487941e-06
"ENSG00000171724",1.58789615593503e-06
"ENSG00000204099",1.5865122087406e-06
"ENSG00000104899",1.58643157166865e-06
"ENSG00000112214",1.58638887172545e-06
"ENSG00000115266",1.58539672110213e-06
"ENSG00000198759",1.5841696515639e-06
"ENSG00000120054",1.58282631516713e-06
"ENSG00000182329",1.58227252209535e-06
"ENSG00000100625",1.58169176196391e-06
"ENSG00000169760",1.58081784139228e-06
"ENSG00000071203",1.57984023492844e-06
"ENSG00000111664",1.57834007147897e-06
"ENSG00000139223",1.57828388410166e-06
"ENSG00000184619",1.57738500074298e-06
"ENSG00000105198",1.57533903729139e-06
"ENSG00000165621",1.57453861271352e-06
"ENSG00000273777",1.57447251321265e-06
"ENSG00000158901",1.57438089423638e-06
"ENSG00000104432",1.57416751054626e-06
"ENSG00000179314",1.57379209341257e-06
"ENSG00000100191",1.57295105470626e-06
"ENSG00000279270",1.57236593754287e-06
"ENSG00000138755",1.57094138189106e-06
"ENSG00000105131",1.56919515535284e-06
"ENSG00000204978",1.56898578512762e-06
"ENSG00000039600",1.56722915265302e-06
"ENSG00000105668",1.56606803875204e-06
"ENSG00000172023",1.56553052513797e-06
"ENSG00000204267",1.56419020006406e-06
"ENSG00000176198",1.56368545667771e-06
"ENSG00000047662",1.56333939889909e-06
"ENSG00000255587",1.56324654907727e-06
"ENSG00000179055",1.56234650784652e-06
"ENSG00000231068",1.56132197552026e-06
"ENSG00000161634",1.56007360528046e-06
"ENSG00000230301",1.55820301587155e-06
"ENSG00000261611",1.55751924010337e-06
"ENSG00000256950",1.55741462068399e-06
"ENSG00000149571",1.55680132206722e-06
"ENSG00000179709",1.55608442799977e-06
"ENSG00000185955",1.5552853053109e-06
"ENSG00000256812",1.55291796160982e-06
"ENSG00000129028",1.55266896163423e-06
"ENSG00000169851",1.55218929640169e-06
"ENSG00000167612",1.55168045483225e-06
"ENSG00000188488",1.55058677184336e-06
"ENSG00000055732",1.54647464043843e-06
"ENSG00000039537",1.5463828998343e-06
"ENSG00000135338",1.54531604191468e-06
"ENSG00000108231",1.54512931622848e-06
"ENSG00000101049",1.5441615072468e-06
"ENSG00000261649",1.54369043820548e-06
"ENSG00000197437",1.54231522179898e-06
"ENSG00000160339",1.54190107774959e-06
"ENSG00000083720",1.53973081512289e-06
"ENSG00000103460",1.53650193482793e-06
"ENSG00000197617",1.5361485063146e-06
"ENSG00000219438",1.53568360713308e-06
"ENSG00000186814",1.53554698149201e-06
"ENSG00000146352",1.53520702049583e-06
"ENSG00000249242",1.53510608932539e-06
"ENSG00000137285",1.53497989489673e-06
"ENSG00000170370",1.53460457409184e-06
"ENSG00000108684",1.53366402160235e-06
"ENSG00000112320",1.53308279414e-06
"ENSG00000006740",1.53127772681224e-06
"ENSG00000137727",1.53077422368938e-06
"ENSG00000224389",1.52973779282931e-06
"ENSG00000272921",1.52653768630381e-06
"ENSG00000184530",1.52629160888016e-06
"ENSG00000204152",1.52608476677243e-06
"ENSG00000144369",1.52600254333538e-06
"ENSG00000137392",1.52533615860496e-06
"ENSG00000204669",1.5253319355106e-06
"ENSG00000158315",1.5251246948642e-06
"ENSG00000137960",1.52369325140538e-06
"ENSG00000105227",1.52359941655869e-06
"ENSG00000204941",1.52188992022034e-06
"ENSG00000255582",1.52172716875053e-06
"ENSG00000128310",1.52107782975588e-06
"ENSG00000165799",1.52040386056969e-06
"ENSG00000164976",1.52015582784613e-06
"ENSG00000125815",1.5192846499473e-06
"ENSG00000151012",1.51901659148781e-06
"ENSG00000141338",1.51885178734314e-06
"ENSG00000129991",1.51857571523817e-06
"ENSG00000118407",1.51854458622948e-06
"ENSG00000257138",1.51614845027758e-06
"ENSG00000273111",1.51446683280944e-06
"ENSG00000147081",1.51198131592422e-06
"ENSG00000125851",1.505855411143e-06
"ENSG00000120440",1.50562891845275e-06
"ENSG00000197261",1.5041737538519e-06
"ENSG00000070808",1.50413002292423e-06
"ENSG00000170935",1.50377733315606e-06
"ENSG00000152670",1.5015948757414e-06
"ENSG00000107159",1.50124362950775e-06
"ENSG00000179165",1.49955957625411e-06
"ENSG00000109339",1.49749380962634e-06
"ENSG00000164113",1.49697019375955e-06
"ENSG00000261732",1.49603827169359e-06
"ENSG00000187066",1.49544264584938e-06
"ENSG00000183463",1.49528896248088e-06
"ENSG00000152578",1.49305826319354e-06
"ENSG00000115297",1.492421029503e-06
"ENSG00000112116",1.49199882334245e-06
"ENSG00000187690",1.49187732489753e-06
"ENSG00000168582",1.48589429191427e-06
"ENSG00000139445",1.4853639945124e-06
"ENSG00000164161",1.48508170661231e-06
"ENSG00000182168",1.48269600905384e-06
"ENSG00000112902",1.48108531011432e-06
"ENSG00000203910",1.47983331253472e-06
"ENSG00000167117",1.47949242370581e-06
"ENSG00000138380",1.47904276569631e-06
"ENSG00000198597",1.47804582516758e-06
"ENSG00000272636",1.47708367910274e-06
"ENSG00000172987",1.47673346528721e-06
"ENSG00000197674",1.47667407004946e-06
"ENSG00000179615",1.47302254538702e-06
"ENSG00000249992",1.47249904853793e-06
"ENSG00000197428",1.47206465175062e-06
"ENSG00000175121",1.47182002604102e-06
"ENSG00000120327",1.47136436481783e-06
"ENSG00000136630",1.47104353192641e-06
"ENSG00000179600",1.47102772429534e-06
"ENSG00000121764",1.47086576127e-06
"ENSG00000158352",1.47060402338989e-06
"ENSG00000261052",1.47012603090928e-06
"ENSG00000149050",1.46974716805149e-06
"ENSG00000183780",1.46862039737547e-06
"ENSG00000072682",1.46853390952571e-06
"ENSG00000184995",1.46723275535444e-06
"ENSG00000262543",1.46719375981359e-06
"ENSG00000166363",1.46714248959409e-06
"ENSG00000187151",1.4666781731908e-06
"ENSG00000064655",1.46360533376556e-06
"ENSG00000125363",1.46343014867479e-06
"ENSG00000227868",1.4630659278505e-06
"ENSG00000164318",1.46250223155493e-06
"ENSG00000144671",1.46206440278406e-06
"ENSG00000140534",1.46170745436894e-06
"ENSG00000181016",1.46161767576236e-06
"ENSG00000168542",1.4615411438324e-06
"ENSG00000049167",1.46078901233133e-06
"ENSG00000198798",1.4602660557267e-06
"ENSG00000283758",1.45976361820256e-06
"ENSG00000176909",1.45964360483053e-06
"ENSG00000176410",1.45950618241116e-06
"ENSG00000183072",1.45759166080996e-06
"ENSG00000154845",1.45670217018661e-06
"ENSG00000197930",1.45403045887893e-06
"ENSG00000169067",1.45245549065283e-06
"ENSG00000280094",1.45024102360228e-06
"ENSG00000138650",1.44946912861362e-06
"ENSG00000283428",1.44825336520122e-06
"ENSG00000127129",1.4472167569357e-06
"ENSG00000146263",1.44662089709878e-06
"ENSG00000137252",1.44638338189041e-06
"ENSG00000100276",1.44635959780404e-06
"ENSG00000149201",1.44563892285492e-06
"ENSG00000135643",1.44500816299644e-06
"ENSG00000163645",1.44382495908359e-06
"ENSG00000102287",1.44353003477559e-06
"ENSG00000165124",1.44339234661057e-06
"ENSG00000170214",1.44226774632404e-06
"ENSG00000080572",1.44185303104608e-06
"ENSG00000163792",1.44156674787721e-06
"ENSG00000110921",1.44155261955333e-06
"ENSG00000115232",1.44153797300423e-06
"ENSG00000171217",1.44118168198556e-06
"ENSG00000253485",1.44034178690246e-06
"ENSG00000266265",1.43952602238071e-06
"ENSG00000144229",1.43848835975583e-06
"ENSG00000198842",1.43794762838017e-06
"ENSG00000197748",1.43742371978146e-06
"ENSG00000141052",1.4363103409966e-06
"ENSG00000039987",1.4358508769981e-06
"ENSG00000153086",1.43562919774139e-06
"ENSG00000171557",1.43560729611935e-06
"ENSG00000187905",1.43530813648469e-06
"ENSG00000163827",1.43388348880631e-06
"ENSG00000266200",1.43289204090118e-06
"ENSG00000036565",1.43242517851562e-06
"ENSG00000171786",1.43211321156168e-06
"ENSG00000135324",1.43148564639386e-06
"ENSG00000101981",1.43120607754414e-06
"ENSG00000115850",1.43086213113731e-06
"ENSG00000197641",1.43078522667049e-06
"ENSG00000186897",1.42997373939743e-06
"ENSG00000074317",1.42971045376895e-06
"ENSG00000124449",1.42961394335367e-06
"ENSG00000088782",1.42749138749222e-06
"ENSG00000148200",1.42661913389085e-06
"ENSG00000243414",1.4254038925568e-06
"ENSG00000165730",1.42514205727159e-06
"ENSG00000169208",1.42308439602296e-06
"ENSG00000157214",1.42272754605337e-06
"ENSG00000177551",1.42230901199492e-06
"ENSG00000182346",1.42217754846625e-06
"ENSG00000272980",1.42199012773256e-06
"ENSG00000187955",1.42067463817564e-06
"ENSG00000116985",1.4203454927565e-06
"ENSG00000203733",1.41732180621962e-06
"ENSG00000148377",1.41698432897556e-06
"ENSG00000079841",1.41661333423791e-06
"ENSG00000110237",1.4161353728558e-06
"ENSG00000250803",1.41613109678692e-06
"ENSG00000172955",1.41611379027218e-06
"ENSG00000180708",1.41566054734498e-06
"ENSG00000205476",1.41358820996875e-06
"ENSG00000189367",1.41174876469877e-06
"ENSG00000221938",1.41101190792606e-06
"ENSG00000187682",1.40883258784529e-06
"ENSG00000157890",1.40830749019744e-06
"ENSG00000184486",1.40795524586935e-06
"ENSG00000198719",1.40712381822829e-06
"ENSG00000007171",1.40698877820839e-06
"ENSG00000146221",1.40551965953032e-06
"ENSG00000168952",1.40526683929924e-06
"ENSG00000184394",1.40401208344348e-06
"ENSG00000100234",1.40370442151756e-06
"ENSG00000140937",1.40327171928712e-06
"ENSG00000140481",1.40125532184098e-06
"ENSG00000164076",1.40058558730347e-06
"ENSG00000172403",1.39987278654901e-06
"ENSG00000185040",1.39810071888866e-06
"ENSG00000133636",1.39794028139545e-06
"ENSG00000030304",1.39652695005608e-06
"ENSG00000154227",1.3943039567698e-06
"ENSG00000143222",1.39404080377406e-06
"ENSG00000182224",1.39389111537931e-06
"ENSG00000211448",1.39348454333138e-06
"ENSG00000249931",1.3903064793804e-06
"ENSG00000118733",1.39025243985529e-06
"ENSG00000154529",1.38947326458132e-06
"ENSG00000167619",1.38928460746899e-06
"ENSG00000174332",1.38835293730312e-06
"ENSG00000155249",1.38785661954415e-06
"ENSG00000085552",1.38768689194524e-06
"ENSG00000204193",1.3842645690017e-06
"ENSG00000269067",1.38303675684805e-06
"ENSG00000152669",1.37978557787306e-06
"ENSG00000163377",1.37729138884904e-06
"ENSG00000064692",1.37679961144309e-06
"ENSG00000197576",1.37614508213065e-06
"ENSG00000133055",1.3759958609071e-06
"ENSG00000176281",1.37300153451198e-06
"ENSG00000005108",1.37212055349919e-06
"ENSG00000109158",1.37207759771174e-06
"ENSG00000188051",1.37207751533374e-06
"ENSG00000187556",1.37129907621675e-06
"ENSG00000135973",1.37096415230372e-06
"ENSG00000164299",1.37070819334196e-06
"ENSG00000153230",1.37034508171585e-06
"ENSG00000101230",1.36993935674179e-06
"ENSG00000123999",1.36932647593922e-06
"ENSG00000165066",1.36708098206645e-06
"ENSG00000182040",1.36649004060809e-06
"ENSG00000171819",1.36619371551413e-06
"ENSG00000110092",1.36559564516676e-06
"ENSG00000197757",1.36538807281037e-06
"ENSG00000128602",1.36528239651063e-06
"ENSG00000180574",1.36521266259281e-06
"ENSG00000213937",1.36437126788668e-06
"ENSG00000188580",1.36424020527725e-06
"ENSG00000163531",1.36419771886465e-06
"ENSG00000149305",1.36365083108778e-06
"ENSG00000258643",1.36359032645485e-06
"ENSG00000137558",1.36027119227595e-06
"ENSG00000142871",1.35974964606847e-06
"ENSG00000165215",1.35909921264049e-06
"ENSG00000010319",1.35882523721078e-06
"ENSG00000115592",1.35575314980349e-06
"ENSG00000179542",1.35481839917835e-06
"ENSG00000215045",1.35445828024269e-06
"ENSG00000165323",1.3542205556263e-06
"ENSG00000169783",1.35382468467295e-06
"ENSG00000186886",1.35361300980893e-06
"ENSG00000078549",1.35021933987086e-06
"ENSG00000184166",1.34976426747609e-06
"ENSG00000110427",1.34742633309535e-06
"ENSG00000154143",1.34655724053131e-06
"ENSG00000147655",1.34601174806946e-06
"ENSG00000166006",1.34452118355994e-06
"ENSG00000105697",1.3443314038851e-06
"ENSG00000167360",1.34314021703751e-06
"ENSG00000244694",1.34302201938077e-06
"ENSG00000172244",1.34267495845337e-06
"ENSG00000214193",1.34199987436261e-06
"ENSG00000115474",1.34184576490153e-06
"ENSG00000124102",1.34080027466716e-06
"ENSG00000150873",1.3372360778649e-06
"ENSG00000267179",1.33717627725786e-06
"ENSG00000115507",1.33676321763481e-06
"ENSG00000146648",1.33617496078186e-06
"ENSG00000137766",1.33567424971371e-06
"ENSG00000204897",1.33129316149205e-06
"ENSG00000158220",1.33056389486884e-06
"ENSG00000188997",1.33052119884993e-06
"ENSG00000124743",1.32979697274012e-06
"ENSG00000180044",1.32948614860996e-06
"ENSG00000149742",1.32919197156276e-06
"ENSG00000225997",1.32849032005226e-06
"ENSG00000196131",1.32810806750722e-06
"ENSG00000178882",1.32724345596723e-06
"ENSG00000110328",1.32656892826672e-06
"ENSG00000084628",1.32610077878619e-06
"ENSG00000153446",1.32382381103137e-06
"ENSG00000176540",1.32356389145065e-06
"ENSG00000230054",1.32304304872184e-06
"ENSG00000178538",1.32297400395098e-06
"ENSG00000188060",1.32277526544816e-06
"ENSG00000185942",1.32235028813313e-06
"ENSG00000157093",1.32192355266015e-06
"ENSG00000183128",1.32191614291484e-06
"ENSG00000070778",1.31872383672852e-06
"ENSG00000160886",1.31863909334245e-06
"ENSG00000274944",1.3181488781648e-06
"ENSG00000204381",1.31806083146042e-06
"ENSG00000167637",1.31435116593394e-06
"ENSG00000151388",1.31414734546543e-06
"ENSG00000119283",1.31303766098008e-06
"ENSG00000136848",1.3128258636443e-06
"ENSG00000203985",1.31240661252574e-06
"ENSG00000166016",1.31162219143247e-06
"ENSG00000146276",1.31133078928822e-06
"ENSG00000227234",1.31117592708988e-06
"ENSG00000198028",1.31071251421204e-06
"ENSG00000164100",1.31067940493582e-06
"ENSG00000076344",1.31048151853398e-06
"ENSG00000152253",1.30669290725048e-06
"ENSG00000271425",1.30521969374789e-06
"ENSG00000166268",1.30444565869866e-06
"ENSG00000072182",1.30251052135131e-06
"ENSG00000154007",1.3016951925523e-06
"ENSG00000004777",1.30113443301671e-06
"ENSG00000187922",1.30071930222096e-06
"ENSG00000174667",1.30005128373287e-06
"ENSG00000171956",1.29853435344252e-06
"ENSG00000160951",1.29795943001094e-06
"ENSG00000119946",1.29782532686896e-06
"ENSG00000081803",1.29677586070847e-06
"ENSG00000106302",1.29644993122337e-06
"ENSG00000266524",1.29615129430548e-06
"ENSG00000139329",1.29600779075412e-06
"ENSG00000123496",1.29334753932255e-06
"ENSG00000166415",1.29265896304908e-06
"ENSG00000112562",1.29258103927905e-06
"ENSG00000096088",1.29257841904335e-06
"ENSG00000243130",1.29249179478611e-06
"ENSG00000117122",1.29103556112723e-06
"ENSG00000171564",1.28985576769055e-06
"ENSG00000205420",1.28955015565488e-06
"ENSG00000188324",1.28898125094114e-06
"ENSG00000157368",1.28845055036072e-06
"ENSG00000164304",1.28844680278427e-06
"ENSG00000186562",1.28835300990859e-06
"ENSG00000189325",1.28753464347822e-06
"ENSG00000115073",1.28644103124537e-06
"ENSG00000180730",1.28529270421249e-06
"ENSG00000070601",1.28446721880555e-06
"ENSG00000183196",1.28247520298552e-06
"ENSG00000140505",1.28196994640715e-06
"ENSG00000156076",1.2798531533447e-06
"ENSG00000139549",1.2768885843149e-06
"ENSG00000189337",1.27683856871964e-06
"ENSG00000118496",1.2763857661348e-06
"ENSG00000221954",1.27613017298503e-06
"ENSG00000143869",1.27514534015228e-06
"ENSG00000198963",1.27463987512984e-06
"ENSG00000120669",1.27309176763751e-06
"ENSG00000162897",1.27283501328057e-06
"ENSG00000124467",1.27231086602544e-06
"ENSG00000152049",1.27222573411449e-06
"ENSG00000213973",1.27067439344477e-06
"ENSG00000273213",1.27045383028666e-06
"ENSG00000174502",1.268907683467e-06
"ENSG00000155052",1.26751263686294e-06
"ENSG00000090402",1.26721373988984e-06
"ENSG00000260643",1.26675302674555e-06
"ENSG00000262085",1.26640888191501e-06
"ENSG00000154096",1.26542131229001e-06
"ENSG00000114757",1.26531368734142e-06
"ENSG00000172650",1.26455456137138e-06
"ENSG00000168243",1.26445030893601e-06
"ENSG00000180433",1.26425086432651e-06
"ENSG00000278662",1.26301584205203e-06
"ENSG00000154485",1.26294766492854e-06
"ENSG00000183668",1.26261011645535e-06
"ENSG00000152785",1.26133655905189e-06
"ENSG00000257108",1.26114828066183e-06
"ENSG00000036672",1.26038223752688e-06
"ENSG00000102539",1.26020988203499e-06
"ENSG00000109061",1.2590175598337e-06
"ENSG00000241233",1.25891818915864e-06
"ENSG00000105219",1.25876512185877e-06
"ENSG00000151468",1.25744869625158e-06
"ENSG00000067715",1.25683070971689e-06
"ENSG00000100249",1.25641318858169e-06
"ENSG00000089356",1.25613029705809e-06
"ENSG00000266964",1.25373187116497e-06
"ENSG00000273540",1.25326968550715e-06
"ENSG00000078399",1.25205102905276e-06
"ENSG00000127578",1.25148096507139e-06
"ENSG00000179097",1.25143405138991e-06
"ENSG00000168348",1.24997302242998e-06
"ENSG00000134278",1.24995731619489e-06
"ENSG00000118194",1.24885945146836e-06
"ENSG00000125823",1.24848967128998e-06
"ENSG00000157399",1.24804778126015e-06
"ENSG00000139797",1.24784141780214e-06
"ENSG00000183034",1.24782546789576e-06
"ENSG00000184408",1.24728527531399e-06
"ENSG00000147003",1.24609587817519e-06
"ENSG00000049192",1.24571767484725e-06
"ENSG00000131264",1.24568159695757e-06
"ENSG00000177291",1.24551758493293e-06
"ENSG00000205502",1.24521088210962e-06
"ENSG00000214688",1.24339578989021e-06
"ENSG00000087245",1.24297267901921e-06
"ENSG00000112175",1.24122004279091e-06
"ENSG00000270149",1.24120728875981e-06
"ENSG00000205327",1.23977690919869e-06
"ENSG00000259529",1.23834483712346e-06
"ENSG00000113946",1.23773066083869e-06
"ENSG00000136206",1.23656594712403e-06
"ENSG00000136197",1.23605820864574e-06
"ENSG00000181195",1.23518877477324e-06
"ENSG00000164742",1.23497301109255e-06
"ENSG00000161270",1.23423219742146e-06
"ENSG00000164900",1.23393011700855e-06
"ENSG00000184571",1.23392202330236e-06
"ENSG00000154553",1.23207825347627e-06
"ENSG00000081818",1.23185541673959e-06
"ENSG00000165694",1.23108600516049e-06
"ENSG00000160801",1.22948194216583e-06
"ENSG00000236761",1.22913352337145e-06
"ENSG00000274570",1.2276134947527e-06
"ENSG00000173947",1.22647221267866e-06
"ENSG00000166960",1.22569637334647e-06
"ENSG00000184785",1.22558996068551e-06
"ENSG00000130762",1.22211899227826e-06
"ENSG00000185038",1.22181335775551e-06
"ENSG00000170231",1.22149634833006e-06
"ENSG00000255501",1.22037903399527e-06
"ENSG00000260220",1.21978305269049e-06
"ENSG00000178115",1.21884450610642e-06
"ENSG00000124875",1.21881124375532e-06
"ENSG00000107593",1.21760200221485e-06
"ENSG00000180347",1.21684365555066e-06
"ENSG00000128849",1.21646803918293e-06
"ENSG00000145192",1.21592569431672e-06
"ENSG00000229894",1.21536473954219e-06
"ENSG00000170484",1.21420165840096e-06
"ENSG00000148948",1.2135450034274e-06
"ENSG00000182612",1.21324882238169e-06
"ENSG00000171722",1.21150551412779e-06
"ENSG00000177108",1.21148246551673e-06
"ENSG00000111405",1.21131373971298e-06
"ENSG00000112245",1.21031365796879e-06
"ENSG00000111241",1.20696207598479e-06
"ENSG00000121905",1.20658750252908e-06
"ENSG00000171847",1.20632817755026e-06
"ENSG00000068654",1.20519223607156e-06
"ENSG00000221826",1.20504089958446e-06
"ENSG00000204361",1.20414311731368e-06
"ENSG00000111783",1.20358896260755e-06
"ENSG00000155011",1.20291285824434e-06
"ENSG00000152595",1.20195484888423e-06
"ENSG00000115556",1.19913420993058e-06
"ENSG00000170122",1.19900190437401e-06
"ENSG00000213471",1.19894494207119e-06
"ENSG00000136110",1.19894432280221e-06
"ENSG00000182070",1.19877159056016e-06
"ENSG00000186340",1.19713803508592e-06
"ENSG00000135903",1.19704728055615e-06
"ENSG00000180210",1.19636730493464e-06
"ENSG00000188992",1.19606766670915e-06
"ENSG00000165091",1.19560398290596e-06
"ENSG00000119547",1.19491042624606e-06
"ENSG00000188710",1.1946628575805e-06
"ENSG00000185585",1.1945338657016e-06
"ENSG00000204149",1.19340397777662e-06
"ENSG00000125571",1.19336391860721e-06
"ENSG00000263513",1.19316593911549e-06
"ENSG00000171368",1.1929324355378e-06
"ENSG00000112038",1.19243911781232e-06
"ENSG00000173124",1.19180490422609e-06
"ENSG00000172986",1.19132067356092e-06
"ENSG00000103855",1.19060289557112e-06
"ENSG00000167767",1.19017770453149e-06
"ENSG00000204869",1.19009080759085e-06
"ENSG00000187833",1.18773884987278e-06
"ENSG00000134258",1.18721404736895e-06
"ENSG00000197905",1.18663310594273e-06
"ENSG00000203867",1.18642304102718e-06
"ENSG00000136999",1.18619926152716e-06
"ENSG00000235118",1.18617076022272e-06
"ENSG00000081148",1.18552368222833e-06
"ENSG00000145423",1.18471842577632e-06
"ENSG00000168477",1.18457429716144e-06
"ENSG00000118491",1.18439823145607e-06
"ENSG00000174938",1.184370307852e-06
"ENSG00000133105",1.18417329581294e-06
"ENSG00000197181",1.18345378838131e-06
"ENSG00000152779",1.18310397301477e-06
"ENSG00000244411",1.18298769473308e-06
"ENSG00000185049",1.18286567844721e-06
"ENSG00000082482",1.18251386350345e-06
"ENSG00000177984",1.18231132377043e-06
"ENSG00000223658",1.18182107885196e-06
"ENSG00000140955",1.18171829484104e-06
"ENSG00000171877",1.18044560737547e-06
"ENSG00000205649",1.17994340717457e-06
"ENSG00000166884",1.17931396910941e-06
"ENSG00000134245",1.17723111747474e-06
"ENSG00000137675",1.17680628670265e-06
"ENSG00000112115",1.17567390116711e-06
"ENSG00000183206",1.17516313555657e-06
"ENSG00000137825",1.17498885023021e-06
"ENSG00000241322",1.1745250780985e-06
"ENSG00000145888",1.171554996036e-06
"ENSG00000095587",1.17105062929293e-06
"ENSG00000078900",1.170925608257e-06
"ENSG00000101282",1.1693782693939e-06
"ENSG00000060709",1.16894095983492e-06
"ENSG00000077279",1.16862063130557e-06
"ENSG00000173612",1.16809021603195e-06
"ENSG00000138039",1.1680178460414e-06
"ENSG00000180269",1.16800630087711e-06
"ENSG00000105784",1.16708036965384e-06
"ENSG00000113525",1.16655949280664e-06
"ENSG00000172772",1.16609276177401e-06
"ENSG00000100253",1.16561805844219e-06
"ENSG00000150630",1.16525465415422e-06
"ENSG00000185652",1.16456899320532e-06
"ENSG00000267426",1.16448435453669e-06
"ENSG00000148704",1.16428747631865e-06
"ENSG00000006788",1.16358337440344e-06
"ENSG00000143816",1.16292429409786e-06
"ENSG00000278685",1.16255639209856e-06
"ENSG00000203757",1.16249693978819e-06
"ENSG00000086015",1.16166196271677e-06
"ENSG00000198390",1.16163641438309e-06
"ENSG00000214814",1.16103479773034e-06
"ENSG00000180660",1.16094583040663e-06
"ENSG00000172938",1.15619400999357e-06
"ENSG00000135298",1.15512267943479e-06
"ENSG00000205693",1.15317616383119e-06
"ENSG00000248771",1.15315304213797e-06
"ENSG00000189152",1.15178039063257e-06
"ENSG00000125813",1.15167646820256e-06
"ENSG00000140284",1.15118958687881e-06
"ENSG00000174740",1.15092435485715e-06
"ENSG00000139496",1.15030420646469e-06
"ENSG00000102385",1.15003934315334e-06
"ENSG00000109182",1.14645400171565e-06
"ENSG00000113073",1.14576938751931e-06
"ENSG00000100344",1.14343190211176e-06
"ENSG00000172940",1.14301813662318e-06
"ENSG00000163114",1.14129029137257e-06
"ENSG00000146376",1.14126967853475e-06
"ENSG00000163530",1.14092024040119e-06
"ENSG00000052344",1.14023445651331e-06
"ENSG00000235387",1.1392696476481e-06
"ENSG00000101198",1.13716301878343e-06
"ENSG00000174990",1.13656570636443e-06
"ENSG00000178947",1.13607648954287e-06
"ENSG00000172476",1.13493447055444e-06
"ENSG00000205857",1.13458507915153e-06
"ENSG00000125492",1.13401522974111e-06
"ENSG00000166407",1.13375107841737e-06
"ENSG00000149575",1.13368691039131e-06
"ENSG00000196391",1.13348524328561e-06
"ENSG00000131721",1.13162226532989e-06
"ENSG00000277957",1.13150509310345e-06
"ENSG00000196862",1.13113018550351e-06
"ENSG00000173702",1.13074383149331e-06
"ENSG00000175485",1.13053192519137e-06
"ENSG00000144366",1.1297985558079e-06
"ENSG00000165349",1.12920201856378e-06
"ENSG00000197309",1.12816379726152e-06
"ENSG00000176040",1.12723723560876e-06
"ENSG00000171243",1.12713351489672e-06
"ENSG00000116882",1.12653195693774e-06
"ENSG00000101349",1.12587594336083e-06
"ENSG00000084674",1.12582249391972e-06
"ENSG00000225614",1.12456676539227e-06
"ENSG00000166159",1.12403527280145e-06
"ENSG00000196616",1.12376740206331e-06
"ENSG00000167244",1.12372439772192e-06
"ENSG00000188869",1.12340703419371e-06
"ENSG00000077498",1.12330937713752e-06
"ENSG00000099399",1.12188340894091e-06
"ENSG00000197241",1.12111159842077e-06
"ENSG00000261582",1.11970382061589e-06
"ENSG00000162344",1.11878689623773e-06
"ENSG00000180988",1.11862400147855e-06
"ENSG00000125551",1.11819339320881e-06
"ENSG00000124217",1.11592347616889e-06
"ENSG00000100557",1.11544327967183e-06
"ENSG00000168874",1.11473868645098e-06
"ENSG00000255298",1.11438724138979e-06
"ENSG00000189410",1.11316341627207e-06
"ENSG00000081800",1.11277174661015e-06
"ENSG00000095596",1.11269844952472e-06
"ENSG00000189001",1.11126083600793e-06
"ENSG00000183762",1.11081346939936e-06
"ENSG00000171016",1.11080393124836e-06
"ENSG00000164588",1.11078146086706e-06
"ENSG00000100206",1.11060290985074e-06
"ENSG00000158815",1.11057711204822e-06
"ENSG00000168124",1.11014778961469e-06
"ENSG00000153721",1.10908760640138e-06
"ENSG00000109099",1.10761335183171e-06
"ENSG00000143850",1.107412590457e-06
"ENSG00000170558",1.10625430457645e-06
"ENSG00000185737",1.10501528198161e-06
"ENSG00000120563",1.10496624953523e-06
"ENSG00000173389",1.10495709877732e-06
"ENSG00000072832",1.10369020840022e-06
"ENSG00000204021",1.10164837052704e-06
"ENSG00000075290",1.10136843626031e-06
"ENSG00000176225",1.10116851904885e-06
"ENSG00000225366",1.10081171525863e-06
"ENSG00000167751",1.10010858453549e-06
"ENSG00000101977",1.09886585825345e-06
"ENSG00000166292",1.09715405820091e-06
"ENSG00000128917",1.09548540390773e-06
"ENSG00000134873",1.09389208688195e-06
"ENSG00000186119",1.09381069205221e-06
"ENSG00000148513",1.09259695812208e-06
"ENSG00000186583",1.09256941841189e-06
"ENSG00000117407",1.09252272984041e-06
"ENSG00000184731",1.09163607738395e-06
"ENSG00000166069",1.09148087506716e-06
"ENSG00000111704",1.09110667906897e-06
"ENSG00000162367",1.09003961442183e-06
"ENSG00000168509",1.08961669667584e-06
"ENSG00000260729",1.08949340768823e-06
"ENSG00000184564",1.08856392632007e-06
"ENSG00000112837",1.08750934868889e-06
"ENSG00000197616",1.08713291395363e-06
"ENSG00000269891",1.08476861962076e-06
"ENSG00000187957",1.08439628125341e-06
"ENSG00000167355",1.08409678374975e-06
"ENSG00000005156",1.08365333502182e-06
"ENSG00000206181",1.08330861171779e-06
"ENSG00000204923",1.08308863166547e-06
"ENSG00000262481",1.08279468800784e-06
"ENSG00000169710",1.08259106654739e-06
"ENSG00000154025",1.08108568429288e-06
"ENSG00000006016",1.08056017386124e-06
"ENSG00000170929",1.07994356099582e-06
"ENSG00000253148",1.07964892035945e-06
"ENSG00000074276",1.07912256610454e-06
"ENSG00000163273",1.07906380487431e-06
"ENSG00000107731",1.07895354242198e-06
"ENSG00000104055",1.07894435184029e-06
"ENSG00000134249",1.0784478513358e-06
"ENSG00000132821",1.07803645632031e-06
"ENSG00000166396",1.07775806199303e-06
"ENSG00000131730",1.07749555723355e-06
"ENSG00000121898",1.07682769271111e-06
"ENSG00000186452",1.07652088032736e-06
"ENSG00000047644",1.07647756733718e-06
"ENSG00000118004",1.07573005816803e-06
"ENSG00000187068",1.0752611418925e-06
"ENSG00000230399",1.07504827380368e-06
"ENSG00000198049",1.07466410980832e-06
"ENSG00000135100",1.07434937593206e-06
"ENSG00000058404",1.07418199783138e-06
"ENSG00000130173",1.07380095824149e-06
"ENSG00000112130",1.07281465359744e-06
"ENSG00000102837",1.0727096701739e-06
"ENSG00000173175",1.07171498214699e-06
"ENSG00000149043",1.07157843825272e-06
"ENSG00000239474",1.07129067283965e-06
"ENSG00000196099",1.07099258897046e-06
"ENSG00000143412",1.07074097861316e-06
"ENSG00000121351",1.06872217622002e-06
"ENSG00000144596",1.06868054245235e-06
"ENSG00000238205",1.06862001925734e-06
"ENSG00000176204",1.06858558933082e-06
"ENSG00000186924",1.06834900282023e-06
"ENSG00000204505",1.06780268705298e-06
"ENSG00000171517",1.06771405698525e-06
"ENSG00000179431",1.06764868940317e-06
"ENSG00000103021",1.06758050859171e-06
"ENSG00000188386",1.06646688237697e-06
"ENSG00000183098",1.06612559928881e-06
"ENSG00000160678",1.06272255755244e-06
"ENSG00000070193",1.06259415968265e-06
"ENSG00000183313",1.06234282430824e-06
"ENSG00000279051",1.06042247094245e-06
"ENSG00000124568",1.05987459362191e-06
"ENSG00000204116",1.05954825617747e-06
"ENSG00000184451",1.0595331439791e-06
"ENSG00000110244",1.05901207427587e-06
"ENSG00000185271",1.05879022554926e-06
"ENSG00000182477",1.05777084633411e-06
"ENSG00000070748",1.05714145248683e-06
"ENSG00000140459",1.05385403996069e-06
"ENSG00000196932",1.0533250420981e-06
"ENSG00000152192",1.05293074953347e-06
"ENSG00000111245",1.05266396451344e-06
"ENSG00000138162",1.05185439974975e-06
"ENSG00000172458",1.05178622783601e-06
"ENSG00000184611",1.0515611362323e-06
"ENSG00000196408",1.04927501307614e-06
"ENSG00000156009",1.04906490292098e-06
"ENSG00000165757",1.04850358059221e-06
"ENSG00000250366",1.04726089736284e-06
"ENSG00000006042",1.0460735616912e-06
"ENSG00000153002",1.04570003315671e-06
"ENSG00000189320",1.04513037179176e-06
"ENSG00000243501",1.04410521355907e-06
"ENSG00000213214",1.04391345432975e-06
"ENSG00000120658",1.04219450164469e-06
"ENSG00000091436",1.0412127659009e-06
"ENSG00000277893",1.04101530843889e-06
"ENSG00000187942",1.04029570782513e-06
"ENSG00000281593",1.04016795377068e-06
"ENSG00000075643",1.03976427985044e-06
"ENSG00000187944",1.03947875951458e-06
"ENSG00000141086",1.0389828293738e-06
"ENSG00000101276",1.03839468000758e-06
"ENSG00000124900",1.03824704351506e-06
"ENSG00000235376",1.03707201951226e-06
"ENSG00000182175",1.03694543112837e-06
"ENSG00000242715",1.03687711007639e-06
"ENSG00000197140",1.03681172615013e-06
"ENSG00000168427",1.03552611185015e-06
"ENSG00000183807",1.03516935686999e-06
"ENSG00000183476",1.03460499821472e-06
"ENSG00000205436",1.03441840908869e-06
"ENSG00000160207",1.03375705287311e-06
"ENSG00000197849",1.03330530949251e-06
"ENSG00000103241",1.03163918079629e-06
"ENSG00000132031",1.03133935003912e-06
"ENSG00000144834",1.02791194324989e-06
"ENSG00000267060",1.02716794492821e-06
"ENSG00000182372",1.02636192561845e-06
"ENSG00000270765",1.02558729695128e-06
"ENSG00000145283",1.02294979987283e-06
"ENSG00000284130",1.02270326781418e-06
"ENSG00000204956",1.02216842030059e-06
"ENSG00000277150",1.02060525424766e-06
"ENSG00000213901",1.0204157985793e-06
"ENSG00000112706",1.02034081197587e-06
"ENSG00000275793",1.01920251412259e-06
"ENSG00000120549",1.01900301561247e-06
"ENSG00000188505",1.01863338173214e-06
"ENSG00000203734",1.01801252189762e-06
"ENSG00000188306",1.01760682364771e-06
"ENSG00000168515",1.01682474942382e-06
"ENSG00000146374",1.01648838941725e-06
"ENSG00000198914",1.01544040645235e-06
"ENSG00000146966",1.01518364490046e-06
"ENSG00000101292",1.01502874210245e-06
"ENSG00000101955",1.01346270541183e-06
"ENSG00000164532",1.01228518415428e-06
"ENSG00000147869",1.01224441432136e-06
"ENSG00000186306",1.01191854379854e-06
"ENSG00000054938",1.01117526962774e-06
"ENSG00000203805",1.0099112273433e-06
"ENSG00000178287",1.00871724610261e-06
"ENSG00000198835",1.00786596404492e-06
"ENSG00000188620",1.00716665120963e-06
"ENSG00000180929",1.00667764388403e-06
"ENSG00000162572",1.00591834797478e-06
"ENSG00000164344",1.00579377138518e-06
"ENSG00000284373",1.00542766460193e-06
"ENSG00000172000",1.00532913711258e-06
"ENSG00000183024",1.00514473870058e-06
"ENSG00000198542",1.00470030884478e-06
"ENSG00000123454",1.00462250969887e-06
"ENSG00000265190",1.00394287876319e-06
"ENSG00000151655",1.00388120495048e-06
"ENSG00000148584",1.00354360027645e-06
"ENSG00000261678",1.00293752717527e-06
"ENSG00000120075",1.00283710824542e-06
"ENSG00000120498",1.00238957127405e-06
"ENSG00000186009",1.0008937997428e-06
"ENSG00000224982",1.0007555545326e-06
"ENSG00000203933",1.00067529464803e-06
"ENSG00000215906",1.0001870704883e-06
"ENSG00000117707",9.99807225510918e-07
"ENSG00000163485",9.98997006026748e-07
"ENSG00000077800",9.98199893196861e-07
"ENSG00000181778",9.9808714419407e-07
"ENSG00000176774",9.9799140803066e-07
"ENSG00000101200",9.97476800703858e-07
"ENSG00000167653",9.97162758256587e-07
"ENSG00000255393",9.96961169632123e-07
"ENSG00000188269",9.96896407134948e-07
"ENSG00000153531",9.96669627178076e-07
"ENSG00000162512",9.96553804645854e-07
"ENSG00000122176",9.96457390736371e-07
"ENSG00000173918",9.9501584351475e-07
"ENSG00000236027",9.94599103680577e-07
"ENSG00000188558",9.92895843556804e-07
"ENSG00000186967",9.92382998197527e-07
"ENSG00000143450",9.92008811605621e-07
"ENSG00000237452",9.91082386456174e-07
"ENSG00000136052",9.90919350204732e-07
"ENSG00000263353",9.90710576467196e-07
"ENSG00000141485",9.90453396404876e-07
"ENSG00000143006",9.90246126441215e-07
"ENSG00000130656",9.89297758596908e-07
"ENSG00000113600",9.88602202085606e-07
"ENSG00000188910",9.87418112926865e-07
"ENSG00000262874",9.87199933571176e-07
"ENSG00000179630",9.86988155474879e-07
"ENSG00000143125",9.86854686070269e-07
"ENSG00000168077",9.85310280311587e-07
"ENSG00000125888",9.85247502034853e-07
"ENSG00000170561",9.84665174484771e-07
"ENSG00000006116",9.84266896300568e-07
"ENSG00000047936",9.8347832813509e-07
"ENSG00000144040",9.82046774479241e-07
"ENSG00000104147",9.81585624710952e-07
"ENSG00000253953",9.81469665852644e-07
"ENSG00000173572",9.8127679866813e-07
"ENSG00000134240",9.80701915791572e-07
"ENSG00000171804",9.80340964194927e-07
"ENSG00000064205",9.8013889771445e-07
"ENSG00000177275",9.79795227124859e-07
"ENSG00000177468",9.79524499894293e-07
"ENSG00000164542",9.78897099068792e-07
"ENSG00000189099",9.78828934697848e-07
"ENSG00000136574",9.7774482519248e-07
"ENSG00000148965",9.7690494139583e-07
"ENSG00000140623",9.753838018475e-07
"ENSG00000205777",9.75367801482229e-07
"ENSG00000016602",9.74564829306051e-07
"ENSG00000007933",9.7438695088183e-07
"ENSG00000172742",9.7323240323877e-07
"ENSG00000205838",9.72797448946609e-07
"ENSG00000100867",9.72338340789648e-07
"ENSG00000145002",9.72310358485062e-07
"ENSG00000215218",9.71852057552266e-07
"ENSG00000167419",9.71707593294361e-07
"ENSG00000257949",9.6992980202286e-07
"ENSG00000118702",9.69852238770421e-07
"ENSG00000001617",9.69321747531846e-07
"ENSG00000174804",9.68272878761887e-07
"ENSG00000148204",9.65269683964484e-07
"ENSG00000139767",9.65261347923966e-07
"ENSG00000197901",9.65172280093937e-07
"ENSG00000156575",9.65082776053184e-07
"ENSG00000196415",9.64197791909906e-07
"ENSG00000137948",9.63145937811435e-07
"ENSG00000169594",9.6296934200548e-07
"ENSG00000283039",9.62701743309008e-07
"ENSG00000171864",9.62055740590122e-07
"ENSG00000126259",9.61477573807001e-07
"ENSG00000282301",9.60960423389387e-07
"ENSG00000182156",9.60759188299298e-07
"ENSG00000183346",9.6013839560116e-07
"ENSG00000197822",9.5988626413829e-07
"ENSG00000164651",9.58633419344865e-07
"ENSG00000107864",9.5744538287424e-07
"ENSG00000170075",9.55098644499448e-07
"ENSG00000172058",9.54815144839915e-07
"ENSG00000164086",9.54348487504212e-07
"ENSG00000117069",9.54202333896968e-07
"ENSG00000036473",9.54072298238382e-07
"ENSG00000164930",9.54042272910882e-07
"ENSG00000162409",9.53584393785012e-07
"ENSG00000213999",9.5278145514927e-07
"ENSG00000213413",9.52584079397581e-07
"ENSG00000189401",9.52070851518024e-07
"ENSG00000284686",9.51627548222794e-07
"ENSG00000102313",9.51496950170289e-07
"ENSG00000152086",9.5146666647208e-07
"ENSG00000205359",9.51226348617071e-07
"ENSG00000184616",9.50297058194419e-07
"ENSG00000139800",9.49988022983881e-07
"ENSG00000177045",9.49142076323777e-07
"ENSG00000007001",9.48022756453988e-07
"ENSG00000234409",9.47534770884757e-07
"ENSG00000169436",9.46738147234995e-07
"ENSG00000232237",9.46146319507255e-07
"ENSG00000108602",9.45577466001978e-07
"ENSG00000121075",9.43493219459161e-07
"ENSG00000142623",9.43203536967982e-07
"ENSG00000011677",9.43201492676653e-07
"ENSG00000232258",9.42815058737208e-07
"ENSG00000125975",9.42454887541296e-07
"ENSG00000166211",9.42386670506887e-07
"ENSG00000204480",9.41970054097126e-07
"ENSG00000173826",9.41817772912978e-07
"ENSG00000065371",9.41147368841285e-07
"ENSG00000113302",9.40983351004372e-07
"ENSG00000102128",9.40390688253853e-07
"ENSG00000147100",9.39804607671565e-07
"ENSG00000160182",9.39732665215426e-07
"ENSG00000175664",9.39638845539392e-07
"ENSG00000161940",9.39293242865158e-07
"ENSG00000236398",9.39156249716943e-07
"ENSG00000162878",9.37384597528465e-07
"ENSG00000221878",9.37191331629422e-07
"ENSG00000126778",9.36178973085651e-07
"ENSG00000147465",9.36066859145569e-07
"ENSG00000196296",9.35329221515554e-07
"ENSG00000100167",9.3195275245229e-07
"ENSG00000170959",9.31201106785793e-07
"ENSG00000188694",9.30961066965638e-07
"ENSG00000182771",9.30782975783274e-07
"ENSG00000196119",9.30407717354083e-07
"ENSG00000173898",9.29250368282529e-07
"ENSG00000115598",9.29201527717788e-07
"ENSG00000067177",9.28054169309588e-07
"ENSG00000150361",9.28002043926938e-07
"ENSG00000168453",9.27346177482428e-07
"ENSG00000143217",9.26689198588375e-07
"ENSG00000197838",9.26247306032023e-07
"ENSG00000163071",9.25930584847274e-07
"ENSG00000089199",9.25165774229793e-07
"ENSG00000157765",9.24737803755643e-07
"ENSG00000003989",9.24429604130597e-07
"ENSG00000145824",9.24391562133562e-07
"ENSG00000187268",9.23636866059165e-07
"ENSG00000185985",9.231217596556e-07
"ENSG00000177558",9.23112095704022e-07
"ENSG00000169327",9.22758577124908e-07
"ENSG00000226763",9.20733211757577e-07
"ENSG00000170777",9.1922733161616e-07
"ENSG00000206536",9.19131333188105e-07
"ENSG00000140285",9.17693392237391e-07
"ENSG00000171540",9.17187040267742e-07
"ENSG00000133980",9.15657517157029e-07
"ENSG00000197651",9.14071976437592e-07
"ENSG00000170681",9.13729850272026e-07
"ENSG00000156011",9.12738918419217e-07
"ENSG00000136378",9.1218042047084e-07
"ENSG00000134588",9.11416401880792e-07
"ENSG00000274749",9.11272560734116e-07
"ENSG00000223611",9.10587474564682e-07
"ENSG00000204661",9.10433511896226e-07
"ENSG00000106631",9.10219885473549e-07
"ENSG00000197532",9.10152666069626e-07
"ENSG00000284512",9.09858289487827e-07
"ENSG00000096395",9.09524331153419e-07
"ENSG00000236980",9.07281611486963e-07
"ENSG00000196260",9.07022079181673e-07
"ENSG00000244219",9.0687927410084e-07
"ENSG00000112218",9.0687587387269e-07
"ENSG00000129007",9.06797316740785e-07
"ENSG00000196460",9.06687706009527e-07
"ENSG00000176895",9.0642248333824e-07
"ENSG00000164508",9.06001732461926e-07
"ENSG00000178522",9.05984115075252e-07
"ENSG00000131951",9.04900483254885e-07
"ENSG00000204195",9.04822291732185e-07
"ENSG00000105894",9.0371514503565e-07
"ENSG00000168447",9.03502631259626e-07
"ENSG00000187080",9.02993957120351e-07
"ENSG00000179943",9.02048735723655e-07
"ENSG00000008735",9.01006939305709e-07
"ENSG00000156509",8.99576038895774e-07
"ENSG00000169955",8.98442057143879e-07
"ENSG00000182674",8.97492290403575e-07
"ENSG00000165105",8.97178363424631e-07
"ENSG00000109851",8.95635837986686e-07
"ENSG00000243896",8.94829070342492e-07
"ENSG00000186970",8.93780726689734e-07
"ENSG00000141314",8.93596150136657e-07
"ENSG00000163586",8.93206473888708e-07
"ENSG00000166780",8.92083608101769e-07
"ENSG00000070985",8.91188411683247e-07
"ENSG00000177469",8.89955229389492e-07
"ENSG00000100031",8.89811606350823e-07
"ENSG00000124493",8.89345589947136e-07
"ENSG00000162733",8.879175327551e-07
"ENSG00000174343",8.87629293176839e-07
"ENSG00000186051",8.87626794736061e-07
"ENSG00000182798",8.86897995497526e-07
"ENSG00000116032",8.86791751956562e-07
"ENSG00000174640",8.8675350082646e-07
"ENSG00000183032",8.86165415550365e-07
"ENSG00000261740",8.85934935820125e-07
"ENSG00000156218",8.85597157845358e-07
"ENSG00000187792",8.85538487099793e-07
"ENSG00000183396",8.85337533815889e-07
"ENSG00000177257",8.85152394222871e-07
"ENSG00000082556",8.84567953161883e-07
"ENSG00000142609",8.82421542654956e-07
"ENSG00000197046",8.82137509737127e-07
"ENSG00000263639",8.81624388956014e-07
"ENSG00000138207",8.8125597689286e-07
"ENSG00000189058",8.80340092286746e-07
"ENSG00000274391",8.79553893887409e-07
"ENSG00000274211",8.78744734382717e-07
"ENSG00000132518",8.78610397062735e-07
"ENSG00000140945",8.78330213725464e-07
"ENSG00000105976",8.78211186589185e-07
"ENSG00000120156",8.78140361641268e-07
"ENSG00000089723",8.77813637417964e-07
"ENSG00000164007",8.76282463580135e-07
"ENSG00000165556",8.76174446113386e-07
"ENSG00000142619",8.75979663827128e-07
"ENSG00000256029",8.75774582977957e-07
"ENSG00000237524",8.74193082839191e-07
"ENSG00000276430",8.74174873645093e-07
"ENSG00000168530",8.72988541760765e-07
"ENSG00000166152",8.72860227337176e-07
"ENSG00000214782",8.71750430831566e-07
"ENSG00000101670",8.71589656059161e-07
"ENSG00000169393",8.7147459137951e-07
"ENSG00000165566",8.71066352811757e-07
"ENSG00000214491",8.7102459985387e-07
"ENSG00000165376",8.6973339066185e-07
"ENSG00000182575",8.68699531535923e-07
"ENSG00000111536",8.68132321688995e-07
"ENSG00000116745",8.67497661671401e-07
"ENSG00000086205",8.66266678917188e-07
"ENSG00000173421",8.66167833626857e-07
"ENSG00000185860",8.65255439124744e-07
"ENSG00000133392",8.64386185921022e-07
"ENSG00000172006",8.63899310622593e-07
"ENSG00000165887",8.63843810077067e-07
"ENSG00000260691",8.63799525093938e-07
"ENSG00000180878",8.63339084108598e-07
"ENSG00000215131",8.62641563470875e-07
"ENSG00000164287",8.62294773462847e-07
"ENSG00000260458",8.61724354669439e-07
"ENSG00000076716",8.6122492903869e-07
"ENSG00000164743",8.61203283554122e-07
"ENSG00000159197",8.61110163281037e-07
"ENSG00000134551",8.60467000428164e-07
"ENSG00000142319",8.6015571351766e-07
"ENSG00000274808",8.59333920930988e-07
"ENSG00000113209",8.58059529278686e-07
"ENSG00000215397",8.57762992490194e-07
"ENSG00000102452",8.57033573529286e-07
"ENSG00000128610",8.56383240003768e-07
"ENSG00000171815",8.56338652071285e-07
"ENSG00000186868",8.55665258669714e-07
"ENSG00000111339",8.55630286131141e-07
"ENSG00000130477",8.55179921682263e-07
"ENSG00000204961",8.55155381912549e-07
"ENSG00000136982",8.54444333646654e-07
"ENSG00000115041",8.5437372035789e-07
"ENSG00000198090",8.54293662088968e-07
"ENSG00000116981",8.52201495862995e-07
"ENSG00000180138",8.5206291665919e-07
"ENSG00000258555",8.51825615222516e-07
"ENSG00000179284",8.50654097033472e-07
"ENSG00000142149",8.49678798371797e-07
"ENSG00000185926",8.49460275574204e-07
"ENSG00000103375",8.47708084990891e-07
"ENSG00000166670",8.47678263652047e-07
"ENSG00000170608",8.47526008416673e-07
"ENSG00000126500",8.45942710500613e-07
"ENSG00000113196",8.45583406822045e-07
"ENSG00000126752",8.44992620934634e-07
"ENSG00000163046",8.44961607391452e-07
"ENSG00000198826",8.44784053287216e-07
"ENSG00000163083",8.44705172888662e-07
"ENSG00000106113",8.43776794037983e-07
"ENSG00000198569",8.42886211965058e-07
"ENSG00000187048",8.42822399261506e-07
"ENSG00000181625",8.42391771706598e-07
"ENSG00000136883",8.42027998409398e-07
"ENSG00000136881",8.41963088949102e-07
"ENSG00000183715",8.41823054893896e-07
"ENSG00000168079",8.41490750300054e-07
"ENSG00000197410",8.41266152960816e-07
"ENSG00000135577",8.41128729482495e-07
"ENSG00000171401",8.40859620094003e-07
"ENSG00000183496",8.39546185793125e-07
"ENSG00000155495",8.39368983393955e-07
"ENSG00000100314",8.39245829689288e-07
"ENSG00000004848",8.39085173860319e-07
"ENSG00000187634",8.38159917713273e-07
"ENSG00000178585",8.37895167819437e-07
"ENSG00000183248",8.37537087439014e-07
"ENSG00000116039",8.37333116067439e-07
"ENSG00000175809",8.37188912916636e-07
"ENSG00000135248",8.35739300125816e-07
"ENSG00000172346",8.35623357227604e-07
"ENSG00000206538",8.35382139842497e-07
"ENSG00000100341",8.3527801673293e-07
"ENSG00000162761",8.3458216066105e-07
"ENSG00000179954",8.34215315792247e-07
"ENSG00000165626",8.34079145594766e-07
"ENSG00000168135",8.34023174693151e-07
"ENSG00000244588",8.33584910864228e-07
"ENSG00000197745",8.33470833082378e-07
"ENSG00000198075",8.32888705302961e-07
"ENSG00000168878",8.32516926847441e-07
"ENSG00000156413",8.31055001608103e-07
"ENSG00000133800",8.30955767660756e-07
"ENSG00000274322",8.305227671953e-07
"ENSG00000204478",8.29635069500195e-07
"ENSG00000062096",8.29019610985699e-07
"ENSG00000283297",8.289649463235e-07
"ENSG00000204278",8.2745577046042e-07
"ENSG00000251154",8.27350043809544e-07
"ENSG00000106541",8.26812516751637e-07
"ENSG00000218819",8.26460175487937e-07
"ENSG00000133136",8.25297793368977e-07
"ENSG00000122133",8.24462905849014e-07
"ENSG00000138083",8.24290557583933e-07
"ENSG00000213265",8.2353725865653e-07
"ENSG00000124785",8.23351429869192e-07
"ENSG00000056998",8.22674719197948e-07
"ENSG00000120937",8.22528781904172e-07
"ENSG00000204967",8.22306902442353e-07
"ENSG00000251503",8.20730718758464e-07
"ENSG00000258873",8.20225761405615e-07
"ENSG00000264424",8.197476399248e-07
"ENSG00000102794",8.18802677802231e-07
"ENSG00000170950",8.17745838070606e-07
"ENSG00000144908",8.16719821729244e-07
"ENSG00000006606",8.16438576873897e-07
"ENSG00000249693",8.14403567466948e-07
"ENSG00000248144",8.1343842472197e-07
"ENSG00000269226",8.12572430089745e-07
"ENSG00000204930",8.12355476278472e-07
"ENSG00000179403",8.10998514408589e-07
"ENSG00000118729",8.10926903512271e-07
"ENSG00000175832",8.10751413320767e-07
"ENSG00000120337",8.09489993049691e-07
"ENSG00000123560",8.08955387009727e-07
"ENSG00000175984",8.08763390773409e-07
"ENSG00000179331",8.0829794266291e-07
"ENSG00000186335",8.07837958847183e-07
"ENSG00000272514",8.07789647304614e-07
"ENSG00000103310",8.0749838056237e-07
"ENSG00000221864",8.06460861653662e-07
"ENSG00000127928",8.06119520878791e-07
"ENSG00000164675",8.06087946341258e-07
"ENSG00000213439",8.05796569438072e-07
"ENSG00000168418",8.05720725946586e-07
"ENSG00000100207",8.05463626805527e-07
"ENSG00000255872",8.02718329713044e-07
"ENSG00000181291",8.02159777128693e-07
"ENSG00000007372",8.01200497072415e-07
"ENSG00000135454",8.00461736019496e-07
"ENSG00000258818",7.99700090333222e-07
"ENSG00000125878",7.99492499265224e-07
"ENSG00000099984",7.99450775171566e-07
"ENSG00000138308",7.99442346069645e-07
"ENSG00000009950",7.99053191172412e-07
"ENSG00000101331",7.98981208890116e-07
"ENSG00000130037",7.98426541470272e-07
"ENSG00000107831",7.98185170052395e-07
"ENSG00000181215",7.97823089519161e-07
"ENSG00000176029",7.97081913377551e-07
"ENSG00000169213",7.96508707250333e-07
"ENSG00000177464",7.94907618466934e-07
"ENSG00000230797",7.94823750832193e-07
"ENSG00000157060",7.94495854671382e-07
"ENSG00000038295",7.93735968026645e-07
"ENSG00000221882",7.93428410454718e-07
"ENSG00000163218",7.93179386020658e-07
"ENSG00000125266",7.91635164659172e-07
"ENSG00000174483",7.91554707230197e-07
"ENSG00000060566",7.91552387979702e-07
"ENSG00000283980",7.91200140585045e-07
"ENSG00000186523",7.91074713622775e-07
"ENSG00000112337",7.90846413650244e-07
"ENSG00000186510",7.90608175630659e-07
"ENSG00000256980",7.89978348002452e-07
"ENSG00000149289",7.8918853425154e-07
"ENSG00000274529",7.88817669660834e-07
"ENSG00000175097",7.88420250432981e-07
"ENSG00000131059",7.87980889968366e-07
"ENSG00000197444",7.87978067112472e-07
"ENSG00000140798",7.8768614410411e-07
"ENSG00000019505",7.87160570189481e-07
"ENSG00000196604",7.87014249418891e-07
"ENSG00000261787",7.86640346227977e-07
"ENSG00000214050",7.85975154603654e-07
"ENSG00000226792",7.84694361188424e-07
"ENSG00000183379",7.84661967290092e-07
"ENSG00000213416",7.8455088185423e-07
"ENSG00000153292",7.84367465016206e-07
"ENSG00000254834",7.83996509334472e-07
"ENSG00000187720",7.83675936788187e-07
"ENSG00000087495",7.82338318999315e-07
"ENSG00000284680",7.82288086656857e-07
"ENSG00000197769",7.82186992311816e-07
"ENSG00000284505",7.82037206170646e-07
"ENSG00000120659",7.81825681746527e-07
"ENSG00000251537",7.81744567157408e-07
"ENSG00000254806",7.81189855998144e-07
"ENSG00000115616",7.81113563333055e-07
"ENSG00000221858",7.81026860898279e-07
"ENSG00000185313",7.80575138568202e-07
"ENSG00000168634",7.79788614745884e-07
"ENSG00000174236",7.79160556062448e-07
"ENSG00000111700",7.78788011394777e-07
"ENSG00000172551",7.77408972736251e-07
"ENSG00000186628",7.76945882400146e-07
"ENSG00000163815",7.76621085829878e-07
"ENSG00000253304",7.75269933665797e-07
"ENSG00000127530",7.74870658990928e-07
"ENSG00000101812",7.74472211801322e-07
"ENSG00000144644",7.74161911918374e-07
"ENSG00000180318",7.73380411749027e-07
"ENSG00000183640",7.7178968801641e-07
"ENSG00000122859",7.70240423754041e-07
"ENSG00000204389",7.69533402931813e-07
"ENSG00000196993",7.69130864829585e-07
"ENSG00000091656",7.68901172191908e-07
"ENSG00000203663",7.67808604111764e-07
"ENSG00000213088",7.67794864955065e-07
"ENSG00000080573",7.66153926756234e-07
"ENSG00000138131",7.65766104961937e-07
"ENSG00000187823",7.65688375162865e-07
"ENSG00000205667",7.65155492148747e-07
"ENSG00000186847",7.64766844514403e-07
"ENSG00000214510",7.641048595876e-07
"ENSG00000099377",7.63431413898599e-07
"ENSG00000157064",7.62978311642774e-07
"ENSG00000112379",7.62192581609409e-07
"ENSG00000161958",7.61841069750991e-07
"ENSG00000169488",7.5986391428e-07
"ENSG00000141750",7.59246165240936e-07
"ENSG00000167910",7.59098123749712e-07
"ENSG00000144410",7.58282900013633e-07
"ENSG00000143367",7.5818566994771e-07
"ENSG00000189030",7.58070610379257e-07
"ENSG00000056291",7.57853379566502e-07
"ENSG00000197454",7.5775688188769e-07
"ENSG00000176678",7.57538741742307e-07
"ENSG00000122778",7.57175122176962e-07
"ENSG00000185046",7.56985699488517e-07
"ENSG00000267385",7.5659217687697e-07
"ENSG00000198807",7.56069408231042e-07
"ENSG00000142233",7.55946163577247e-07
"ENSG00000185924",7.55872638324807e-07
"ENSG00000152467",7.55190478882228e-07
"ENSG00000170419",7.54280904503341e-07
"ENSG00000166391",7.54280474927818e-07
"ENSG00000171451",7.5410024161348e-07
"ENSG00000172016",7.54034707852271e-07
"ENSG00000253767",7.52381802239294e-07
"ENSG00000241128",7.51878185290347e-07
"ENSG00000115221",7.51492440594499e-07
"ENSG00000179455",7.51334168151803e-07
"ENSG00000166924",7.5115197997518e-07
"ENSG00000273957",7.50915478905198e-07
"ENSG00000277535",7.50850847502198e-07
"ENSG00000169562",7.50811551309205e-07
"ENSG00000143061",7.50421393821098e-07
"ENSG00000198452",7.50333645561016e-07
"ENSG00000176566",7.49865397358105e-07
"ENSG00000171944",7.49846996610845e-07
"ENSG00000180616",7.49591329594245e-07
"ENSG00000150722",7.49542387777273e-07
"ENSG00000204640",7.49531872487897e-07
"ENSG00000089116",7.49168000091694e-07
"ENSG00000149926",7.49029625987651e-07
"ENSG00000205858",7.47582955850715e-07
"ENSG00000204007",7.46750721635644e-07
"ENSG00000204315",7.46508688545185e-07
"ENSG00000104938",7.4641203423855e-07
"ENSG00000105737",7.45859038460324e-07
"ENSG00000165935",7.44587540313985e-07
"ENSG00000116996",7.43751938888639e-07
"ENSG00000181374",7.43650496222251e-07
"ENSG00000156564",7.42836213626856e-07
"ENSG00000164893",7.42118962550302e-07
"ENSG00000100012",7.41577355622475e-07
"ENSG00000167139",7.40991725712256e-07
"ENSG00000102239",7.40149622623885e-07
"ENSG00000187537",7.39057184170146e-07
"ENSG00000182836",7.38094236992894e-07
"ENSG00000151952",7.37439239276172e-07
"ENSG00000165841",7.36761928976701e-07
"ENSG00000171954",7.36206182555124e-07
"ENSG00000137707",7.35662942242168e-07
"ENSG00000167971",7.35634023049336e-07
"ENSG00000178187",7.35622727618077e-07
"ENSG00000188643",7.35535323442086e-07
"ENSG00000174417",7.35283213949734e-07
"ENSG00000118017",7.34643105955568e-07
"ENSG00000005073",7.34442422147553e-07
"ENSG00000187783",7.34307570467238e-07
"ENSG00000106125",7.33587862372618e-07
"ENSG00000164326",7.32272874563649e-07
"ENSG00000109132",7.32115560829685e-07
"ENSG00000105642",7.32018178095063e-07
"ENSG00000164175",7.320130114057e-07
"ENSG00000167800",7.31617976387828e-07
"ENSG00000144847",7.31184222811394e-07
"ENSG00000268041",7.30951068570664e-07
"ENSG00000155269",7.30833074646251e-07
"ENSG00000171056",7.30767429943637e-07
"ENSG00000215018",7.30440391890425e-07
"ENSG00000184459",7.30225859738774e-07
"ENSG00000144857",7.29995748884086e-07
"ENSG00000223572",7.29994997383139e-07
"ENSG00000105137",7.29546706746599e-07
"ENSG00000172733",7.29303111510269e-07
"ENSG00000169469",7.29302755382439e-07
"ENSG00000258790",7.29163368573338e-07
"ENSG00000182132",7.28229217665918e-07
"ENSG00000185372",7.27138322922741e-07
"ENSG00000261115",7.26370179455026e-07
"ENSG00000128052",7.25811131989099e-07
"ENSG00000230246",7.25490788853562e-07
"ENSG00000129451",7.25430627255591e-07
"ENSG00000189167",7.24779697056513e-07
"ENSG00000241935",7.24466969297674e-07
"ENSG00000198062",7.24229149055229e-07
"ENSG00000171357",7.22111943699617e-07
"ENSG00000134389",7.21632567162637e-07
"ENSG00000214595",7.2100857973101e-07
"ENSG00000144810",7.19056298314262e-07
"ENSG00000221867",7.18404896602959e-07
"ENSG00000099834",7.17776423760574e-07
"ENSG00000180305",7.17316613320358e-07
"ENSG00000101180",7.16674585021692e-07
"ENSG00000131910",7.16613381315063e-07
"ENSG00000087128",7.15948198034161e-07
"ENSG00000089558",7.15366008538407e-07
"ENSG00000171133",7.15041484787284e-07
"ENSG00000119042",7.14828498119952e-07
"ENSG00000177151",7.14740604597332e-07
"ENSG00000099960",7.14438488082892e-07
"ENSG00000185958",7.12486935785677e-07
"ENSG00000160994",7.11988764170686e-07
"ENSG00000204572",7.11284212171527e-07
"ENSG00000089847",7.09778309446941e-07
"ENSG00000062524",7.09373125777948e-07
"ENSG00000184389",7.0927560415326e-07
"ENSG00000145087",7.09033313051066e-07
"ENSG00000196090",7.08619078642868e-07
"ENSG00000180875",7.08060987197297e-07
"ENSG00000130427",7.07382763836191e-07
"ENSG00000129167",7.05416607012394e-07
"ENSG00000137033",7.05405907965557e-07
"ENSG00000089225",7.05373858955667e-07
"ENSG00000130224",7.0515026320861e-07
"ENSG00000091482",7.0475834394487e-07
"ENSG00000173239",7.04266816935271e-07
"ENSG00000253831",7.04148062242918e-07
"ENSG00000049130",7.02761968087796e-07
"ENSG00000152292",7.02090605271976e-07
"ENSG00000137674",7.02020822145728e-07
"ENSG00000176809",7.01471665467692e-07
"ENSG00000184374",7.01073377559106e-07
"ENSG00000178279",7.00774196069096e-07
"ENSG00000166569",7.00460789793565e-07
"ENSG00000176925",7.00357210702047e-07
"ENSG00000167588",7.00155028902475e-07
"ENSG00000163633",6.9968675272313e-07
"ENSG00000198142",6.9897248748747e-07
"ENSG00000011028",6.98194964122846e-07
"ENSG00000129514",6.98044836393053e-07
"ENSG00000179172",6.97944774757906e-07
"ENSG00000188112",6.97635881584619e-07
"ENSG00000111206",6.97426987108986e-07
"ENSG00000188467",6.96881431409874e-07
"ENSG00000213588",6.96653097973088e-07
"ENSG00000164933",6.96602290038989e-07
"ENSG00000177414",6.96162694834013e-07
"ENSG00000156298",6.95327682131017e-07
"ENSG00000189157",6.95251665571818e-07
"ENSG00000249853",6.93752998691004e-07
"ENSG00000094661",6.93428653361521e-07
"ENSG00000158077",6.93180436539699e-07
"ENSG00000284713",6.91876263300212e-07
"ENSG00000168065",6.91660377895852e-07
"ENSG00000114248",6.9165661800378e-07
"ENSG00000095970",6.90981977958299e-07
"ENSG00000236396",6.90127148022461e-07
"ENSG00000234469",6.89718188579341e-07
"ENSG00000134569",6.88971188256295e-07
"ENSG00000188991",6.87573026577637e-07
"ENSG00000132631",6.8751561854477e-07
"ENSG00000254732",6.87089846651585e-07
"ENSG00000082684",6.86362030208488e-07
"ENSG00000144278",6.85544490930794e-07
"ENSG00000283329",6.8524643949835e-07
"ENSG00000008438",6.85235016683702e-07
"ENSG00000167311",6.84265356071383e-07
"ENSG00000244067",6.83915921141119e-07
"ENSG00000168062",6.83895853337336e-07
"ENSG00000151572",6.83771366762366e-07
"ENSG00000182698",6.83753850346887e-07
"ENSG00000162399",6.83136893550535e-07
"ENSG00000163623",6.83027706596104e-07
"ENSG00000160505",6.81009395206319e-07
"ENSG00000175189",6.80835881314189e-07
"ENSG00000163362",6.79580429358351e-07
"ENSG00000174498",6.79462500670326e-07
"ENSG00000258653",6.79216267842526e-07
"ENSG00000276240",6.79210118043182e-07
"ENSG00000130294",6.7847685131768e-07
"ENSG00000165794",6.78261951793809e-07
"ENSG00000165076",6.78162297039587e-07
"ENSG00000182898",6.7747656633358e-07
"ENSG00000164694",6.76068887791286e-07
"ENSG00000168412",6.7588893265093e-07
"ENSG00000272674",6.75410614551658e-07
"ENSG00000189433",6.74818279841113e-07
"ENSG00000183793",6.74201855930627e-07
"ENSG00000180083",6.74024603483354e-07
"ENSG00000099769",6.74012948329955e-07
"ENSG00000126016",6.72867003110794e-07
"ENSG00000198774",6.7239348737891e-07
"ENSG00000259288",6.71389687811326e-07
"ENSG00000155886",6.71166751967414e-07
"ENSG00000149948",6.71166442585212e-07
"ENSG00000137809",6.70592190538253e-07
"ENSG00000279486",6.70191713025303e-07
"ENSG00000164794",6.69953624882149e-07
"ENSG00000091622",6.69833799495886e-07
"ENSG00000176893",6.69751266662063e-07
"ENSG00000072201",6.69297152055563e-07
"ENSG00000165383",6.69085486510336e-07
"ENSG00000204928",6.69071483132689e-07
"ENSG00000129474",6.68977530334063e-07
"ENSG00000175065",6.67437528366369e-07
"ENSG00000148702",6.66774143292454e-07
"ENSG00000186143",6.66511289299931e-07
"ENSG00000172967",6.66249699205999e-07
"ENSG00000269058",6.63357079237506e-07
"ENSG00000181449",6.63038320607573e-07
"ENSG00000155875",6.63009794408403e-07
"ENSG00000161509",6.62490699062706e-07
"ENSG00000198785",6.62425934988725e-07
"ENSG00000166558",6.62047449862121e-07
"ENSG00000215475",6.6140035022836e-07
"ENSG00000177098",6.61356056994361e-07
"ENSG00000268696",6.60802351824168e-07
"ENSG00000171450",6.6046206022603e-07
"ENSG00000152092",6.59892551082848e-07
"ENSG00000138271",6.59616232448593e-07
"ENSG00000119471",6.59426652015288e-07
"ENSG00000186838",6.5899485792726e-07
"ENSG00000086159",6.58644278094249e-07
"ENSG00000169550",6.58505992510452e-07
"ENSG00000105549",6.58390118659252e-07
"ENSG00000204936",6.57839734119701e-07
"ENSG00000187791",6.57806891822284e-07
"ENSG00000181577",6.57780933656207e-07
"ENSG00000269964",6.57769366255202e-07
"ENSG00000120329",6.57527148591553e-07
"ENSG00000157782",6.57336435946836e-07
"ENSG00000147697",6.55988565517509e-07
"ENSG00000157613",6.55409699995317e-07
"ENSG00000124469",6.55402180051875e-07
"ENSG00000102935",6.55256485471069e-07
"ENSG00000186803",6.55202628065843e-07
"ENSG00000133124",6.54993562626945e-07
"ENSG00000101074",6.5370958351462e-07
"ENSG00000163629",6.53170101395925e-07
"ENSG00000163581",6.52732669525747e-07
"ENSG00000111199",6.52539097741655e-07
"ENSG00000109208",6.52472301313353e-07
"ENSG00000182315",6.51997550226296e-07
"ENSG00000186440",6.51992058727491e-07
"ENSG00000116903",6.51616837781975e-07
"ENSG00000086696",6.51479774013503e-07
"ENSG00000250120",6.51203985744657e-07
"ENSG00000143355",6.51161221561524e-07
"ENSG00000120471",6.50082998311685e-07
"ENSG00000273079",6.50057017358036e-07
"ENSG00000163202",6.49797919413466e-07
"ENSG00000074590",6.49726015029743e-07
"ENSG00000128346",6.49571713797166e-07
"ENSG00000176194",6.48100813097392e-07
"ENSG00000125508",6.47498289541722e-07
"ENSG00000179002",6.47373646355471e-07
"ENSG00000155622",6.47348670739625e-07
"ENSG00000184828",6.46165691041425e-07
"ENSG00000174963",6.456693718267e-07
"ENSG00000262304",6.45155463026825e-07
"ENSG00000162552",6.44715627339642e-07
"ENSG00000169918",6.44630707582006e-07
"ENSG00000162391",6.42366193209318e-07
"ENSG00000261456",6.41298753531769e-07
"ENSG00000171199",6.40397294640636e-07
"ENSG00000258674",6.40381608688145e-07
"ENSG00000266076",6.40187067006256e-07
"ENSG00000171345",6.3990728671222e-07
"ENSG00000146005",6.39851743507826e-07
"ENSG00000179869",6.39145379497869e-07
"ENSG00000267561",6.38715740997711e-07
"ENSG00000170703",6.37745481502036e-07
"ENSG00000183742",6.36754470130517e-07
"ENSG00000172789",6.36749407550781e-07
"ENSG00000109193",6.36617820996896e-07
"ENSG00000126266",6.36208017619094e-07
"ENSG00000140488",6.35459991577189e-07
"ENSG00000162407",6.35318790117153e-07
"ENSG00000006210",6.3368741429266e-07
"ENSG00000230873",6.33651799317657e-07
"ENSG00000196620",6.32492932567704e-07
"ENSG00000277556",6.31387621729467e-07
"ENSG00000039560",6.30944978826273e-07
"ENSG00000204363",6.2955165444393e-07
"ENSG00000163093",6.29320590585064e-07
"ENSG00000169515",6.29317552321429e-07
"ENSG00000205863",6.2892835938944e-07
"ENSG00000280090",6.28808695091725e-07
"ENSG00000162981",6.28693258891617e-07
"ENSG00000176842",6.2846820164647e-07
"ENSG00000137460",6.2724283023673e-07
"ENSG00000116783",6.27176038087728e-07
"ENSG00000172154",6.26552852169508e-07
"ENSG00000197587",6.26124998670307e-07
"ENSG00000187033",6.26098401298874e-07
"ENSG00000169627",6.25777518742865e-07
"ENSG00000205307",6.25324656880182e-07
"ENSG00000177535",6.24975350652832e-07
"ENSG00000188778",6.24639926894765e-07
"ENSG00000178440",6.2404167011932e-07
"ENSG00000125848",6.23721675754689e-07
"ENSG00000099812",6.22645520570299e-07
"ENSG00000272414",6.21915062117505e-07
"ENSG00000204449",6.21761863677468e-07
"ENSG00000072571",6.21540968574537e-07
"ENSG00000170775",6.21411797916326e-07
"ENSG00000249240",6.20843503082525e-07
"ENSG00000186645",6.2068338043744e-07
"ENSG00000186226",6.20202472317661e-07
"ENSG00000182272",6.2018616370837e-07
"ENSG00000177693",6.20173321980263e-07
"ENSG00000142677",6.20131766555812e-07
"ENSG00000255192",6.18316376723218e-07
"ENSG00000197417",6.18038296244624e-07
"ENSG00000239887",6.16996023308196e-07
"ENSG00000110484",6.16951097239266e-07
"ENSG00000121634",6.16676327559278e-07
"ENSG00000258315",6.16521581410509e-07
"ENSG00000141433",6.16242185789766e-07
"ENSG00000188916",6.14383627845218e-07
"ENSG00000170893",6.14123890459195e-07
"ENSG00000250298",6.13974019293365e-07
"ENSG00000186912",6.13886144359845e-07
"ENSG00000197245",6.1310716874507e-07
"ENSG00000074181",6.12733266439714e-07
"ENSG00000174562",6.12711366319575e-07
"ENSG00000128482",6.12145187729235e-07
"ENSG00000113205",6.11718933903836e-07
"ENSG00000152661",6.11527781612273e-07
"ENSG00000137804",6.10908677084409e-07
"ENSG00000188162",6.10568884385158e-07
"ENSG00000106304",6.10361816168346e-07
"ENSG00000219607",6.08960889105865e-07
"ENSG00000143479",6.08653316613746e-07
"ENSG00000233232",6.07972908938549e-07
"ENSG00000163817",6.07558408067919e-07
"ENSG00000115461",6.07293285132896e-07
"ENSG00000181418",6.06028962136733e-07
"ENSG00000108381",6.05792445943065e-07
"ENSG00000172519",6.05419608387758e-07
"ENSG00000187479",6.04831981666883e-07
"ENSG00000135443",6.03222142950546e-07
"ENSG00000112761",6.01222614673432e-07
"ENSG00000106328",6.00884431437014e-07
"ENSG00000180745",6.0077982920528e-07
"ENSG00000096006",6.00737119796906e-07
"ENSG00000283761",5.99999550402795e-07
"ENSG00000160200",5.99385881663803e-07
"ENSG00000011083",5.98629590044455e-07
"ENSG00000162105",5.96872447929735e-07
"ENSG00000151892",5.96664416025796e-07
"ENSG00000151876",5.94560201835383e-07
"ENSG00000144460",5.93489930760854e-07
"ENSG00000197472",5.93430860338885e-07
"ENSG00000138684",5.93174366004216e-07
"ENSG00000235961",5.92984038691415e-07
"ENSG00000008118",5.92970391616957e-07
"ENSG00000148798",5.91626475893005e-07
"ENSG00000128342",5.91237932175011e-07
"ENSG00000172738",5.91237728416736e-07
"ENSG00000254466",5.90604229795242e-07
"ENSG00000178826",5.90439910328729e-07
"ENSG00000143473",5.9010117051838e-07
"ENSG00000158516",5.90095168505562e-07
"ENSG00000277200",5.90017192751753e-07
"ENSG00000134533",5.8991165310219e-07
"ENSG00000251493",5.89714308166442e-07
"ENSG00000181273",5.89255131024397e-07
"ENSG00000133020",5.89043476123813e-07
"ENSG00000125850",5.88986254567856e-07
"ENSG00000168484",5.88756117118825e-07
"ENSG00000105261",5.87671691033955e-07
"ENSG00000135569",5.87592722678733e-07
"ENSG00000188000",5.8756506568153e-07
"ENSG00000154493",5.8755503569876e-07
"ENSG00000172935",5.87466639524066e-07
"ENSG00000186150",5.87062299440956e-07
"ENSG00000244242",5.86690702553559e-07
"ENSG00000165731",5.86685479370774e-07
"ENSG00000106852",5.86559078807148e-07
"ENSG00000164107",5.86399195794813e-07
"ENSG00000234224",5.85212524074193e-07
"ENSG00000121653",5.8448269901508e-07
"ENSG00000146839",5.84340154590562e-07
"ENSG00000183054",5.83239773102162e-07
"ENSG00000126733",5.8297117133787e-07
"ENSG00000120324",5.8278436828147e-07
"ENSG00000204347",5.81891793214591e-07
"ENSG00000168398",5.81627660226911e-07
"ENSG00000188312",5.81424790540909e-07
"ENSG00000262576",5.79277429937226e-07
"ENSG00000215372",5.79178828659297e-07
"ENSG00000165953",5.79102963486758e-07
"ENSG00000110786",5.78440136660185e-07
"ENSG00000172769",5.78387440278851e-07
"ENSG00000204019",5.78140500619607e-07
"ENSG00000158055",5.77617605198225e-07
"ENSG00000197191",5.76713080773447e-07
"ENSG00000248746",5.76697709834122e-07
"ENSG00000164362",5.76366460461551e-07
"ENSG00000131050",5.75972971489884e-07
"ENSG00000156284",5.75853175915552e-07
"ENSG00000280571",5.75619668063338e-07
"ENSG00000155754",5.75613620343157e-07
"ENSG00000186115",5.75310637109701e-07
"ENSG00000198812",5.7511223024639e-07
"ENSG00000106031",5.74052873908905e-07
"ENSG00000134909",5.73975923274522e-07
"ENSG00000204880",5.73869815234377e-07
"ENSG00000013293",5.73087315271905e-07
"ENSG00000104892",5.72394225970661e-07
"ENSG00000164237",5.71400030423635e-07
"ENSG00000181785",5.70890842970774e-07
"ENSG00000189348",5.70238355064135e-07
"ENSG00000179111",5.70125817678105e-07
"ENSG00000183185",5.70112976089448e-07
"ENSG00000129910",5.69740798286912e-07
"ENSG00000165023",5.69544313865255e-07
"ENSG00000203952",5.69062261650495e-07
"ENSG00000230667",5.68831963481791e-07
"ENSG00000258461",5.67496988571204e-07
"ENSG00000159248",5.66925307971906e-07
"ENSG00000156968",5.66903893378159e-07
"ENSG00000146038",5.65550533844503e-07
"ENSG00000158445",5.64506672490928e-07
"ENSG00000061337",5.64451938363502e-07
"ENSG00000261308",5.64125898209187e-07
"ENSG00000105357",5.63479298593411e-07
"ENSG00000166111",5.62343150586509e-07
"ENSG00000101203",5.61747311939871e-07
"ENSG00000284461",5.61023505832454e-07
"ENSG00000145309",5.60775051020793e-07
"ENSG00000175202",5.60205003852233e-07
"ENSG00000182652",5.60112634595396e-07
"ENSG00000187658",5.59558884508339e-07
"ENSG00000146856",5.59515430826734e-07
"ENSG00000171396",5.59367389107926e-07
"ENSG00000171827",5.59349645960287e-07
"ENSG00000102104",5.58321391132605e-07
"ENSG00000107165",5.58297952104935e-07
"ENSG00000196666",5.57168336642017e-07
"ENSG00000106410",5.56789789563346e-07
"ENSG00000135824",5.56549224519832e-07
"ENSG00000088305",5.5602126661736e-07
"ENSG00000168490",5.55211391330654e-07
"ENSG00000184155",5.54786256724194e-07
"ENSG00000241697",5.5432630092052e-07
"ENSG00000164488",5.5288531619818e-07
"ENSG00000234828",5.52671417548726e-07
"ENSG00000282881",5.52067208452001e-07
"ENSG00000136750",5.51344584554418e-07
"ENSG00000197706",5.50878319091624e-07
"ENSG00000162706",5.50805997444886e-07
"ENSG00000054179",5.5059329356223e-07
"ENSG00000185386",5.49463008682525e-07
"ENSG00000161798",5.49317775328135e-07
"ENSG00000206260",5.49296543136701e-07
"ENSG00000183856",5.4897140252533e-07
"ENSG00000140557",5.48546161494715e-07
"ENSG00000149599",5.48242649491465e-07
"ENSG00000180658",5.48153837308241e-07
"ENSG00000152402",5.47219266922249e-07
"ENSG00000137142",5.46091237175381e-07
"ENSG00000149798",5.45896740024755e-07
"ENSG00000223601",5.4421140966414e-07
"ENSG00000180919",5.4390235575923e-07
"ENSG00000165970",5.43503061787397e-07
"ENSG00000283703",5.43007562353417e-07
"ENSG00000145794",5.42717186308141e-07
"ENSG00000176399",5.40883951795992e-07
"ENSG00000125398",5.40801724123889e-07
"ENSG00000167332",5.39727370473408e-07
"ENSG00000227268",5.3954557576968e-07
"ENSG00000187918",5.39214669203241e-07
"ENSG00000182348",5.39102865853901e-07
"ENSG00000184347",5.38897517543421e-07
"ENSG00000166250",5.37699036957722e-07
"ENSG00000176165",5.36601352336304e-07
"ENSG00000156427",5.35849803976269e-07
"ENSG00000165863",5.35755817023484e-07
"ENSG00000178690",5.35356266457167e-07
"ENSG00000121440",5.35268132751149e-07
"ENSG00000262655",5.35031650541156e-07
"ENSG00000167701",5.34883415601675e-07
"ENSG00000237110",5.34691957609124e-07
"ENSG00000184702",5.33933462498189e-07
"ENSG00000109576",5.32960682930259e-07
"ENSG00000162520",5.32468242643151e-07
"ENSG00000134538",5.32376256357612e-07
"ENSG00000249624",5.32224682786136e-07
"ENSG00000100842",5.30632830372949e-07
"ENSG00000183580",5.30576904698516e-07
"ENSG00000168143",5.29324564073429e-07
"ENSG00000111981",5.28672031251873e-07
"ENSG00000113805",5.286441104928e-07
"ENSG00000117114",5.28627974175059e-07
"ENSG00000125831",5.28162472689648e-07
"ENSG00000174992",5.28100004006616e-07
"ENSG00000105605",5.27922163006979e-07
"ENSG00000063660",5.27857486851813e-07
"ENSG00000105880",5.27826549840999e-07
"ENSG00000171303",5.2760643276414e-07
"ENSG00000170324",5.27592472321285e-07
"ENSG00000176302",5.27333425411691e-07
"ENSG00000137819",5.27215902100078e-07
"ENSG00000105270",5.26562304073611e-07
"ENSG00000107984",5.25197180573773e-07
"ENSG00000137090",5.25028061113333e-07
"ENSG00000173452",5.24669380175886e-07
"ENSG00000108342",5.24641083328222e-07
"ENSG00000279761",5.24515243196366e-07
"ENSG00000176299",5.2430041672588e-07
"ENSG00000140807",5.23916281718132e-07
"ENSG00000204532",5.23805875848697e-07
"ENSG00000165917",5.23433728453321e-07
"ENSG00000125999",5.23234333042566e-07
"ENSG00000127903",5.23040794980257e-07
"ENSG00000196711",5.22751076465556e-07
"ENSG00000114646",5.22167732281047e-07
"ENSG00000152939",5.218176193199e-07
"ENSG00000138379",5.21167162584738e-07
"ENSG00000172399",5.20633877131921e-07
"ENSG00000110195",5.20189330320009e-07
"ENSG00000143614",5.19864519074457e-07
"ENSG00000265118",5.18386678480573e-07
"ENSG00000188782",5.17787844277889e-07
"ENSG00000171014",5.17189184977945e-07
"ENSG00000124664",5.16873651107365e-07
"ENSG00000171017",5.1654623295688e-07
"ENSG00000172073",5.1639745373443e-07
"ENSG00000187627",5.15979348941787e-07
"ENSG00000264230",5.15916032638409e-07
"ENSG00000197106",5.15812730855699e-07
"ENSG00000172201",5.15567437911997e-07
"ENSG00000104537",5.14754756096877e-07
"ENSG00000146047",5.14344332993303e-07
"ENSG00000183760",5.13875702135438e-07
"ENSG00000019549",5.1386678771597e-07
"ENSG00000206113",5.1374839408575e-07
"ENSG00000101448",5.13484844677633e-07
"ENSG00000184156",5.12815873508254e-07
"ENSG00000259571",5.12668724823132e-07
"ENSG00000204128",5.11632957307587e-07
"ENSG00000248919",5.11104470316153e-07
"ENSG00000187758",5.1071590792392e-07
"ENSG00000108830",5.10673846904412e-07
"ENSG00000120289",5.10254947659218e-07
"ENSG00000150551",5.10196716350777e-07
"ENSG00000205609",5.10077582545848e-07
"ENSG00000075218",5.09588974362447e-07
"ENSG00000273238",5.09512049322405e-07
"ENSG00000203784",5.07067315158965e-07
"ENSG00000147883",5.06949469678814e-07
"ENSG00000249948",5.06653854227681e-07
"ENSG00000137634",5.06559823919964e-07
"ENSG00000151475",5.06151219404028e-07
"ENSG00000147255",5.05690022985688e-07
"ENSG00000120328",5.04762776842583e-07
"ENSG00000159337",5.04695495039552e-07
"ENSG00000156925",5.04254036240117e-07
"ENSG00000267041",5.04057451818346e-07
"ENSG00000187714",5.03963632998552e-07
"ENSG00000144063",5.03594100901609e-07
"ENSG00000091010",5.03413644028666e-07
"ENSG00000171532",5.03386310845117e-07
"ENSG00000100211",5.02999840247963e-07
"ENSG00000176435",5.02965285071961e-07
"ENSG00000105366",5.02266016309969e-07
"ENSG00000171124",5.02211592935173e-07
"ENSG00000166828",5.01336370801342e-07
"ENSG00000147113",5.01129176166083e-07
"ENSG00000169676",5.01092562658974e-07
"ENSG00000284431",5.009278110049e-07
"ENSG00000139352",5.00915013918177e-07
"ENSG00000284638",5.00455911524833e-07
"ENSG00000166948",4.99110477273012e-07
"ENSG00000087510",4.98918795562493e-07
"ENSG00000153802",4.98901247758132e-07
"ENSG00000153165",4.98352644108251e-07
"ENSG00000179058",4.98245298367598e-07
"ENSG00000128274",4.98201047529794e-07
"ENSG00000112852",4.97768585182745e-07
"ENSG00000243749",4.96250472425315e-07
"ENSG00000183671",4.96088924591348e-07
"ENSG00000168955",4.95503062588639e-07
"ENSG00000181803",4.94731490590437e-07
"ENSG00000198547",4.94638712298522e-07
"ENSG00000169218",4.94157181272395e-07
"ENSG00000120256",4.94128242035722e-07
"ENSG00000203795",4.92585859348219e-07
"ENSG00000184617",4.92144992036633e-07
"ENSG00000021461",4.9210695406241e-07
"ENSG00000172061",4.91024322438118e-07
"ENSG00000119973",4.906384220293e-07
"ENSG00000183035",4.90258146140675e-07
"ENSG00000057593",4.89982998756505e-07
"ENSG00000173376",4.89204769357384e-07
"ENSG00000154330",4.88043258091978e-07
"ENSG00000151338",4.8740230546961e-07
"ENSG00000175336",4.87299801426614e-07
"ENSG00000165072",4.87287612416146e-07
"ENSG00000183775",4.86638926013002e-07
"ENSG00000206557",4.85587201115604e-07
"ENSG00000135374",4.84441746607416e-07
"ENSG00000172969",4.83489596644125e-07
"ENSG00000213822",4.83284574079344e-07
"ENSG00000197430",4.83036119747601e-07
"ENSG00000155066",4.82117262117546e-07
"ENSG00000183783",4.81153070560845e-07
"ENSG00000103356",4.80444379192007e-07
"ENSG00000157884",4.80436096517853e-07
"ENSG00000164188",4.80396609106166e-07
"ENSG00000170290",4.8027355277456e-07
"ENSG00000142538",4.80257372809979e-07
"ENSG00000117983",4.79925601370532e-07
"ENSG00000111432",4.7986908180073e-07
"ENSG00000176230",4.79433726954862e-07
"ENSG00000125895",4.790915874656e-07
"ENSG00000198300",4.790657179994e-07
"ENSG00000183145",4.78690949308053e-07
"ENSG00000214686",4.78506555071079e-07
"ENSG00000204246",4.78078488170478e-07
"ENSG00000130950",4.77992402013463e-07
"ENSG00000167941",4.76481472779896e-07
"ENSG00000280987",4.75969105843354e-07
"ENSG00000153060",4.7577023925669e-07
"ENSG00000262179",4.74688959772741e-07
"ENSG00000156282",4.74633981134328e-07
"ENSG00000155760",4.74613356549323e-07
"ENSG00000166634",4.74465061387576e-07
"ENSG00000173546",4.73726563073318e-07
"ENSG00000067842",4.73598523099847e-07
"ENSG00000185177",4.73494648833222e-07
"ENSG00000254553",4.73417694342788e-07
"ENSG00000099954",4.73301100282455e-07
"ENSG00000141437",4.73295778351962e-07
"ENSG00000015520",4.72358665595461e-07
"ENSG00000204611",4.7222190294492e-07
"ENSG00000124939",4.72128519190125e-07
"ENSG00000231256",4.714242081539e-07
"ENSG00000186732",4.70686183606619e-07
"ENSG00000100170",4.70407462428735e-07
"ENSG00000273155",4.69237785210284e-07
"ENSG00000283439",4.69185254225077e-07
"ENSG00000134760",4.68393306219131e-07
"ENSG00000122375",4.68125284671352e-07
"ENSG00000256162",4.68069071103912e-07
"ENSG00000131773",4.67967945522804e-07
"ENSG00000183888",4.67795243624437e-07
"ENSG00000176231",4.67638797477679e-07
"ENSG00000120235",4.67594945893745e-07
"ENSG00000186198",4.6731482398539e-07
"ENSG00000169402",4.66599903679304e-07
"ENSG00000283740",4.66440207196865e-07
"ENSG00000226784",4.66224542342722e-07
"ENSG00000112041",4.6606088428213e-07
"ENSG00000105583",4.64693769972132e-07
"ENSG00000122012",4.64612796497806e-07
"ENSG00000173769",4.64400493483918e-07
"ENSG00000255639",4.64070913515515e-07
"ENSG00000136531",4.63561426999878e-07
"ENSG00000253159",4.63514967359502e-07
"ENSG00000183644",4.63425785302926e-07
"ENSG00000175820",4.63012388609513e-07
"ENSG00000148942",4.62719654257585e-07
"ENSG00000135747",4.62516937084969e-07
"ENSG00000196917",4.61579655629839e-07
"ENSG00000132297",4.61093847151466e-07
"ENSG00000167531",4.6054140042989e-07
"ENSG00000142449",4.60286966711286e-07
"ENSG00000268964",4.60279895377957e-07
"ENSG00000178201",4.59780319748909e-07
"ENSG00000182264",4.59585000539649e-07
"ENSG00000008196",4.58782364807251e-07
"ENSG00000226174",4.58490477606267e-07
"ENSG00000106927",4.5842880879707e-07
"ENSG00000147573",4.5787649045083e-07
"ENSG00000179598",4.57716374495558e-07
"ENSG00000114349",4.57347683108604e-07
"ENSG00000169605",4.57037882818204e-07
"ENSG00000203907",4.55990437435758e-07
"ENSG00000042813",4.55950478895583e-07
"ENSG00000158014",4.55820166540635e-07
"ENSG00000198822",4.55787473900748e-07
"ENSG00000112499",4.55553825830596e-07
"ENSG00000132975",4.55183749345614e-07
"ENSG00000182187",4.54541338758842e-07
"ENSG00000129170",4.54289256654863e-07
"ENSG00000153294",4.53751779475847e-07
"ENSG00000189108",4.53679815798129e-07
"ENSG00000166090",4.53368043619326e-07
"ENSG00000187079",4.53139885036386e-07
"ENSG00000214943",4.53122761308658e-07
"ENSG00000251201",4.52567056999271e-07
"ENSG00000160460",4.52096835632817e-07
"ENSG00000126251",4.51720862571948e-07
"ENSG00000178184",4.51625877616692e-07
"ENSG00000144771",4.51105599332216e-07
"ENSG00000165197",4.5109639034121e-07
"ENSG00000185437",4.5085299694496e-07
"ENSG00000132429",4.50636605118589e-07
"ENSG00000274286",4.50499567408765e-07
"ENSG00000198435",4.5009410423302e-07
"ENSG00000204613",4.49837597252083e-07
"ENSG00000113249",4.49429885730303e-07
"ENSG00000007216",4.49087913416649e-07
"ENSG00000126856",4.48858756373633e-07
"ENSG00000170160",4.47716269677499e-07
"ENSG00000125872",4.47357366093305e-07
"ENSG00000176136",4.47292034446058e-07
"ENSG00000161849",4.47245097221789e-07
"ENSG00000198794",4.46550961662779e-07
"ENSG00000116785",4.45546062642937e-07
"ENSG00000176253",4.45421086793267e-07
"ENSG00000177103",4.45331279901084e-07
"ENSG00000204963",4.45232999284646e-07
"ENSG00000128519",4.43734071643152e-07
"ENSG00000272573",4.4344825576954e-07
"ENSG00000130675",4.42872815223805e-07
"ENSG00000066777",4.42601669064884e-07
"ENSG00000123569",4.42537107177629e-07
"ENSG00000120211",4.42332751701117e-07
"ENSG00000147481",4.42177358890205e-07
"ENSG00000174145",4.41962525690513e-07
"ENSG00000186977",4.41946525026573e-07
"ENSG00000136367",4.41626814614526e-07
"ENSG00000185264",4.41188747294211e-07
"ENSG00000197016",4.40795258605748e-07
"ENSG00000188981",4.40766876452098e-07
"ENSG00000173213",4.40738854745828e-07
"ENSG00000198681",4.4067202081363e-07
"ENSG00000149596",4.40565238182779e-07
"ENSG00000179546",4.39534617291712e-07
"ENSG00000158764",4.39087894591646e-07
"ENSG00000095981",4.38900511080209e-07
"ENSG00000177842",4.3863607030763e-07
"ENSG00000114200",4.37772467764014e-07
"ENSG00000178645",4.36594517255891e-07
"ENSG00000157005",4.36357741602476e-07
"ENSG00000144010",4.3627907293304e-07
"ENSG00000184206",4.35693273223745e-07
"ENSG00000115844",4.35570209411642e-07
"ENSG00000179292",4.35169576690885e-07
"ENSG00000178397",4.34882292638632e-07
"ENSG00000064489",4.34586618684338e-07
"ENSG00000095713",4.34582520250956e-07
"ENSG00000170745",4.34052446638782e-07
"ENSG00000262406",4.33809703135465e-07
"ENSG00000183153",4.32611087938963e-07
"ENSG00000204421",4.3118926222512e-07
"ENSG00000064195",4.29694983363528e-07
"ENSG00000108849",4.29415774698278e-07
"ENSG00000188257",4.29303068554515e-07
"ENSG00000095203",4.29266753247223e-07
"ENSG00000196156",4.28949603382751e-07
"ENSG00000168621",4.28440293411016e-07
"ENSG00000128276",4.28206788110769e-07
"ENSG00000197565",4.27818497656502e-07
"ENSG00000251692",4.2690247309207e-07
"ENSG00000237621",4.26881497909662e-07
"ENSG00000100302",4.26862530977467e-07
"ENSG00000178934",4.26578671892343e-07
"ENSG00000277758",4.25231654146437e-07
"ENSG00000112333",4.24825145062747e-07
"ENSG00000256646",4.24744446888931e-07
"ENSG00000251158",4.24447675777556e-07
"ENSG00000236444",4.23395326773778e-07
"ENSG00000180934",4.22967057988811e-07
"ENSG00000165078",4.22779345106186e-07
"ENSG00000139780",4.2271788614403e-07
"ENSG00000173641",4.22681614804457e-07
"ENSG00000169551",4.22018808503883e-07
"ENSG00000274588",4.21814622263995e-07
"ENSG00000129951",4.21243888618433e-07
"ENSG00000276380",4.21188290323969e-07
"ENSG00000221989",4.20925081152978e-07
"ENSG00000206013",4.20062205517658e-07
"ENSG00000173093",4.19955402285164e-07
"ENSG00000129048",4.19576051494357e-07
"ENSG00000283463",4.18530914974037e-07
"ENSG00000125931",4.18167442428017e-07
"ENSG00000181092",4.17714026491221e-07
"ENSG00000204501",4.17044807565358e-07
"ENSG00000154975",4.17029899346379e-07
"ENSG00000095110",4.16690975119272e-07
"ENSG00000206384",4.16458417214283e-07
"ENSG00000171533",4.16288605143004e-07
"ENSG00000123838",4.15638045674661e-07
"ENSG00000101892",4.15425515819594e-07
"ENSG00000275896",4.15204066861464e-07
"ENSG00000163909",4.15076608583785e-07
"ENSG00000182083",4.14726251502524e-07
"ENSG00000077935",4.1462659119717e-07
"ENSG00000248109",4.14388847374637e-07
"ENSG00000167711",4.14329021663573e-07
"ENSG00000284609",4.14120396532078e-07
"ENSG00000182791",4.13681849106713e-07
"ENSG00000258806",4.11792697898573e-07
"ENSG00000057149",4.11438313667346e-07
"ENSG00000165300",4.11361007392277e-07
"ENSG00000240764",4.10997882037396e-07
"ENSG00000006453",4.10705488288291e-07
"ENSG00000183251",4.10573239838339e-07
"ENSG00000021852",4.10470926687688e-07
"ENSG00000105675",4.10192493762797e-07
"ENSG00000249730",4.09594064202851e-07
"ENSG00000212710",4.091183918573e-07
"ENSG00000104140",4.09071459555483e-07
"ENSG00000258881",4.08872143717879e-07
"ENSG00000187821",4.08131213220058e-07
"ENSG00000181761",4.0764965782646e-07
"ENSG00000189253",4.0729515583447e-07
"ENSG00000215568",4.06984226488766e-07
"ENSG00000172482",4.06881212147986e-07
"ENSG00000133401",4.06425419231571e-07
"ENSG00000159516",4.05899219718468e-07
"ENSG00000117154",4.04919188418826e-07
"ENSG00000159450",4.04667679803452e-07
"ENSG00000228075",4.04601992247549e-07
"ENSG00000107282",4.04006112299735e-07
"ENSG00000184647",4.03946373155709e-07
"ENSG00000243137",4.03893185723584e-07
"ENSG00000101076",4.0293805501484e-07
"ENSG00000187180",4.01517619917831e-07
"ENSG00000171195",4.01169191404518e-07
"ENSG00000066405",4.01158234693582e-07
"ENSG00000125255",4.0013535847825e-07
"ENSG00000178409",3.99442071680325e-07
"ENSG00000151364",3.99347148779984e-07
"ENSG00000248485",3.98369915931706e-07
"ENSG00000271824",3.98287885209463e-07
"ENSG00000221859",3.98160713535259e-07
"ENSG00000277494",3.97445256410404e-07
"ENSG00000135226",3.97178343001128e-07
"ENSG00000182938",3.97020596018428e-07
"ENSG00000176971",3.96485916351325e-07
"ENSG00000203837",3.96154614036215e-07
"ENSG00000180872",3.95983145782583e-07
"ENSG00000174156",3.95910734213276e-07
"ENSG00000100121",3.95815245745497e-07
"ENSG00000157542",3.9504933748023e-07
"ENSG00000179256",3.94542669221707e-07
"ENSG00000188293",3.93589766138395e-07
"ENSG00000120341",3.93250318174483e-07
"ENSG00000262152",3.92302983996708e-07
"ENSG00000156269",3.9215677616026e-07
"ENSG00000264006",3.91749878575431e-07
"ENSG00000236104",3.91700905084484e-07
"ENSG00000163673",3.90956316471154e-07
"ENSG00000165972",3.905358334482e-07
"ENSG00000183578",3.9017831528912e-07
"ENSG00000122584",3.89569056888631e-07
"ENSG00000162624",3.89145743678875e-07
"ENSG00000136698",3.88905137242235e-07
"ENSG00000147059",3.88648988777682e-07
"ENSG00000171942",3.88407612624728e-07
"ENSG00000147889",3.8838356851754e-07
"ENSG00000171126",3.8830384083471e-07
"ENSG00000183733",3.88279545494944e-07
"ENSG00000152137",3.88212802392192e-07
"ENSG00000269466",3.87856593964784e-07
"ENSG00000204172",3.87622683267161e-07
"ENSG00000159650",3.87495218546793e-07
"ENSG00000168930",3.87368134589777e-07
"ENSG00000185267",3.8722913724425e-07
"ENSG00000239268",3.87146477728194e-07
"ENSG00000184344",3.86419358822807e-07
"ENSG00000232423",3.86274947081435e-07
"ENSG00000163982",3.86110570314614e-07
"ENSG00000113578",3.85752647530271e-07
"ENSG00000184845",3.85630211115089e-07
"ENSG00000206262",3.84784644473057e-07
"ENSG00000261832",3.84167147722947e-07
"ENSG00000206579",3.83811645999075e-07
"ENSG00000253305",3.83724660721511e-07
"ENSG00000163216",3.83616583159631e-07
"ENSG00000231192",3.83587877524515e-07
"ENSG00000182111",3.83450777289476e-07
"ENSG00000166813",3.82777844813091e-07
"ENSG00000183798",3.82703545012924e-07
"ENSG00000111816",3.81257467356324e-07
"ENSG00000099617",3.8094685144002e-07
"ENSG00000172137",3.80928497220657e-07
"ENSG00000119681",3.79753062524842e-07
"ENSG00000073067",3.79474880568275e-07
"ENSG00000170423",3.78935826364865e-07
"ENSG00000146469",3.78825902497813e-07
"ENSG00000172156",3.7803862843371e-07
"ENSG00000257743",3.77981257767414e-07
"ENSG00000149573",3.77924870158201e-07
"ENSG00000159217",3.77903612494619e-07
"ENSG00000018625",3.7776588577528e-07
"ENSG00000167080",3.77597112688867e-07
"ENSG00000217236",3.77300495979385e-07
"ENSG00000176495",3.75988575220071e-07
"ENSG00000133665",3.75987983314127e-07
"ENSG00000179242",3.7595545216734e-07
"ENSG00000183638",3.7577203399612e-07
"ENSG00000146285",3.75036662006763e-07
"ENSG00000181634",3.74820653565214e-07
"ENSG00000100078",3.73934346087122e-07
"ENSG00000185385",3.73608739102575e-07
"ENSG00000149435",3.73516684443572e-07
"ENSG00000100626",3.73452381929645e-07
"ENSG00000237515",3.72762861425983e-07
"ENSG00000101435",3.72677252599011e-07
"ENSG00000176769",3.72491077254655e-07
"ENSG00000102003",3.72295723548845e-07
"ENSG00000160882",3.71848977954267e-07
"ENSG00000123977",3.71295742271905e-07
"ENSG00000242515",3.69954682364064e-07
"ENSG00000117501",3.69828454939718e-07
"ENSG00000203943",3.69029598087526e-07
"ENSG00000284526",3.69007358734462e-07
"ENSG00000258817",3.68310095518118e-07
"ENSG00000135447",3.68133017151149e-07
"ENSG00000232382",3.68066203043005e-07
"ENSG00000120057",3.6794303247209e-07
"ENSG00000237521",3.67594721748105e-07
"ENSG00000179636",3.67282220419958e-07
"ENSG00000110887",3.6696558534936e-07
"ENSG00000184492",3.6693011956732e-07
"ENSG00000181333",3.66448934254237e-07
"ENSG00000268104",3.66224354060864e-07
"ENSG00000046774",3.65120776446175e-07
"ENSG00000244122",3.64618873642964e-07
"ENSG00000198488",3.64377941216474e-07
"ENSG00000117461",3.63819784000915e-07
"ENSG00000153714",3.62205856136527e-07
"ENSG00000236543",3.62032943463578e-07
"ENSG00000104888",3.61963553340741e-07
"ENSG00000159261",3.61367317719891e-07
"ENSG00000204140",3.6127001361487e-07
"ENSG00000161896",3.60967454014165e-07
"ENSG00000044524",3.60379530837079e-07
"ENSG00000103449",3.59902025034101e-07
"ENSG00000113248",3.59685750927375e-07
"ENSG00000159387",3.5962389833424e-07
"ENSG00000166426",3.59592217689278e-07
"ENSG00000169618",3.59277304106409e-07
"ENSG00000185551",3.59275817714795e-07
"ENSG00000188133",3.58391706248779e-07
"ENSG00000261794",3.58277455047627e-07
"ENSG00000133433",3.58057565248981e-07
"ENSG00000077080",3.57129404015465e-07
"ENSG00000145384",3.56557606950699e-07
"ENSG00000160472",3.56291981498762e-07
"ENSG00000054803",3.56099080975485e-07
"ENSG00000011347",3.55890150314608e-07
"ENSG00000134443",3.55866722800141e-07
"ENSG00000144891",3.55675107359282e-07
"ENSG00000187175",3.55527886639408e-07
"ENSG00000214866",3.55168121155538e-07
"ENSG00000135902",3.55046633398867e-07
"ENSG00000153820",3.54124437274152e-07
"ENSG00000102996",3.54056301832572e-07
"ENSG00000178084",3.54014603497292e-07
"ENSG00000184544",3.54009851838541e-07
"ENSG00000183434",3.53657473944423e-07
"ENSG00000264324",3.53547205156855e-07
"ENSG00000181234",3.52978564336044e-07
"ENSG00000251258",3.52713633895931e-07
"ENSG00000221840",3.52438081059246e-07
"ENSG00000204624",3.52436102725678e-07
"ENSG00000170426",3.51755500242869e-07
"ENSG00000188425",3.5083141015772e-07
"ENSG00000167614",3.5058289385648e-07
"ENSG00000183246",3.50006539265228e-07
"ENSG00000184313",3.50003020333838e-07
"ENSG00000182950",3.49754861346627e-07
"ENSG00000130822",3.49183199898843e-07
"ENSG00000186103",3.49123115690479e-07
"ENSG00000043039",3.48782711940482e-07
"ENSG00000116329",3.48764978060454e-07
"ENSG00000165370",3.47943104909224e-07
"ENSG00000172146",3.47816700783816e-07
"ENSG00000068078",3.47293570554114e-07
"ENSG00000206043",3.4706064941328e-07
"ENSG00000169174",3.47040329099731e-07
"ENSG00000145040",3.46197256869914e-07
"ENSG00000257591",3.45645564449257e-07
"ENSG00000234602",3.4531441916078e-07
"ENSG00000125207",3.4523549914223e-07
"ENSG00000090534",3.45158889764055e-07
"ENSG00000221933",3.44691150708124e-07
"ENSG00000102924",3.44399925469421e-07
"ENSG00000185176",3.44013541501549e-07
"ENSG00000270136",3.43683885598895e-07
"ENSG00000188573",3.4354344202368e-07
"ENSG00000052850",3.43170386707871e-07
"ENSG00000163793",3.42816722373368e-07
"ENSG00000269113",3.42490929649068e-07
"ENSG00000269699",3.42463114660353e-07
"ENSG00000156920",3.41769061104536e-07
"ENSG00000172318",3.41693081589445e-07
"ENSG00000134339",3.41377497937005e-07
"ENSG00000196406",3.41358412315552e-07
"ENSG00000148408",3.41182353463563e-07
"ENSG00000198934",3.40470297672238e-07
"ENSG00000182783",3.40305844924348e-07
"ENSG00000146378",3.40051754938722e-07
"ENSG00000131044",3.39615394452383e-07
"ENSG00000196453",3.39396772712893e-07
"ENSG00000218823",3.39323880817819e-07
"ENSG00000249481",3.39299633282636e-07
"ENSG00000274600",3.39221718405421e-07
"ENSG00000080511",3.39152450742316e-07
"ENSG00000242419",3.38612315148549e-07
"ENSG00000130943",3.38604326371258e-07
"ENSG00000044012",3.38340141231607e-07
"ENSG00000198670",3.38308953137089e-07
"ENSG00000125965",3.38097442024096e-07
"ENSG00000159961",3.37924492229939e-07
"ENSG00000144648",3.37884154314009e-07
"ENSG00000177673",3.37864949453523e-07
"ENSG00000116254",3.37460616273008e-07
"ENSG00000144730",3.37194768393172e-07
"ENSG00000228607",3.36752307710026e-07
"ENSG00000152954",3.36065776796408e-07
"ENSG00000101204",3.35920952421599e-07
"ENSG00000223614",3.35779344140753e-07
"ENSG00000151365",3.35203790151002e-07
"ENSG00000104889",3.34800248247971e-07
"ENSG00000197978",3.34582450705798e-07
"ENSG00000147246",3.3441270048754e-07
"ENSG00000170748",3.34359978955765e-07
"ENSG00000263761",3.34143911739347e-07
"ENSG00000066735",3.34096898899822e-07
"ENSG00000137648",3.3382163263978e-07
"ENSG00000185615",3.33067953123067e-07
"ENSG00000272916",3.3303507250204e-07
"ENSG00000186976",3.32953841701582e-07
"ENSG00000203722",3.32648973432529e-07
"ENSG00000221843",3.32314543695369e-07
"ENSG00000107447",3.31580890752429e-07
"ENSG00000115593",3.31174849284243e-07
"ENSG00000187170",3.31163762925081e-07
"ENSG00000257594",3.30027138040628e-07
"ENSG00000066382",3.29649271640707e-07
"ENSG00000149654",3.29138891276845e-07
"ENSG00000215474",3.28933387343591e-07
"ENSG00000174697",3.28427786624629e-07
"ENSG00000102302",3.28409466992184e-07
"ENSG00000166897",3.28369393446647e-07
"ENSG00000196468",3.2825639316246e-07
"ENSG00000106688",3.27322627003314e-07
"ENSG00000112164",3.27042611592821e-07
"ENSG00000171855",3.2699209902294e-07
"ENSG00000166049",3.26611772014156e-07
"ENSG00000181552",3.26581098880666e-07
"ENSG00000177807",3.26287642690846e-07
"ENSG00000139330",3.26106567595476e-07
"ENSG00000240694",3.26038324403608e-07
"ENSG00000183347",3.2592973087309e-07
"ENSG00000259316",3.25301534414895e-07
"ENSG00000006611",3.24950625512439e-07
"ENSG00000175229",3.24781232087519e-07
"ENSG00000160161",3.24731617359982e-07
"ENSG00000016490",3.24644958261078e-07
"ENSG00000185269",3.24228192470729e-07
"ENSG00000131126",3.24063146212389e-07
"ENSG00000180251",3.23774762838712e-07
"ENSG00000170498",3.23650804362469e-07
"ENSG00000232268",3.23119201856982e-07
"ENSG00000159640",3.22931668740595e-07
"ENSG00000213648",3.22872134014766e-07
"ENSG00000174914",3.22684156405603e-07
"ENSG00000188766",3.22607270374371e-07
"ENSG00000147613",3.22458908189062e-07
"ENSG00000249861",3.22156476319289e-07
"ENSG00000140254",3.2159797847266e-07
"ENSG00000204983",3.21451991806266e-07
"ENSG00000124253",3.21092744058866e-07
"ENSG00000110888",3.20697358694067e-07
"ENSG00000268738",3.20492019062412e-07
"ENSG00000225899",3.20291603620126e-07
"ENSG00000077274",3.19686224783368e-07
"ENSG00000279263",3.18826775134806e-07
"ENSG00000146950",3.18796566645293e-07
"ENSG00000166173",3.18776705350001e-07
"ENSG00000250821",3.18487921444487e-07
"ENSG00000187533",3.18392348188097e-07
"ENSG00000186326",3.17498886352816e-07
"ENSG00000101280",3.16892353190953e-07
"ENSG00000184454",3.16464664156561e-07
"ENSG00000126603",3.16071803795351e-07
"ENSG00000273259",3.16005689175369e-07
"ENSG00000235711",3.15532141271804e-07
"ENSG00000163217",3.15526539530245e-07
"ENSG00000133863",3.15513929454555e-07
"ENSG00000164695",3.15506156333398e-07
"ENSG00000203786",3.15053435147588e-07
"ENSG00000174948",3.14320179857662e-07
"ENSG00000150628",3.14024824401167e-07
"ENSG00000251322",3.1400074164931e-07
"ENSG00000187908",3.13880487970582e-07
"ENSG00000142661",3.13598283104959e-07
"ENSG00000171872",3.13404978149277e-07
"ENSG00000186086",3.1326733632149e-07
"ENSG00000105398",3.12943217524152e-07
"ENSG00000122180",3.12172911247556e-07
"ENSG00000161682",3.12026819659496e-07
"ENSG00000109991",3.10466190486252e-07
"ENSG00000273274",3.10392213537633e-07
"ENSG00000082175",3.10294687454014e-07
"ENSG00000180998",3.10095244142566e-07
"ENSG00000175344",3.09597907384581e-07
"ENSG00000167580",3.09336829913202e-07
"ENSG00000163825",3.09141019504056e-07
"ENSG00000197893",3.09074636861704e-07
"ENSG00000150510",3.08993923374497e-07
"ENSG00000134775",3.08746395796005e-07
"ENSG00000110680",3.08679721330692e-07
"ENSG00000136352",3.0851589761849e-07
"ENSG00000134259",3.08353254137602e-07
"ENSG00000145777",3.08134574266473e-07
"ENSG00000132938",3.074860633179e-07
"ENSG00000006377",3.07478415056117e-07
"ENSG00000197213",3.06538904482828e-07
"ENSG00000115263",3.06022763183643e-07
"ENSG00000162494",3.06011542959671e-07
"ENSG00000154080",3.05841082847215e-07
"ENSG00000102384",3.05398518120179e-07
"ENSG00000171405",3.04846344160065e-07
"ENSG00000213218",3.04769986758003e-07
"ENSG00000204033",3.04706992858885e-07
"ENSG00000277531",3.04054807301811e-07
"ENSG00000257057",3.03611569141129e-07
"ENSG00000197177",3.03499785110712e-07
"ENSG00000283324",3.03272687139574e-07
"ENSG00000152580",3.0299686690487e-07
"ENSG00000162849",3.02975801618458e-07
"ENSG00000186479",3.02575428710869e-07
"ENSG00000164520",3.02370394158543e-07
"ENSG00000037241",3.02071418332913e-07
"ENSG00000185303",3.01897110159319e-07
"ENSG00000177354",3.0172831224516e-07
"ENSG00000143839",3.01688114135745e-07
"ENSG00000186652",3.00774772171259e-07
"ENSG00000166923",3.00054205544759e-07
"ENSG00000149633",3.000476432791e-07
"ENSG00000204962",2.99922759390692e-07
"ENSG00000168843",2.99814831537731e-07
"ENSG00000254245",2.99328232871628e-07
"ENSG00000128709",2.98901160035787e-07
"ENSG00000107807",2.98752023796945e-07
"ENSG00000248405",2.9871886867678e-07
"ENSG00000153012",2.97743392640102e-07
"ENSG00000165583",2.97665788693023e-07
"ENSG00000183421",2.97565787788999e-07
"ENSG00000102195",2.9694368822119e-07
"ENSG00000198797",2.96729511268475e-07
"ENSG00000149021",2.9664762169672e-07
"ENSG00000160973",2.96595036897318e-07
"ENSG00000259916",2.96571158652413e-07
"ENSG00000189182",2.96296180148922e-07
"ENSG00000131094",2.96186323502468e-07
"ENSG00000185742",2.96183950431783e-07
"ENSG00000128714",2.9616157731787e-07
"ENSG00000233087",2.95232065448946e-07
"ENSG00000233198",2.94884053189824e-07
"ENSG00000136297",2.94837537139652e-07
"ENSG00000085644",2.94506491356973e-07
"ENSG00000130182",2.94308288251909e-07
"ENSG00000159173",2.94193740210398e-07
"ENSG00000164176",2.94169149882653e-07
"ENSG00000204334",2.93886326903234e-07
"ENSG00000184292",2.93665930184054e-07
"ENSG00000083307",2.93518020412549e-07
"ENSG00000265763",2.93429540689958e-07
"ENSG00000224712",2.93260089970931e-07
"ENSG00000185352",2.93144007272566e-07
"ENSG00000173040",2.93115640964253e-07
"ENSG00000258864",2.9242769913727e-07
"ENSG00000242173",2.92179956091861e-07
"ENSG00000136859",2.92042866261818e-07
"ENSG00000120332",2.91855903646377e-07
"ENSG00000176681",2.90682682627948e-07
"ENSG00000125861",2.90642134968294e-07
"ENSG00000161973",2.90311367121271e-07
"ENSG00000268447",2.90294206976987e-07
"ENSG00000180043",2.8961340864665e-07
"ENSG00000229937",2.89457170185315e-07
"ENSG00000215174",2.89339374536224e-07
"ENSG00000159251",2.89033424024804e-07
"ENSG00000139219",2.88922057295793e-07
"ENSG00000109625",2.88351167862487e-07
"ENSG00000147571",2.88256793901657e-07
"ENSG00000172350",2.88178101525639e-07
"ENSG00000185479",2.88063069904299e-07
"ENSG00000128617",2.87881197739587e-07
"ENSG00000075461",2.87730733496695e-07
"ENSG00000204052",2.87453101123894e-07
"ENSG00000198326",2.87415360518776e-07
"ENSG00000204279",2.87145908094792e-07
"ENSG00000158859",2.86837790051619e-07
"ENSG00000204410",2.86615822205621e-07
"ENSG00000100565",2.86179419134002e-07
"ENSG00000196159",2.8616756120038e-07
"ENSG00000204969",2.86105979305497e-07
"ENSG00000136694",2.86007941782379e-07
"ENSG00000173404",2.8572002349942e-07
"ENSG00000108176",2.84993869861097e-07
"ENSG00000197403",2.84876440495568e-07
"ENSG00000126337",2.84861351636452e-07
"ENSG00000205363",2.84820747747942e-07
"ENSG00000161652",2.84759899298447e-07
"ENSG00000171435",2.84468221605092e-07
"ENSG00000113905",2.83969484826009e-07
"ENSG00000163873",2.83889284200739e-07
"ENSG00000270106",2.83780132557962e-07
"ENSG00000136535",2.8353650614186e-07
"ENSG00000183186",2.83301687810169e-07
"ENSG00000186867",2.82534577839724e-07
"ENSG00000125285",2.82507511029997e-07
"ENSG00000181072",2.82259779109573e-07
"ENSG00000109101",2.82243063514716e-07
"ENSG00000184210",2.81885073742157e-07
"ENSG00000161681",2.8144102640395e-07
"ENSG00000076864",2.81208766513997e-07
"ENSG00000188877",2.80841441653392e-07
"ENSG00000254852",2.80820404500114e-07
"ENSG00000185467",2.80139606106851e-07
"ENSG00000167759",2.80031695633618e-07
"ENSG00000107859",2.79411424411065e-07
"ENSG00000182793",2.7807975759877e-07
"ENSG00000243480",2.77922258868821e-07
"ENSG00000198092",2.77790259816375e-07
"ENSG00000186207",2.77706255686509e-07
"ENSG00000115488",2.77690712863849e-07
"ENSG00000164434",2.77626378268179e-07
"ENSG00000149635",2.77227801908692e-07
"ENSG00000156222",2.77088562780559e-07
"ENSG00000222028",2.76809144925612e-07
"ENSG00000185739",2.76565934039322e-07
"ENSG00000184735",2.75924677460414e-07
"ENSG00000178171",2.75696378690717e-07
"ENSG00000128710",2.74913746379881e-07
"ENSG00000166317",2.74765533133877e-07
"ENSG00000221836",2.7395207766539e-07
"ENSG00000124157",2.73826413163052e-07
"ENSG00000167105",2.73282717394916e-07
"ENSG00000130055",2.73219752624551e-07
"ENSG00000184058",2.72787125303862e-07
"ENSG00000188032",2.72511642586168e-07
"ENSG00000176532",2.72363345291408e-07
"ENSG00000133115",2.72224203197258e-07
"ENSG00000187848",2.7195791223094e-07
"ENSG00000170790",2.71057196413415e-07
"ENSG00000179564",2.70753232243867e-07
"ENSG00000147041",2.70377758766079e-07
"ENSG00000139865",2.70354652923921e-07
"ENSG00000205572",2.70017781906977e-07
"ENSG00000174015",2.69643521850145e-07
"ENSG00000140519",2.69443520524722e-07
"ENSG00000172410",2.68514937368985e-07
"ENSG00000107771",2.6851275287611e-07
"ENSG00000174970",2.68392195021221e-07
"ENSG00000148156",2.68229387874344e-07
"ENSG00000187867",2.68120733940272e-07
"ENSG00000185149",2.68079154481403e-07
"ENSG00000135638",2.68074878551597e-07
"ENSG00000177238",2.6753369121573e-07
"ENSG00000106436",2.67494017602339e-07
"ENSG00000175600",2.67207312196188e-07
"ENSG00000104375",2.67016539617211e-07
"ENSG00000273154",2.6620498522191e-07
"ENSG00000244474",2.65735071183722e-07
"ENSG00000112246",2.65647209531394e-07
"ENSG00000181214",2.65390365092159e-07
"ENSG00000176692",2.64583618799147e-07
"ENSG00000105664",2.64560754354279e-07
"ENSG00000262628",2.64128329236047e-07
"ENSG00000188011",2.64079351867111e-07
"ENSG00000048545",2.64032029567865e-07
"ENSG00000176244",2.63825198425809e-07
"ENSG00000283563",2.63233512295174e-07
"ENSG00000239590",2.6318965129053e-07
"ENSG00000143340",2.62820439790757e-07
"ENSG00000167825",2.62257621598183e-07
"ENSG00000147588",2.62198024516777e-07
"ENSG00000171560",2.61957226524246e-07
"ENSG00000213215",2.60728500188362e-07
"ENSG00000122420",2.60661974909067e-07
"ENSG00000157219",2.59745876090426e-07
"ENSG00000164363",2.57796427152735e-07
"ENSG00000204335",2.57490030828333e-07
"ENSG00000176695",2.5703798666313e-07
"ENSG00000248099",2.57011202767244e-07
"ENSG00000138944",2.56801150981611e-07
"ENSG00000126550",2.56158295775759e-07
"ENSG00000186832",2.55821982721439e-07
"ENSG00000185053",2.55644304422743e-07
"ENSG00000132746",2.54532948417718e-07
"ENSG00000104112",2.54527883513934e-07
"ENSG00000172289",2.54344354595227e-07
"ENSG00000197446",2.54289577902437e-07
"ENSG00000166961",2.54061070564083e-07
"ENSG00000157335",2.54027434467385e-07
"ENSG00000178235",2.53688341690602e-07
"ENSG00000166589",2.52302536926244e-07
"ENSG00000164778",2.52041033407677e-07
"ENSG00000215186",2.51771727923443e-07
"ENSG00000181433",2.51763547206617e-07
"ENSG00000081277",2.51667245431895e-07
"ENSG00000174957",2.5162280045023e-07
"ENSG00000232629",2.50923896797872e-07
"ENSG00000079112",2.50866635508971e-07
"ENSG00000152266",2.50128206680716e-07
"ENSG00000180042",2.49840558917115e-07
"ENSG00000148734",2.49827122052439e-07
"ENSG00000188730",2.48333458614355e-07
"ENSG00000239810",2.48300110744974e-07
"ENSG00000177201",2.48273365893395e-07
"ENSG00000165204",2.48083387010536e-07
"ENSG00000006047",2.472536230267e-07
"ENSG00000171989",2.4710740771821e-07
"ENSG00000136839",2.46350759467685e-07
"ENSG00000121743",2.46080658107512e-07
"ENSG00000177679",2.45395348141192e-07
"ENSG00000124827",2.45086143585348e-07
"ENSG00000115665",2.44807115648837e-07
"ENSG00000146013",2.44262001018304e-07
"ENSG00000112212",2.44081828667303e-07
"ENSG00000131864",2.43679834521099e-07
"ENSG00000172238",2.43539460142337e-07
"ENSG00000196589",2.43276151558697e-07
"ENSG00000197591",2.42957108780494e-07
"ENSG00000268173",2.42840560777931e-07
"ENSG00000124212",2.42769482357209e-07
"ENSG00000187550",2.42712798400713e-07
"ENSG00000270299",2.42697072885618e-07
"ENSG00000183831",2.42262055354638e-07
"ENSG00000243978",2.42204282020669e-07
"ENSG00000271810",2.41686493421956e-07
"ENSG00000204612",2.41628485012227e-07
"ENSG00000181752",2.414542717143e-07
"ENSG00000177875",2.41095243609189e-07
"ENSG00000273085",2.40871668028086e-07
"ENSG00000151033",2.40670448971534e-07
"ENSG00000280537",2.4012405223619e-07
"ENSG00000168481",2.39972541716714e-07
"ENSG00000177910",2.39396163736963e-07
"ENSG00000128833",2.39292774287607e-07
"ENSG00000171885",2.39048164233557e-07
"ENSG00000183853",2.38676648892666e-07
"ENSG00000182613",2.38578398215028e-07
"ENSG00000165471",2.38409565396331e-07
"ENSG00000136939",2.3800031970618e-07
"ENSG00000143036",2.37989956062178e-07
"ENSG00000232040",2.37470336759513e-07
"ENSG00000156097",2.37287803403924e-07
"ENSG00000176246",2.37152216699672e-07
"ENSG00000155897",2.37024395794109e-07
"ENSG00000248751",2.36837719944461e-07
"ENSG00000183778",2.36622945469839e-07
"ENSG00000171951",2.36327885127002e-07
"ENSG00000056487",2.36190676651139e-07
"ENSG00000156463",2.36172419084175e-07
"ENSG00000186442",2.35774964494487e-07
"ENSG00000248643",2.35743234230721e-07
"ENSG00000198754",2.35653441942373e-07
"ENSG00000159212",2.35349269231233e-07
"ENSG00000182634",2.35048620031014e-07
"ENSG00000167771",2.3495224391481e-07
"ENSG00000141934",2.34188505916252e-07
"ENSG00000139515",2.33843589877761e-07
"ENSG00000204479",2.33825354817872e-07
"ENSG00000112494",2.33790499844238e-07
"ENSG00000187391",2.33709986931541e-07
"ENSG00000182103",2.33091794640815e-07
"ENSG00000212935",2.33057964385738e-07
"ENSG00000143631",2.32686452668791e-07
"ENSG00000226807",2.32650297899104e-07
"ENSG00000178919",2.32042105778807e-07
"ENSG00000102802",2.31348307519681e-07
"ENSG00000261147",2.31068470579719e-07
"ENSG00000222014",2.30792531222534e-07
"ENSG00000072195",2.30632259121212e-07
"ENSG00000109205",2.30520249523913e-07
"ENSG00000204442",2.30498004187988e-07
"ENSG00000130234",2.30212175681226e-07
"ENSG00000187527",2.28832848574414e-07
"ENSG00000259823",2.28521893429618e-07
"ENSG00000169085",2.28366189157949e-07
"ENSG00000172320",2.28203132161365e-07
"ENSG00000123171",2.27749026046535e-07
"ENSG00000206150",2.27669098749535e-07
"ENSG00000169418",2.27565298833419e-07
"ENSG00000102021",2.27535375481848e-07
"ENSG00000132872",2.26866059496597e-07
"ENSG00000260802",2.26432183988157e-07
"ENSG00000086570",2.26374973759064e-07
"ENSG00000043591",2.26340169855769e-07
"ENSG00000167889",2.26222750389718e-07
"ENSG00000141756",2.2603955251378e-07
"ENSG00000174358",2.26039521855322e-07
"ENSG00000136688",2.2599491952178e-07
"ENSG00000262246",2.25638751511372e-07
"ENSG00000203883",2.2487499397655e-07
"ENSG00000163082",2.24633395872705e-07
"ENSG00000173976",2.24425769576439e-07
"ENSG00000104044",2.24404367594465e-07
"ENSG00000152034",2.23918903938675e-07
"ENSG00000173261",2.23564710794956e-07
"ENSG00000204025",2.2289071156157e-07
"ENSG00000104332",2.22745945528805e-07
"ENSG00000175077",2.22653811574822e-07
"ENSG00000189037",2.22579851337562e-07
"ENSG00000176381",2.22531303076875e-07
"ENSG00000214929",2.21324280261864e-07
"ENSG00000189169",2.21146829284424e-07
"ENSG00000189127",2.2090088692488e-07
"ENSG00000145708",2.20771725625568e-07
"ENSG00000100312",2.20659160611938e-07
"ENSG00000179938",2.20373112280567e-07
"ENSG00000163394",2.19525520792701e-07
"ENSG00000075891",2.19251529709626e-07
"ENSG00000142279",2.19172135000604e-07
"ENSG00000162365",2.18990073230761e-07
"ENSG00000168140",2.18876920162285e-07
"ENSG00000111218",2.18487396130777e-07
"ENSG00000189334",2.17964133625962e-07
"ENSG00000228336",2.17236244961148e-07
"ENSG00000267909",2.16997976239227e-07
"ENSG00000009709",2.16205720704557e-07
"ENSG00000146216",2.16123430320015e-07
"ENSG00000177301",2.15748646842269e-07
"ENSG00000147256",2.15171623308192e-07
"ENSG00000145198",2.15125472826288e-07
"ENSG00000101306",2.14905112537483e-07
"ENSG00000146385",2.1440577191641e-07
"ENSG00000177511",2.14159800840675e-07
"ENSG00000228570",2.13995141918151e-07
"ENSG00000100593",2.13968341459305e-07
"ENSG00000182255",2.13574791367967e-07
"ENSG00000185974",2.13556219197788e-07
"ENSG00000169059",2.13318477090803e-07
"ENSG00000130368",2.12257461430705e-07
"ENSG00000256407",2.12219051833226e-07
"ENSG00000135406",2.12214523831572e-07
"ENSG00000165443",2.11155943793722e-07
"ENSG00000016082",2.11110008953563e-07
"ENSG00000078898",2.10303698447418e-07
"ENSG00000235268",2.10237479763987e-07
"ENSG00000268799",2.09109709968075e-07
"ENSG00000279395",2.09109709968075e-07
"ENSG00000214978",2.09109691810035e-07
"ENSG00000255223",2.090345043154e-07
"ENSG00000148215",2.09004387387197e-07
"ENSG00000160396",2.0892701444762e-07
"ENSG00000172461",2.08775722846932e-07
"ENSG00000188089",2.08504016386893e-07
"ENSG00000196196",2.08352642480367e-07
"ENSG00000142025",2.08045270284578e-07
"ENSG00000164399",2.07519047728491e-07
"ENSG00000168828",2.07363125751262e-07
"ENSG00000204671",2.06769529731856e-07
"ENSG00000175398",2.06627134343787e-07
"ENSG00000196834",2.06414544934359e-07
"ENSG00000182896",2.06130470892079e-07
"ENSG00000170500",2.05565200855109e-07
"ENSG00000213171",2.0540549418401e-07
"ENSG00000284732",2.05249643939885e-07
"ENSG00000183709",2.04450176803642e-07
"ENSG00000104237",2.04342525313628e-07
"ENSG00000182591",2.04309773962452e-07
"ENSG00000108947",2.03140276413765e-07
"ENSG00000187772",2.02959303426571e-07
"ENSG00000185988",2.0290429061405e-07
"ENSG00000179886",2.02718172797528e-07
"ENSG00000169840",2.02346740931438e-07
"ENSG00000134762",2.02300734941275e-07
"ENSG00000186526",2.01881038942536e-07
"ENSG00000214107",2.01743017003984e-07
"ENSG00000083535",2.01603053136501e-07
"ENSG00000125879",2.01337900039846e-07
"ENSG00000265203",2.00641377971809e-07
"ENSG00000078579",2.00373464391298e-07
"ENSG00000166073",2.00136122718481e-07
"ENSG00000188833",2.00075891345626e-07
"ENSG00000160471",1.99628328384463e-07
"ENSG00000214842",1.99283667835967e-07
"ENSG00000165509",1.99080356767629e-07
"ENSG00000166183",1.97791734893881e-07
"ENSG00000122863",1.97600974851493e-07
"ENSG00000135773",1.96898455293891e-07
"ENSG00000146910",1.95863159926601e-07
"ENSG00000171180",1.94926572958719e-07
"ENSG00000114853",1.94560929554338e-07
"ENSG00000175520",1.94376794111243e-07
"ENSG00000170923",1.94306394905018e-07
"ENSG00000163072",1.9386525428419e-07
"ENSG00000166869",1.93581734344935e-07
"ENSG00000106538",1.92957308459368e-07
"ENSG00000215182",1.92762119465234e-07
"ENSG00000130829",1.92482832383769e-07
"ENSG00000143032",1.92241400876695e-07
"ENSG00000029559",1.92127002933204e-07
"ENSG00000241149",1.91812223520492e-07
"ENSG00000223443",1.91762763858102e-07
"ENSG00000126890",1.91549100601796e-07
"ENSG00000197859",1.91451700756876e-07
"ENSG00000196341",1.91450759011899e-07
"ENSG00000236446",1.91008506329279e-07
"ENSG00000221988",1.90895472935462e-07
"ENSG00000203859",1.90450929373657e-07
"ENSG00000180772",1.89476702600219e-07
"ENSG00000181626",1.89414682454188e-07
"ENSG00000197380",1.89307199226384e-07
"ENSG00000113396",1.8850870200726e-07
"ENSG00000147724",1.88374080418296e-07
"ENSG00000175182",1.8644337286002e-07
"ENSG00000281406",1.85772000432189e-07
"ENSG00000248713",1.85617945873108e-07
"ENSG00000267221",1.85356583827473e-07
"ENSG00000165424",1.84994224673507e-07
"ENSG00000171346",1.84547592676097e-07
"ENSG00000172538",1.84145462438282e-07
"ENSG00000174808",1.83958496911404e-07
"ENSG00000186675",1.83938041895563e-07
"ENSG00000141979",1.8387502271829e-07
"ENSG00000184659",1.83539968310371e-07
"ENSG00000108759",1.83047749793258e-07
"ENSG00000180475",1.82588787160009e-07
"ENSG00000178591",1.82185739492572e-07
"ENSG00000183018",1.82060495645263e-07
"ENSG00000239605",1.82055747157325e-07
"ENSG00000007968",1.82000566460469e-07
"ENSG00000171772",1.81961944337278e-07
"ENSG00000204965",1.81721831764447e-07
"ENSG00000188176",1.81678443040676e-07
"ENSG00000075429",1.81527407449571e-07
"ENSG00000255012",1.81050589797401e-07
"ENSG00000124227",1.80961583074117e-07
"ENSG00000106809",1.80526783812184e-07
"ENSG00000250151",1.80241679331155e-07
"ENSG00000188760",1.80211109816221e-07
"ENSG00000101825",1.79243293039325e-07
"ENSG00000109758",1.79076463744078e-07
"ENSG00000204599",1.78957617923878e-07
"ENSG00000212807",1.78792486702544e-07
"ENSG00000107147",1.78304444926649e-07
"ENSG00000203783",1.77488894988906e-07
"ENSG00000182050",1.77219267271939e-07
"ENSG00000152910",1.76937885418193e-07
"ENSG00000123388",1.76818650259781e-07
"ENSG00000187672",1.76219021014892e-07
"ENSG00000187372",1.75844684708026e-07
"ENSG00000063515",1.7582774598809e-07
"ENSG00000166573",1.75760440989203e-07
"ENSG00000255154",1.75514648734165e-07
"ENSG00000284546",1.75498757513796e-07
"ENSG00000140986",1.75426659132701e-07
"ENSG00000196350",1.75226707824682e-07
"ENSG00000243489",1.75153268936309e-07
"ENSG00000198515",1.74814382110126e-07
"ENSG00000173557",1.74784338741287e-07
"ENSG00000137273",1.74759885617656e-07
"ENSG00000074771",1.74481639791841e-07
"ENSG00000168671",1.74450586264301e-07
"ENSG00000128591",1.74394972473636e-07
"ENSG00000188803",1.74090115118618e-07
"ENSG00000122367",1.74034411404601e-07
"ENSG00000159263",1.73987084251784e-07
"ENSG00000148357",1.73584644863729e-07
"ENSG00000280148",1.73346223452172e-07
"ENSG00000127241",1.72717627885939e-07
"ENSG00000187123",1.72635774600799e-07
"ENSG00000163395",1.72235279047665e-07
"ENSG00000133488",1.71724923780746e-07
"ENSG00000164398",1.71538775140767e-07
"ENSG00000165164",1.71407391412963e-07
"ENSG00000158258",1.71382228948743e-07
"ENSG00000134817",1.7125570511846e-07
"ENSG00000174950",1.71240128082618e-07
"ENSG00000137473",1.70698176513188e-07
"ENSG00000099625",1.70476979338293e-07
"ENSG00000119737",1.70127573675387e-07
"ENSG00000178233",1.69942094359342e-07
"ENSG00000188729",1.69819114817906e-07
"ENSG00000180432",1.69615369836271e-07
"ENSG00000273398",1.69440969063726e-07
"ENSG00000181378",1.69378230069749e-07
"ENSG00000166106",1.68943783081667e-07
"ENSG00000186714",1.68545712773326e-07
"ENSG00000269855",1.67531232618407e-07
"ENSG00000204950",1.66589099471412e-07
"ENSG00000159527",1.66365316938973e-07
"ENSG00000170442",1.65731758984048e-07
"ENSG00000170577",1.6560421671573e-07
"ENSG00000181408",1.65440418209935e-07
"ENSG00000132026",1.6496272218697e-07
"ENSG00000185156",1.64789700185271e-07
"ENSG00000095752",1.64092659840705e-07
"ENSG00000187902",1.63726659936128e-07
"ENSG00000113262",1.63621208981607e-07
"ENSG00000176046",1.62791551822915e-07
"ENSG00000182492",1.62746920004876e-07
"ENSG00000174937",1.62537391489662e-07
"ENSG00000124159",1.61347911953342e-07
"ENSG00000130957",1.61156615810345e-07
"ENSG00000170807",1.61106509187262e-07
"ENSG00000154118",1.6082468623189e-07
"ENSG00000123119",1.60816238082546e-07
"ENSG00000234186",1.60238885889295e-07
"ENSG00000277932",1.59940435265785e-07
"ENSG00000147689",1.5982098823725e-07
"ENSG00000229292",1.59672036417081e-07
"ENSG00000061492",1.59560143735206e-07
"ENSG00000136695",1.59157638623705e-07
"ENSG00000138483",1.58737656359288e-07
"ENSG00000243232",1.58642816721035e-07
"ENSG00000139648",1.58537843996452e-07
"ENSG00000255009",1.58201231649097e-07
"ENSG00000261934",1.58069219101687e-07
"ENSG00000103355",1.57826591260798e-07
"ENSG00000101958",1.57550576899948e-07
"ENSG00000254979",1.57262738755654e-07
"ENSG00000205922",1.57189820076021e-07
"ENSG00000136872",1.57122800478603e-07
"ENSG00000189299",1.57055350420161e-07
"ENSG00000215148",1.56757275938132e-07
"ENSG00000117600",1.55456542217066e-07
"ENSG00000214513",1.54964995459083e-07
"ENSG00000140279",1.54671575823333e-07
"ENSG00000163879",1.54379125455093e-07
"ENSG00000120055",1.54357769279184e-07
"ENSG00000171004",1.54146143149469e-07
"ENSG00000178597",1.54037943641848e-07
"ENSG00000163914",1.54014957892426e-07
"ENSG00000254229",1.53830637805591e-07
"ENSG00000101938",1.53371156117136e-07
"ENSG00000118526",1.52999458602367e-07
"ENSG00000074410",1.52222941203759e-07
"ENSG00000256870",1.5213297815731e-07
"ENSG00000148483",1.51701266947118e-07
"ENSG00000233412",1.51636343569787e-07
"ENSG00000214285",1.51369051119394e-07
"ENSG00000174007",1.50798216375852e-07
"ENSG00000184140",1.50440902839478e-07
"ENSG00000198128",1.49625549837627e-07
"ENSG00000101144",1.49538388411473e-07
"ENSG00000272395",1.49136732759276e-07
"ENSG00000170925",1.49134549969674e-07
"ENSG00000125798",1.49044601117392e-07
"ENSG00000105388",1.48391358937377e-07
"ENSG00000224916",1.48297518448659e-07
"ENSG00000063438",1.48256970394705e-07
"ENSG00000235631",1.48233520417204e-07
"ENSG00000250423",1.48213716049965e-07
"ENSG00000283697",1.48105689922108e-07
"ENSG00000206356",1.47695552853512e-07
"ENSG00000184697",1.47680792254493e-07
"ENSG00000102878",1.47619034206787e-07
"ENSG00000163888",1.47358960347131e-07
"ENSG00000116721",1.47276983897677e-07
"ENSG00000130054",1.46460538184235e-07
"ENSG00000196361",1.46098809162753e-07
"ENSG00000229676",1.45912110520614e-07
"ENSG00000151615",1.45870389926235e-07
"ENSG00000153303",1.45476284343256e-07
"ENSG00000198283",1.45270095016588e-07
"ENSG00000186790",1.45116644003116e-07
"ENSG00000254221",1.43331856480049e-07
"ENSG00000163285",1.43288000631605e-07
"ENSG00000183908",1.42895478418213e-07
"ENSG00000259417",1.42828025690341e-07
"ENSG00000123576",1.42826071046957e-07
"ENSG00000164061",1.42658026234544e-07
"ENSG00000138622",1.42561397164333e-07
"ENSG00000143028",1.42135475868152e-07
"ENSG00000178928",1.42126074446772e-07
"ENSG00000113889",1.41375772068339e-07
"ENSG00000117148",1.41317014366886e-07
"ENSG00000204165",1.40848173786639e-07
"ENSG00000179023",1.40591514374787e-07
"ENSG00000182854",1.40223651968364e-07
"ENSG00000106331",1.39687108084409e-07
"ENSG00000148848",1.39590959712092e-07
"ENSG00000233670",1.39076372381145e-07
"ENSG00000256394",1.39017954595564e-07
"ENSG00000184811",1.38395613444132e-07
"ENSG00000115226",1.38324304000915e-07
"ENSG00000230778",1.38173230697061e-07
"ENSG00000187754",1.38101847919023e-07
"ENSG00000174450",1.37975178981335e-07
"ENSG00000158270",1.37694323822403e-07
"ENSG00000184302",1.37637562832795e-07
"ENSG00000134216",1.37589349537569e-07
"ENSG00000043355",1.37454901646485e-07
"ENSG00000184363",1.36706324571323e-07
"ENSG00000118094",1.36551645992423e-07
"ENSG00000165194",1.36099481281475e-07
"ENSG00000249773",1.359554166612e-07
"ENSG00000158022",1.35783748551476e-07
"ENSG00000185818",1.35065716577928e-07
"ENSG00000204481",1.34637180945308e-07
"ENSG00000183876",1.3450779022949e-07
"ENSG00000180613",1.34366032289181e-07
"ENSG00000186448",1.34289137956227e-07
"ENSG00000166220",1.34007099734378e-07
"ENSG00000159239",1.33745314803638e-07
"ENSG00000130383",1.33304527169001e-07
"ENSG00000225180",1.33021643238077e-07
"ENSG00000188340",1.3235723404489e-07
"ENSG00000162975",1.32280377177139e-07
"ENSG00000165553",1.32233160215993e-07
"ENSG00000120149",1.31641534298557e-07
"ENSG00000048540",1.316037651179e-07
"ENSG00000274810",1.31397263443001e-07
"ENSG00000141449",1.31376436551045e-07
"ENSG00000281883",1.31140420940826e-07
"ENSG00000184471",1.31070370476307e-07
"ENSG00000204390",1.31057254905932e-07
"ENSG00000078814",1.3089958786862e-07
"ENSG00000101188",1.30706215347166e-07
"ENSG00000258984",1.2983228907565e-07
"ENSG00000161649",1.29779379073401e-07
"ENSG00000143126",1.29681365881689e-07
"ENSG00000223731",1.29210797926479e-07
"ENSG00000125816",1.29040874006883e-07
"ENSG00000104848",1.2851439597219e-07
"ENSG00000182447",1.28396796592861e-07
"ENSG00000227059",1.28004674310073e-07
"ENSG00000250644",1.27986182346466e-07
"ENSG00000168993",1.2798600442784e-07
"ENSG00000165966",1.27559254713973e-07
"ENSG00000189420",1.27481476354978e-07
"ENSG00000120457",1.26362638548862e-07
"ENSG00000172818",1.26269278359697e-07
"ENSG00000132688",1.26193130492504e-07
"ENSG00000186212",1.25963074855754e-07
"ENSG00000175879",1.25954154041069e-07
"ENSG00000198398",1.24759255773659e-07
"ENSG00000186329",1.24594983112414e-07
"ENSG00000187715",1.2408448693757e-07
"ENSG00000167755",1.23940770383343e-07
"ENSG00000184108",1.23555623355616e-07
"ENSG00000128250",1.22709068305154e-07
"ENSG00000162998",1.21620370077746e-07
"ENSG00000188783",1.21618695571522e-07
"ENSG00000266826",1.21236500582783e-07
"ENSG00000196242",1.21140907544909e-07
"ENSG00000119913",1.20902428901162e-07
"ENSG00000186564",1.20517195627793e-07
"ENSG00000145244",1.1948461891497e-07
"ENSG00000275410",1.18608517276726e-07
"ENSG00000129654",1.18518996759738e-07
"ENSG00000128422",1.18422060975935e-07
"ENSG00000180785",1.18276549845419e-07
"ENSG00000172365",1.18106824439114e-07
"ENSG00000186710",1.18086660419254e-07
"ENSG00000204385",1.17737442620234e-07
"ENSG00000177614",1.17505880149967e-07
"ENSG00000179813",1.1733467059796e-07
"ENSG00000189139",1.1706221746623e-07
"ENSG00000283288",1.16838155845335e-07
"ENSG00000255855",1.16343212280077e-07
"ENSG00000186788",1.16309318511693e-07
"ENSG00000173227",1.16290449314682e-07
"ENSG00000162728",1.16245309975851e-07
"ENSG00000068781",1.15582366399577e-07
"ENSG00000162456",1.14469086812882e-07
"ENSG00000125998",1.13695231513647e-07
"ENSG00000171116",1.13473774842469e-07
"ENSG00000162951",1.13204103861967e-07
"ENSG00000198739",1.12764424409054e-07
"ENSG00000205143",1.120914874523e-07
"ENSG00000282936",1.11634067242968e-07
"ENSG00000150893",1.11488671716607e-07
"ENSG00000162738",1.11345840581546e-07
"ENSG00000120952",1.11117836382125e-07
"ENSG00000215454",1.11045990321139e-07
"ENSG00000197479",1.10923614263803e-07
"ENSG00000196767",1.1070454777274e-07
"ENSG00000183840",1.10511167802563e-07
"ENSG00000221888",1.10248659919776e-07
"ENSG00000197172",1.10172288759269e-07
"ENSG00000127412",1.09823017725436e-07
"ENSG00000222036",1.09264466192068e-07
"ENSG00000103710",1.08817725049152e-07
"ENSG00000186766",1.08438121543104e-07
"ENSG00000205497",1.08223321439446e-07
"ENSG00000106086",1.08209917883626e-07
"ENSG00000178796",1.08058990406736e-07
"ENSG00000205835",1.07442693209772e-07
"ENSG00000170178",1.07433857595396e-07
"ENSG00000122756",1.07182430346849e-07
"ENSG00000188582",1.07089860445049e-07
"ENSG00000283378",1.07065495593992e-07
"ENSG00000110900",1.06286524037322e-07
"ENSG00000006283",1.06228647274113e-07
"ENSG00000166664",1.05920360434441e-07
"ENSG00000232030",1.05661898950494e-07
"ENSG00000279956",1.05550814153253e-07
"ENSG00000158553",1.05084217499037e-07
"ENSG00000270231",1.05073472720417e-07
"ENSG00000145626",1.04671347686748e-07
"ENSG00000184330",1.03729902538785e-07
"ENSG00000255713",1.03696337239789e-07
"ENSG00000174599",1.03668820588572e-07
"ENSG00000188984",1.03494658055262e-07
"ENSG00000101323",1.03422741697675e-07
"ENSG00000184933",1.03359184889634e-07
"ENSG00000111961",1.0335485051542e-07
"ENSG00000171551",1.03340408454765e-07
"ENSG00000164325",1.03174220442372e-07
"ENSG00000116218",1.02619391071144e-07
"ENSG00000180053",1.02313723313084e-07
"ENSG00000124143",1.02293004014757e-07
"ENSG00000276087",1.01766504425669e-07
"ENSG00000143921",1.01757535689562e-07
"ENSG00000172188",1.01712735286461e-07
"ENSG00000007384",1.01613595995336e-07
"ENSG00000131620",1.01326153807961e-07
"ENSG00000277258",1.01125717081237e-07
"ENSG00000171403",1.01072057929122e-07
"ENSG00000130711",1.00419285292788e-07
"ENSG00000271321",1.00116409088921e-07
"ENSG00000147509",9.9966346623842e-08
"ENSG00000179270",9.97309495474998e-08
"ENSG00000196388",9.92946568017208e-08
"ENSG00000189132",9.86977518167761e-08
"ENSG00000125820",9.85515964396312e-08
"ENSG00000214946",9.85030732004463e-08
"ENSG00000170523",9.82148186030811e-08
"ENSG00000255804",9.81610608941856e-08
"ENSG00000283765",9.80512516243352e-08
"ENSG00000077943",9.78122183625089e-08
"ENSG00000268089",9.77735432160916e-08
"ENSG00000114019",9.75690186271267e-08
"ENSG00000163060",9.72722396738671e-08
"ENSG00000179930",9.6686570769421e-08
"ENSG00000184185",9.64287282364323e-08
"ENSG00000178343",9.61466663699622e-08
"ENSG00000174016",9.54516773680622e-08
"ENSG00000145536",9.51375676166308e-08
"ENSG00000197915",9.48822769227069e-08
"ENSG00000164756",9.45306319698244e-08
"ENSG00000179059",9.44778971736478e-08
"ENSG00000160345",9.44455208424297e-08
"ENSG00000261739",9.44357468649658e-08
"ENSG00000171234",9.38223670957098e-08
"ENSG00000166862",9.37736392047162e-08
"ENSG00000133640",9.36479328479685e-08
"ENSG00000196990",9.36103348780973e-08
"ENSG00000167741",9.31868985327686e-08
"ENSG00000146360",9.29048523434237e-08
"ENSG00000172752",9.27741141901677e-08
"ENSG00000155833",9.23112761984412e-08
"ENSG00000187122",9.20867497768126e-08
"ENSG00000122728",9.2086245477349e-08
"ENSG00000090539",9.19360625508282e-08
"ENSG00000171561",9.18112927942462e-08
"ENSG00000117598",9.10443199068624e-08
"ENSG00000092607",9.03511699496231e-08
"ENSG00000170689",8.92918610762616e-08
"ENSG00000142698",8.90413578890649e-08
"ENSG00000060656",8.86346830651813e-08
"ENSG00000225968",8.83938637576814e-08
"ENSG00000182968",8.8306487923186e-08
"ENSG00000166351",8.82137084439398e-08
"ENSG00000164129",8.75800266713696e-08
"ENSG00000170613",8.75594462201349e-08
"ENSG00000146399",8.73994401781901e-08
"ENSG00000275591",8.69270856391355e-08
"ENSG00000178394",8.63290867786596e-08
"ENSG00000196946",8.63170846330085e-08
"ENSG00000151025",8.59792283860196e-08
"ENSG00000075673",8.59404307242871e-08
"ENSG00000157851",8.58996393286584e-08
"ENSG00000163518",8.58192932493477e-08
"ENSG00000163064",8.56927001369684e-08
"ENSG00000105467",8.44788507665782e-08
"ENSG00000214575",8.44456901855992e-08
"ENSG00000163501",8.4033582586292e-08
"ENSG00000236032",8.36330252047828e-08
"ENSG00000133477",8.36323809452845e-08
"ENSG00000171487",8.30461385913284e-08
"ENSG00000205108",8.27364993776276e-08
"ENSG00000129009",8.26248498229952e-08
"ENSG00000159184",8.24072919856131e-08
"ENSG00000130701",8.22507243718047e-08
"ENSG00000107338",8.21547526621845e-08
"ENSG00000182013",8.20532907814008e-08
"ENSG00000171360",8.1616573776055e-08
"ENSG00000172324",8.15142418166899e-08
"ENSG00000130635",8.14110283653494e-08
"ENSG00000254585",8.13453475886129e-08
"ENSG00000161992",8.12988860801135e-08
"ENSG00000168907",8.06840328151123e-08
"ENSG00000175894",8.01870724980526e-08
"ENSG00000196600",7.99854780615444e-08
"ENSG00000177992",7.92435024560808e-08
"ENSG00000148602",7.90734376526036e-08
"ENSG00000218305",7.90603861491025e-08
"ENSG00000183770",7.88919425942867e-08
"ENSG00000197935",7.8849497954133e-08
"ENSG00000170961",7.87164512246718e-08
"ENSG00000188779",7.6764391095378e-08
"ENSG00000164736",7.63442726030628e-08
"ENSG00000128564",7.60500542103546e-08
"ENSG00000145861",7.58165209285281e-08
"ENSG00000103546",7.56228026201476e-08
"ENSG00000163286",7.5573751057902e-08
"ENSG00000256574",7.55430633554546e-08
"ENSG00000106511",7.55051807081548e-08
"ENSG00000027644",7.45949320217262e-08
"ENSG00000182545",7.45195671826698e-08
"ENSG00000142700",7.45004591106753e-08
"ENSG00000155906",7.41229456318594e-08
"ENSG00000180440",7.40288036708929e-08
"ENSG00000221813",7.3905674745738e-08
"ENSG00000179083",7.369471585211e-08
"ENSG00000172689",7.36588788100595e-08
"ENSG00000130783",7.33291377638824e-08
"ENSG00000187553",7.17951541221198e-08
"ENSG00000074219",7.14220499589408e-08
"ENSG00000144649",7.10734893216685e-08
"ENSG00000161850",7.10636744736715e-08
"ENSG00000188124",7.06058269110851e-08
"ENSG00000069018",7.05140967111219e-08
"ENSG00000134438",7.03531185938518e-08
"ENSG00000254535",7.02632605548719e-08
"ENSG00000185823",7.01109423238873e-08
"ENSG00000260903",6.98357705616802e-08
"ENSG00000078018",6.97697580533433e-08
"ENSG00000237850",6.90059358385588e-08
"ENSG00000120436",6.8638302289785e-08
"ENSG00000196581",6.84009183117781e-08
"ENSG00000138892",6.83763150810976e-08
"ENSG00000229544",6.79836617708034e-08
"ENSG00000187642",6.79584285505882e-08
"ENSG00000164485",6.77138841684789e-08
"ENSG00000189375",6.72359647702595e-08
"ENSG00000182601",6.67823474988762e-08
"ENSG00000273167",6.61411340070609e-08
"ENSG00000226650",6.6075699217489e-08
"ENSG00000215912",6.53324595713735e-08
"ENSG00000046889",6.50272337168896e-08
"ENSG00000116726",6.48278084681595e-08
"ENSG00000254656",6.47896918447703e-08
"ENSG00000196383",6.40454201358797e-08
"ENSG00000070886",6.38893731385281e-08
"ENSG00000173714",6.37642546047688e-08
"ENSG00000171903",6.30838444205107e-08
"ENSG00000135702",6.26562307292771e-08
"ENSG00000214336",6.2575316380315e-08
"ENSG00000185008",6.25147724724005e-08
"ENSG00000146411",6.24150726774946e-08
"ENSG00000074047",6.19693081565881e-08
"ENSG00000167011",6.12324064709641e-08
"ENSG00000185933",6.03479469256786e-08
"ENSG00000189120",5.98176013722925e-08
"ENSG00000258405",5.97567001038657e-08
"ENSG00000119614",5.87843138168942e-08
"ENSG00000173212",5.86579803676237e-08
"ENSG00000178772",5.86438068198143e-08
"ENSG00000133878",5.86297162279018e-08
"ENSG00000204175",5.84764975096984e-08
"ENSG00000184923",5.73175816562568e-08
"ENSG00000174576",5.70076596675872e-08
"ENSG00000265107",5.66999711167775e-08
"ENSG00000224960",5.65208562765791e-08
"ENSG00000241635",5.56650464057913e-08
"ENSG00000172377",5.56238770733922e-08
"ENSG00000138675",5.51265227987387e-08
"ENSG00000249158",5.45014587493522e-08
"ENSG00000123407",5.41848489532076e-08
"ENSG00000183862",5.38619771908688e-08
"ENSG00000142549",5.37343454737935e-08
"ENSG00000162757",5.35800611873661e-08
"ENSG00000197977",5.31849604968566e-08
"ENSG00000196240",5.3095995835843e-08
"ENSG00000105609",5.21409041646289e-08
"ENSG00000125409",5.17245235199926e-08
"ENSG00000118160",5.16256056089931e-08
"ENSG00000100583",5.14055733401373e-08
"ENSG00000232653",5.09666529316117e-08
"ENSG00000163646",5.0786159742638e-08
"ENSG00000187678",5.04301956372891e-08
"ENSG00000185561",5.01630965860337e-08
"ENSG00000184350",4.97780308049903e-08
"ENSG00000158786",4.95187625115629e-08
"ENSG00000121871",4.9297695711418e-08
"ENSG00000177144",4.92631018020621e-08
"ENSG00000204022",4.92497510622954e-08
"ENSG00000198570",4.91913620863316e-08
"ENSG00000092054",4.88983521685703e-08
"ENSG00000069011",4.81376994144506e-08
"ENSG00000078246",4.69395294282599e-08
"ENSG00000136944",4.6866543030063e-08
"ENSG00000073734",4.68646433237753e-08
"ENSG00000143520",4.67318963700322e-08
"ENSG00000277865",4.63892367340911e-08
"ENSG00000205277",4.62544865046457e-08
"ENSG00000134398",4.61410503954498e-08
"ENSG00000134160",4.58249270567746e-08
"ENSG00000164099",4.49236775824517e-08
"ENSG00000163431",4.48348537414605e-08
"ENSG00000123307",4.48348537414605e-08
"ENSG00000144583",4.40448559777502e-08
"ENSG00000277322",4.38503805818235e-08
"ENSG00000136274",4.29857932942142e-08
"ENSG00000055813",4.27480116513489e-08
"ENSG00000103742",4.17569031167803e-08
"ENSG00000239389",4.14514199114171e-08
"ENSG00000164690",4.02082409521055e-08
"ENSG00000198732",3.90329800938725e-08
"ENSG00000197991",3.87854560682201e-08
"ENSG00000008197",3.85933662827762e-08
"ENSG00000114455",3.8298527079725e-08
"ENSG00000198967",3.82337615070426e-08
"ENSG00000282815",3.70330491547534e-08
"ENSG00000189357",3.55829120419044e-08
"ENSG00000176428",3.44187869945102e-08
"ENSG00000169836",3.43974810996532e-08
"ENSG00000280165",3.42899205748853e-08
"ENSG00000120693",3.42395718778049e-08
"ENSG00000135373",3.34311922138483e-08
"ENSG00000104413",3.30258868490759e-08
"ENSG00000198535",3.30064947405043e-08
"ENSG00000206432",3.27675720246342e-08
"ENSG00000279000",3.02624288408121e-08
"ENSG00000179626",2.81409734614824e-08
"ENSG00000278803",2.78649648052401e-08
"ENSG00000149488",2.70438101988026e-08
"ENSG00000109424",2.52321201113516e-08
"ENSG00000257315",2.44333495780048e-08
"ENSG00000176798",2.35818180089746e-08
"ENSG00000184507",2.29104535111185e-08
"ENSG00000149452",2.28255634536249e-08
"ENSG00000165591",2.14594710829928e-08
"ENSG00000146477",1.99460505952086e-08
"ENSG00000175175",1.98597144908933e-08
"ENSG00000197506",1.95517050574753e-08
"ENSG00000152154",1.9239945770464e-08
"ENSG00000164379",1.9005196441165e-08
"ENSG00000242120",1.87804277534452e-08
"ENSG00000188937",1.8420283864368e-08
"ENSG00000197385",1.79504855000141e-08
"ENSG00000197128",1.72162152795147e-08
"ENSG00000136383",1.50549951885377e-08
"ENSG00000231824",1.5053213845778e-08
"ENSG00000124074",1.29708293676042e-08
"ENSG00000196188",1.13294144832428e-08
"ENSG00000162825",1.12917600423944e-08
"ENSG00000131482",8.95092261976411e-09
"ENSG00000050820",7.70851299384868e-09
"ENSG00000228198",7.36735015536285e-09
"ENSG00000150051",4.43269544376558e-09
"ENSG00000215595",2.13311253092444e-09
"ENSG00000221886",1.49714202271602e-09
"ENSG00000170209",9.76692068553234e-10
"ENSG00000170396",8.4439473873042e-10
"ENSG00000175518",7.76035305449541e-10
"ENSG00000186092",1.63699232294939e-15
"ENSG00000284662",1.57347466534667e-16
"ENSG00000284733",6.34165826648859e-17
"ENSG00000237330",2.97738698643233e-17
"ENSG00000205116",0
"ENSG00000197921",0
"ENSG00000169717",0
"ENSG00000173673",0
"ENSG00000243073",0
"ENSG00000187545",0
"ENSG00000204510",0
"ENSG00000274764",0
"ENSG00000277058",0
"ENSG00000229571",0
"ENSG00000275774",0
"ENSG00000280267",0
"ENSG00000179412",0
"ENSG00000279169",0
"ENSG00000279804",0
"ENSG00000270601",0
"ENSG00000182330",0
"ENSG00000237700",0
"ENSG00000215695",0
"ENSG00000185519",0
"ENSG00000178828",0
"ENSG00000188784",0
"ENSG00000183114",0
"ENSG00000219073",0
"ENSG00000142789",0
"ENSG00000255054",0
"ENSG00000282872",0
"ENSG00000142684",0
"ENSG00000176256",0
"ENSG00000271741",0
"ENSG00000142694",0
"ENSG00000131233",0
"ENSG00000283580",0
"ENSG00000179178",0
"ENSG00000253313",0
"ENSG00000178922",0
"ENSG00000278139",0
"ENSG00000250719",0
"ENSG00000204006",0
"ENSG00000157211",0
"ENSG00000271723",0
"ENSG00000143001",0
"ENSG00000187140",0
"ENSG00000162621",0
"ENSG00000137976",0
"ENSG00000271949",0
"ENSG00000237763",0
"ENSG00000174876",0
"ENSG00000187733",0
"ENSG00000156150",0
"ENSG00000143105",0
"ENSG00000184599",0
"ENSG00000271567",0
"ENSG00000279782",0
"ENSG00000280778",0
"ENSG00000236334",0
"ENSG00000203811",0
"ENSG00000203852",0
"ENSG00000270276",0
"ENSG00000215853",0
"ENSG00000143536",0
"ENSG00000169509",0
"ENSG00000185966",0
"ENSG00000244057",0
"ENSG00000187238",0
"ENSG00000185962",0
"ENSG00000187223",0
"ENSG00000159455",0
"ENSG00000187173",0
"ENSG00000198854",0
"ENSG00000240386",0
"ENSG00000172155",0
"ENSG00000196734",0
"ENSG00000186844",0
"ENSG00000163206",0
"ENSG00000163207",0
"ENSG00000283227",0
"ENSG00000184148",0
"ENSG00000169474",0
"ENSG00000163209",0
"ENSG00000241794",0
"ENSG00000196805",0
"ENSG00000203785",0
"ENSG00000244094",0
"ENSG00000203782",0
"ENSG00000143556",0
"ENSG00000251246",0
"ENSG00000273088",0
"ENSG00000143627",0
"ENSG00000260238",0
"ENSG00000132702",0
"ENSG00000279111",0
"ENSG00000196184",0
"ENSG00000132703",0
"ENSG00000254706",0
"ENSG00000143171",0
"ENSG00000162763",0
"ENSG00000143196",0
"ENSG00000034971",0
"ENSG00000232113",0
"ENSG00000240021",0
"ENSG00000151418",0
"ENSG00000081248",0
"ENSG00000188770",0
"ENSG00000283952",0
"ENSG00000162771",0
"ENSG00000178395",0
"ENSG00000255835",0
"ENSG00000154342",0
"ENSG00000244020",0
"ENSG00000196289",0
"ENSG00000177489",0
"ENSG00000169214",0
"ENSG00000239395",0
"ENSG00000196772",0
"ENSG00000162727",0
"ENSG00000198601",0
"ENSG00000177186",0
"ENSG00000177174",0
"ENSG00000196944",0
"ENSG00000198104",0
"ENSG00000175143",0
"ENSG00000227152",0
"ENSG00000196539",0
"ENSG00000203661",0
"ENSG00000187701",0
"ENSG00000189181",0
"ENSG00000151360",0
"ENSG00000169006",0
"ENSG00000250741",0
"ENSG00000143867",0
"ENSG00000284701",0
"ENSG00000273269",0
"ENSG00000242441",0
"ENSG00000244617",0
"ENSG00000116035",0
"ENSG00000003137",0
"ENSG00000144035",0
"ENSG00000274049",0
"ENSG00000204822",0
"ENSG00000143954",0
"ENSG00000144015",0
"ENSG00000144191",0
"ENSG00000196228",0
"ENSG00000015568",0
"ENSG00000256977",0
"ENSG00000284337",0
"ENSG00000257207",0
"ENSG00000256671",0
"ENSG00000136696",0
"ENSG00000136697",0
"ENSG00000144119",0
"ENSG00000144230",0
"ENSG00000173349",0
"ENSG00000152093",0
"ENSG00000222038",0
"ENSG00000173302",0
"ENSG00000283228",0
"ENSG00000248672",0
"ENSG00000152254",0
"ENSG00000251569",0
"ENSG00000174279",0
"ENSG00000128713",0
"ENSG00000128652",0
"ENSG00000170166",0
"ENSG00000128645",0
"ENSG00000270757",0
"ENSG00000163254",0
"ENSG00000188674",0
"ENSG00000163497",0
"ENSG00000163499",0
"ENSG00000284643",0
"ENSG00000284704",0
"ENSG00000284631",0
"ENSG00000284667",0
"ENSG00000284725",0
"ENSG00000284718",0
"ENSG00000284635",0
"ENSG00000163283",0
"ENSG00000163295",0
"ENSG00000237412",0
"ENSG00000241119",0
"ENSG00000167165",0
"ENSG00000168505",0
"ENSG00000071677",0
"ENSG00000178586",0
"ENSG00000178602",0
"ENSG00000184945",0
"ENSG00000172478",0
"ENSG00000154252",0
"ENSG00000216921",0
"ENSG00000272410",0
"ENSG00000168334",0
"ENSG00000157119",0
"ENSG00000010282",0
"ENSG00000273291",0
"ENSG00000240747",0
"ENSG00000206549",0
"ENSG00000283706",0
"ENSG00000213689",0
"ENSG00000283189",0
"ENSG00000145029",0
"ENSG00000176020",0
"ENSG00000272104",0
"ENSG00000229972",0
"ENSG00000214681",0
"ENSG00000239732",0
"ENSG00000173366",0
"ENSG00000153266",0
"ENSG00000196578",0
"ENSG00000197938",0
"ENSG00000196098",0
"ENSG00000163515",0
"ENSG00000251012",0
"ENSG00000214324",0
"ENSG00000239620",0
"ENSG00000179407",0
"ENSG00000261796",0
"ENSG00000168875",0
"ENSG00000184814",0
"ENSG00000233701",0
"ENSG00000155890",0
"ENSG00000214237",0
"ENSG00000197953",0
"ENSG00000114790",0
"ENSG00000283154",0
"ENSG00000248710",0
"ENSG00000275163",0
"ENSG00000186038",0
"ENSG00000283149",0
"ENSG00000198471",0
"ENSG00000176945",0
"ENSG00000145113",0
"ENSG00000272741",0
"ENSG00000273331",0
"ENSG00000235608",0
"ENSG00000184160",0
"ENSG00000284684",0
"ENSG00000170801",0
"ENSG00000215612",0
"ENSG00000229924",0
"ENSG00000231396",0
"ENSG00000233136",0
"ENSG00000227551",0
"ENSG00000232399",0
"ENSG00000223569",0
"ENSG00000249104",0
"ENSG00000250844",0
"ENSG00000248920",0
"ENSG00000250745",0
"ENSG00000249811",0
"ENSG00000248933",0
"ENSG00000250913",0
"ENSG00000232264",0
"ENSG00000230430",0
"ENSG00000229579",0
"ENSG00000227140",0
"ENSG00000235780",0
"ENSG00000231051",0
"ENSG00000231637",0
"ENSG00000228856",0
"ENSG00000109705",0
"ENSG00000109610",0
"ENSG00000215203",0
"ENSG00000128045",0
"ENSG00000282278",0
"ENSG00000109181",0
"ENSG00000135220",0
"ENSG00000271271",0
"ENSG00000173610",0
"ENSG00000284695",0
"ENSG00000135222",0
"ENSG00000181617",0
"ENSG00000196475",0
"ENSG00000152591",0
"ENSG00000145337",0
"ENSG00000255072",0
"ENSG00000178403",0
"ENSG00000151790",0
"ENSG00000176979",0
"ENSG00000177300",0
"ENSG00000272297",0
"ENSG00000224807",0
"ENSG00000205097",0
"ENSG00000260596",0
"ENSG00000185028",0
"ENSG00000170549",0
"ENSG00000215217",0
"ENSG00000169777",0
"ENSG00000284439",0
"ENSG00000284283",0
"ENSG00000284234",0
"ENSG00000284042",0
"ENSG00000284465",0
"ENSG00000283967",0
"ENSG00000283988",0
"ENSG00000284356",0
"ENSG00000249156",0
"ENSG00000283776",0
"ENSG00000250782",0
"ENSG00000182631",0
"ENSG00000273294",0
"ENSG00000212122",0
"ENSG00000164334",0
"ENSG00000205279",0
"ENSG00000273217",0
"ENSG00000281938",0
"ENSG00000283782",0
"ENSG00000198944",0
"ENSG00000272772",0
"ENSG00000251380",0
"ENSG00000181965",0
"ENSG00000279686",0
"ENSG00000256453",0
"ENSG00000204970",0
"ENSG00000255408",0
"ENSG00000081842",0
"ENSG00000251664",0
"ENSG00000248383",0
"ENSG00000113211",0
"ENSG00000113212",0
"ENSG00000120322",0
"ENSG00000279983",0
"ENSG00000081853",0
"ENSG00000275740",0
"ENSG00000178172",0
"ENSG00000113722",0
"ENSG00000168269",0
"ENSG00000164438",0
"ENSG00000113739",0
"ENSG00000185056",0
"ENSG00000196570",0
"ENSG00000175325",0
"ENSG00000251545",0
"ENSG00000174339",0
"ENSG00000230178",0
"ENSG00000259040",0
"ENSG00000265818",0
"ENSG00000272162",0
"ENSG00000112273",0
"ENSG00000282804",0
"ENSG00000079689",0
"ENSG00000282988",0
"ENSG00000275663",0
"ENSG00000224586",0
"ENSG00000204704",0
"ENSG00000204703",0
"ENSG00000204702",0
"ENSG00000204701",0
"ENSG00000204700",0
"ENSG00000204695",0
"ENSG00000243729",0
"ENSG00000112462",0
"ENSG00000280236",0
"ENSG00000251608",0
"ENSG00000204694",0
"ENSG00000206474",0
"ENSG00000204688",0
"ENSG00000204687",0
"ENSG00000237988",0
"ENSG00000213886",0
"ENSG00000204657",0
"ENSG00000204655",0
"ENSG00000204618",0
"ENSG00000204616",0
"ENSG00000204610",0
"ENSG00000248167",0
"ENSG00000241370",0
"ENSG00000213780",0
"ENSG00000137411",0
"ENSG00000168631",0
"ENSG00000204544",0
"ENSG00000261272",0
"ENSG00000204542",0
"ENSG00000204540",0
"ENSG00000204539",0
"ENSG00000204538",0
"ENSG00000204511",0
"ENSG00000198563",0
"ENSG00000254870",0
"ENSG00000213760",0
"ENSG00000204439",0
"ENSG00000204435",0
"ENSG00000263020",0
"ENSG00000240053",0
"ENSG00000204427",0
"ENSG00000250641",0
"ENSG00000244355",0
"ENSG00000255152",0
"ENSG00000228727",0
"ENSG00000204388",0
"ENSG00000166278",0
"ENSG00000204366",0
"ENSG00000244255",0
"ENSG00000243649",0
"ENSG00000231852",0
"ENSG00000204314",0
"ENSG00000258388",0
"ENSG00000241404",0
"ENSG00000204296",0
"ENSG00000204290",0
"ENSG00000237541",0
"ENSG00000250264",0
"ENSG00000248993",0
"ENSG00000270800",0
"ENSG00000196748",0
"ENSG00000112559",0
"ENSG00000214736",0
"ENSG00000272442",0
"ENSG00000230062",0
"ENSG00000177684",0
"ENSG00000203970",0
"ENSG00000203909",0
"ENSG00000203908",0
"ENSG00000135312",0
"ENSG00000203877",0
"ENSG00000271793",0
"ENSG00000168830",0
"ENSG00000112238",0
"ENSG00000170162",0
"ENSG00000282218",0
"ENSG00000255330",0
"ENSG00000254440",0
"ENSG00000155918",0
"ENSG00000164458",0
"ENSG00000125337",0
"ENSG00000184786",0
"ENSG00000248767",0
"ENSG00000164853",0
"ENSG00000275572",0
"ENSG00000272968",0
"ENSG00000283321",0
"ENSG00000146618",0
"ENSG00000122585",0
"ENSG00000105954",0
"ENSG00000257184",0
"ENSG00000255690",0
"ENSG00000281039",0
"ENSG00000254959",0
"ENSG00000250424",0
"ENSG00000164600",0
"ENSG00000270617",0
"ENSG00000164708",0
"ENSG00000221900",0
"ENSG00000249319",0
"ENSG00000273520",0
"ENSG00000275976",0
"ENSG00000262461",0
"ENSG00000175877",0
"ENSG00000164645",0
"ENSG00000006128",0
"ENSG00000272647",0
"ENSG00000270249",0
"ENSG00000205236",0
"ENSG00000267368",0
"ENSG00000267645",0
"ENSG00000105989",0
"ENSG00000188050",0
"ENSG00000230268",0
"ENSG00000146857",0
"ENSG00000269955",0
"ENSG00000214102",0
"ENSG00000258223",0
"ENSG00000165131",0
"ENSG00000179468",0
"ENSG00000225781",0
"ENSG00000159763",0
"ENSG00000221855",0
"ENSG00000271079",0
"ENSG00000283528",0
"ENSG00000221910",0
"ENSG00000170279",0
"ENSG00000281887",0
"ENSG00000146926",0
"ENSG00000176269",0
"ENSG00000198010",0
"ENSG00000283239",0
"ENSG00000104728",0
"ENSG00000176595",0
"ENSG00000206047",0
"ENSG00000240247",0
"ENSG00000230045",0
"ENSG00000233132",0
"ENSG00000223885",0
"ENSG00000215373",0
"ENSG00000233295",0
"ENSG00000206034",0
"ENSG00000230549",0
"ENSG00000236125",0
"ENSG00000215371",0
"ENSG00000177243",0
"ENSG00000164871",0
"ENSG00000177023",0
"ENSG00000187082",0
"ENSG00000186599",0
"ENSG00000198129",0
"ENSG00000255251",0
"ENSG00000255378",0
"ENSG00000186572",0
"ENSG00000186579",0
"ENSG00000176782",0
"ENSG00000176797",0
"ENSG00000171711",0
"ENSG00000215356",0
"ENSG00000237038",0
"ENSG00000225327",0
"ENSG00000205989",0
"ENSG00000233115",0
"ENSG00000215354",0
"ENSG00000258724",0
"ENSG00000205884",0
"ENSG00000205883",0
"ENSG00000205882",0
"ENSG00000233050",0
"ENSG00000215343",0
"ENSG00000226430",0
"ENSG00000232948",0
"ENSG00000248235",0
"ENSG00000168619",0
"ENSG00000104755",0
"ENSG00000147432",0
"ENSG00000254673",0
"ENSG00000168333",0
"ENSG00000172680",0
"ENSG00000180828",0
"ENSG00000258677",0
"ENSG00000104435",0
"ENSG00000276418",0
"ENSG00000205186",0
"ENSG00000156466",0
"ENSG00000175946",0
"ENSG00000253117",0
"ENSG00000258417",0
"ENSG00000204882",0
"ENSG00000226490",0
"ENSG00000126233",0
"ENSG00000283992",0
"ENSG00000167656",0
"ENSG00000179142",0
"ENSG00000261667",0
"ENSG00000176956",0
"ENSG00000264668",0
"ENSG00000182759",0
"ENSG00000255181",0
"ENSG00000181085",0
"ENSG00000180921",0
"ENSG00000203499",0
"ENSG00000271698",0
"ENSG00000254402",0
"ENSG00000064218",0
"ENSG00000137080",0
"ENSG00000236637",0
"ENSG00000214042",0
"ENSG00000147885",0
"ENSG00000234829",0
"ENSG00000147873",0
"ENSG00000233816",0
"ENSG00000188379",0
"ENSG00000120242",0
"ENSG00000197919",0
"ENSG00000213927",0
"ENSG00000137077",0
"ENSG00000215183",0
"ENSG00000278889",0
"ENSG00000243641",0
"ENSG00000256966",0
"ENSG00000204849",0
"ENSG00000273514",0
"ENSG00000185775",0
"ENSG00000276581",0
"ENSG00000276040",0
"ENSG00000204779",0
"ENSG00000275969",0
"ENSG00000187559",0
"ENSG00000165059",0
"ENSG00000283205",0
"ENSG00000131668",0
"ENSG00000130948",0
"ENSG00000251349",0
"ENSG00000148123",0
"ENSG00000186881",0
"ENSG00000148136",0
"ENSG00000244115",0
"ENSG00000197233",0
"ENSG00000165202",0
"ENSG00000171481",0
"ENSG00000251184",0
"ENSG00000235007",0
"ENSG00000167157",0
"ENSG00000171102",0
"ENSG00000187616",0
"ENSG00000160349",0
"ENSG00000122136",0
"ENSG00000148386",0
"ENSG00000165643",0
"ENSG00000107187",0
"ENSG00000204003",0
"ENSG00000272896",0
"ENSG00000284341",0
"ENSG00000279073",0
"ENSG00000261793",0
"ENSG00000197768",0
"ENSG00000178473",0
"ENSG00000178462",0
"ENSG00000178372",0
"ENSG00000165623",0
"ENSG00000269897",0
"ENSG00000168267",0
"ENSG00000182077",0
"ENSG00000283930",0
"ENSG00000204174",0
"ENSG00000189090",0
"ENSG00000264717",0
"ENSG00000165606",0
"ENSG00000179774",0
"ENSG00000188716",0
"ENSG00000122852",0
"ENSG00000188199",0
"ENSG00000151224",0
"ENSG00000188373",0
"ENSG00000148671",0
"ENSG00000188100",0
"ENSG00000214562",0
"ENSG00000119938",0
"ENSG00000108242",0
"ENSG00000276490",0
"ENSG00000270099",0
"ENSG00000249967",0
"ENSG00000203942",0
"ENSG00000119919",0
"ENSG00000255339",0
"ENSG00000138136",0
"ENSG00000270316",0
"ENSG00000214435",0
"ENSG00000186795",0
"ENSG00000188816",0
"ENSG00000154478",0
"ENSG00000175018",0
"ENSG00000283496",0
"ENSG00000203772",0
"ENSG00000069696",0
"ENSG00000184956",0
"ENSG00000198788",0
"ENSG00000205869",0
"ENSG00000205867",0
"ENSG00000196224",0
"ENSG00000241598",0
"ENSG00000185940",0
"ENSG00000205864",0
"ENSG00000129965",0
"ENSG00000254647",0
"ENSG00000180176",0
"ENSG00000182170",0
"ENSG00000284018",0
"ENSG00000284306",0
"ENSG00000283873",0
"ENSG00000284438",0
"ENSG00000221996",0
"ENSG00000197790",0
"ENSG00000176922",0
"ENSG00000176900",0
"ENSG00000278870",0
"ENSG00000205496",0
"ENSG00000205495",0
"ENSG00000213931",0
"ENSG00000176239",0
"ENSG00000181609",0
"ENSG00000258588",0
"ENSG00000181001",0
"ENSG00000205409",0
"ENSG00000183269",0
"ENSG00000180974",0
"ENSG00000188691",0
"ENSG00000255307",0
"ENSG00000283977",0
"ENSG00000178358",0
"ENSG00000183303",0
"ENSG00000182334",0
"ENSG00000170683",0
"ENSG00000182261",0
"ENSG00000189431",0
"ENSG00000256206",0
"ENSG00000129152",0
"ENSG00000179826",0
"ENSG00000179817",0
"ENSG00000255071",0
"ENSG00000173432",0
"ENSG00000170255",0
"ENSG00000131808",0
"ENSG00000205177",0
"ENSG00000175619",0
"ENSG00000172208",0
"ENSG00000176567",0
"ENSG00000176555",0
"ENSG00000176547",0
"ENSG00000237388",0
"ENSG00000220948",0
"ENSG00000260811",0
"ENSG00000181958",0
"ENSG00000181939",0
"ENSG00000181927",0
"ENSG00000174982",0
"ENSG00000186113",0
"ENSG00000205030",0
"ENSG00000205029",0
"ENSG00000254658",0
"ENSG00000181718",0
"ENSG00000172489",0
"ENSG00000181698",0
"ENSG00000181693",0
"ENSG00000280314",0
"ENSG00000150261",0
"ENSG00000172487",0
"ENSG00000172199",0
"ENSG00000272987",0
"ENSG00000279961",0
"ENSG00000150269",0
"ENSG00000181371",0
"ENSG00000172459",0
"ENSG00000172457",0
"ENSG00000241356",0
"ENSG00000186513",0
"ENSG00000197887",0
"ENSG00000280204",0
"ENSG00000197786",0
"ENSG00000172362",0
"ENSG00000255073",0
"ENSG00000166959",0
"ENSG00000229183",0
"ENSG00000124935",0
"ENSG00000254772",0
"ENSG00000255508",0
"ENSG00000255432",0
"ENSG00000234857",0
"ENSG00000168539",0
"ENSG00000182450",0
"ENSG00000219435",0
"ENSG00000197891",0
"ENSG00000273003",0
"ENSG00000256349",0
"ENSG00000173237",0
"ENSG00000256514",0
"ENSG00000213402",0
"ENSG00000167791",0
"ENSG00000075388",0
"ENSG00000186895",0
"ENSG00000254997",0
"ENSG00000204571",0
"ENSG00000165462",0
"ENSG00000182704",0
"ENSG00000254550",0
"ENSG00000259112",0
"ENSG00000223417",0
"ENSG00000233802",0
"ENSG00000204450",0
"ENSG00000134640",0
"ENSG00000284057",0
"ENSG00000183560",0
"ENSG00000150750",0
"ENSG00000258529",0
"ENSG00000170276",0
"ENSG00000254445",0
"ENSG00000149300",0
"ENSG00000255292",0
"ENSG00000149295",0
"ENSG00000110243",0
"ENSG00000255245",0
"ENSG00000223953",0
"ENSG00000188909",0
"ENSG00000221931",0
"ENSG00000181499",0
"ENSG00000196248",0
"ENSG00000198674",0
"ENSG00000254737",0
"ENSG00000236981",0
"ENSG00000234560",0
"ENSG00000255425",0
"ENSG00000279116",0
"ENSG00000197125",0
"ENSG00000165478",0
"ENSG00000221932",0
"ENSG00000171053",0
"ENSG00000196844",0
"ENSG00000111262",0
"ENSG00000284393",0
"ENSG00000255641",0
"ENSG00000121377",0
"ENSG00000121314",0
"ENSG00000121381",0
"ENSG00000121318",0
"ENSG00000111215",0
"ENSG00000275778",0
"ENSG00000212128",0
"ENSG00000212127",0
"ENSG00000212126",0
"ENSG00000255837",0
"ENSG00000212124",0
"ENSG00000256436",0
"ENSG00000226761",0
"ENSG00000255374",0
"ENSG00000256188",0
"ENSG00000256537",0
"ENSG00000186136",0
"ENSG00000197870",0
"ENSG00000230657",0
"ENSG00000251655",0
"ENSG00000121335",0
"ENSG00000139151",0
"ENSG00000177938",0
"ENSG00000257046",0
"ENSG00000257062",0
"ENSG00000111713",0
"ENSG00000121361",0
"ENSG00000185610",0
"ENSG00000272822",0
"ENSG00000214511",0
"ENSG00000170454",0
"ENSG00000170465",0
"ENSG00000185069",0
"ENSG00000170477",0
"ENSG00000185640",0
"ENSG00000283536",0
"ENSG00000267281",0
"ENSG00000123364",0
"ENSG00000180818",0
"ENSG00000273049",0
"ENSG00000180806",0
"ENSG00000037965",0
"ENSG00000135413",0
"ENSG00000179919",0
"ENSG00000205330",0
"ENSG00000205329",0
"ENSG00000179695",0
"ENSG00000257411",0
"ENSG00000144785",0
"ENSG00000258830",0
"ENSG00000139269",0
"ENSG00000240771",0
"ENSG00000257921",0
"ENSG00000228144",0
"ENSG00000258052",0
"ENSG00000258064",0
"ENSG00000111046",0
"ENSG00000111049",0
"ENSG00000259075",0
"ENSG00000180219",0
"ENSG00000183395",0
"ENSG00000257767",0
"ENSG00000111780",0
"ENSG00000256861",0
"ENSG00000256825",0
"ENSG00000198033",0
"ENSG00000165474",0
"ENSG00000151846",0
"ENSG00000250709",0
"ENSG00000253797",0
"ENSG00000139675",0
"ENSG00000136099",0
"ENSG00000204919",0
"ENSG00000229665",0
"ENSG00000204918",0
"ENSG00000227151",0
"ENSG00000234278",0
"ENSG00000237378",0
"ENSG00000270181",0
"ENSG00000153498",0
"ENSG00000257115",0
"ENSG00000258453",0
"ENSG00000169484",0
"ENSG00000259060",0
"ENSG00000173464",0
"ENSG00000258436",0
"ENSG00000259171",0
"ENSG00000169385",0
"ENSG00000173431",0
"ENSG00000259132",0
"ENSG00000259371",0
"ENSG00000259522",0
"ENSG00000254692",0
"ENSG00000255526",0
"ENSG00000136305",0
"ENSG00000092009",0
"ENSG00000257520",0
"ENSG00000136327",0
"ENSG00000139874",0
"ENSG00000258989",0
"ENSG00000125954",0
"ENSG00000259164",0
"ENSG00000100604",0
"ENSG00000153485",0
"ENSG00000259066",0
"ENSG00000133958",0
"ENSG00000187581",0
"ENSG00000175785",0
"ENSG00000140067",0
"ENSG00000175699",0
"ENSG00000140093",0
"ENSG00000170099",0
"ENSG00000258597",0
"ENSG00000186910",0
"ENSG00000170054",0
"ENSG00000100665",0
"ENSG00000196136",0
"ENSG00000258691",0
"ENSG00000182218",0
"ENSG00000283071",0
"ENSG00000256500",0
"ENSG00000258986",0
"ENSG00000184601",0
"ENSG00000230031",0
"ENSG00000278522",0
"ENSG00000280709",0
"ENSG00000182974",0
"ENSG00000279408",0
"ENSG00000233917",0
"ENSG00000274102",0
"ENSG00000183706",0
"ENSG00000273976",0
"ENSG00000273756",0
"ENSG00000214265",0
"ENSG00000186297",0
"ENSG00000153684",0
"ENSG00000183629",0
"ENSG00000227717",0
"ENSG00000104059",0
"ENSG00000185115",0
"ENSG00000104067",0
"ENSG00000261247",0
"ENSG00000166922",0
"ENSG00000159495",0
"ENSG00000237289",0
"ENSG00000262560",0
"ENSG00000184716",0
"ENSG00000140274",0
"ENSG00000260170",0
"ENSG00000233932",0
"ENSG00000169856",0
"ENSG00000234438",0
"ENSG00000273025",0
"ENSG00000140506",0
"ENSG00000213578",0
"ENSG00000167195",0
"ENSG00000140478",0
"ENSG00000259332",0
"ENSG00000182774",0
"ENSG00000260836",0
"ENSG00000173867",0
"ENSG00000250021",0
"ENSG00000284626",0
"ENSG00000188536",0
"ENSG00000206172",0
"ENSG00000162006",0
"ENSG00000127588",0
"ENSG00000162009",0
"ENSG00000116176",0
"ENSG00000284395",0
"ENSG00000162040",0
"ENSG00000162068",0
"ENSG00000260272",0
"ENSG00000259784",0
"ENSG00000205923",0
"ENSG00000103426",0
"ENSG00000178257",0
"ENSG00000122304",0
"ENSG00000175646",0
"ENSG00000069764",0
"ENSG00000261130",0
"ENSG00000183889",0
"ENSG00000214967",0
"ENSG00000214940",0
"ENSG00000233024",0
"ENSG00000260342",0
"ENSG00000169347",0
"ENSG00000196502",0
"ENSG00000183336",0
"ENSG00000280893",0
"ENSG00000281348",0
"ENSG00000167194",0
"ENSG00000261459",0
"ENSG00000282034",0
"ENSG00000281991",0
"ENSG00000255439",0
"ENSG00000103490",0
"ENSG00000156885",0
"ENSG00000183632",0
"ENSG00000205457",0
"ENSG00000275034",0
"ENSG00000261509",0
"ENSG00000278848",0
"ENSG00000284209",0
"ENSG00000159398",0
"ENSG00000102891",0
"ENSG00000205362",0
"ENSG00000169688",0
"ENSG00000102970",0
"ENSG00000265690",0
"ENSG00000188038",0
"ENSG00000260914",0
"ENSG00000272617",0
"ENSG00000260371",0
"ENSG00000259900",0
"ENSG00000260537",0
"ENSG00000260734",0
"ENSG00000168928",0
"ENSG00000168925",0
"ENSG00000261717",0
"ENSG00000260092",0
"ENSG00000131152",0
"ENSG00000198211",0
"ENSG00000205899",0
"ENSG00000262664",0
"ENSG00000180016",0
"ENSG00000127780",0
"ENSG00000161939",0
"ENSG00000262526",0
"ENSG00000262302",0
"ENSG00000261915",0
"ENSG00000181323",0
"ENSG00000184560",0
"ENSG00000248871",0
"ENSG00000262730",0
"ENSG00000263620",0
"ENSG00000263809",0
"ENSG00000263429",0
"ENSG00000255104",0
"ENSG00000266302",0
"ENSG00000214860",0
"ENSG00000214819",0
"ENSG00000266728",0
"ENSG00000266202",0
"ENSG00000273171",0
"ENSG00000258472",0
"ENSG00000267618",0
"ENSG00000275722",0
"ENSG00000276409",0
"ENSG00000275688",0
"ENSG00000275718",0
"ENSG00000274933",0
"ENSG00000260287",0
"ENSG00000274226",0
"ENSG00000275954",0
"ENSG00000277161",0
"ENSG00000273706",0
"ENSG00000278505",0
"ENSG00000273513",0
"ENSG00000274419",0
"ENSG00000278299",0
"ENSG00000278599",0
"ENSG00000274611",0
"ENSG00000277399",0
"ENSG00000275832",0
"ENSG00000277363",0
"ENSG00000273604",0
"ENSG00000275489",0
"ENSG00000204913",0
"ENSG00000264058",0
"ENSG00000171446",0
"ENSG00000173908",0
"ENSG00000187242",0
"ENSG00000171431",0
"ENSG00000196859",0
"ENSG00000204889",0
"ENSG00000212899",0
"ENSG00000212900",0
"ENSG00000212901",0
"ENSG00000221852",0
"ENSG00000204887",0
"ENSG00000221880",0
"ENSG00000188581",0
"ENSG00000212725",0
"ENSG00000214518",0
"ENSG00000212724",0
"ENSG00000213417",0
"ENSG00000240871",0
"ENSG00000241241",0
"ENSG00000212722",0
"ENSG00000212721",0
"ENSG00000198271",0
"ENSG00000244537",0
"ENSG00000198443",0
"ENSG00000240542",0
"ENSG00000239886",0
"ENSG00000204873",0
"ENSG00000187272",0
"ENSG00000241595",0
"ENSG00000198083",0
"ENSG00000212659",0
"ENSG00000180386",0
"ENSG00000212658",0
"ENSG00000212657",0
"ENSG00000186860",0
"ENSG00000006059",0
"ENSG00000131738",0
"ENSG00000131737",0
"ENSG00000094796",0
"ENSG00000108417",0
"ENSG00000197079",0
"ENSG00000184502",0
"ENSG00000267261",0
"ENSG00000108825",0
"ENSG00000214447",0
"ENSG00000263715",0
"ENSG00000120088",0
"ENSG00000185294",0
"ENSG00000256762",0
"ENSG00000108379",0
"ENSG00000158955",0
"ENSG00000262633",0
"ENSG00000259753",0
"ENSG00000120094",0
"ENSG00000108511",0
"ENSG00000159182",0
"ENSG00000229637",0
"ENSG00000011052",0
"ENSG00000141200",0
"ENSG00000166329",0
"ENSG00000266086",0
"ENSG00000265303",0
"ENSG00000267318",0
"ENSG00000121068",0
"ENSG00000264813",0
"ENSG00000125695",0
"ENSG00000136487",0
"ENSG00000136488",0
"ENSG00000204414",0
"ENSG00000187959",0
"ENSG00000257008",0
"ENSG00000267168",0
"ENSG00000262660",0
"ENSG00000183979",0
"ENSG00000185105",0
"ENSG00000182459",0
"ENSG00000177143",0
"ENSG00000206422",0
"ENSG00000267140",0
"ENSG00000267228",0
"ENSG00000215472",0
"ENSG00000266997",0
"ENSG00000267699",0
"ENSG00000166603",0
"ENSG00000206073",0
"ENSG00000206072",0
"ENSG00000187773",0
"ENSG00000206026",0
"ENSG00000256463",0
"ENSG00000181781",0
"ENSG00000267059",0
"ENSG00000273734",0
"ENSG00000267001",0
"ENSG00000077009",0
"ENSG00000105428",0
"ENSG00000267157",0
"ENSG00000267740",0
"ENSG00000267314",0
"ENSG00000237247",0
"ENSG00000205718",0
"ENSG00000230522",0
"ENSG00000267952",0
"ENSG00000268614",0
"ENSG00000269711",0
"ENSG00000182566",0
"ENSG00000178531",0
"ENSG00000181786",0
"ENSG00000181733",0
"ENSG00000170920",0
"ENSG00000188629",0
"ENSG00000243207",0
"ENSG00000105371",0
"ENSG00000167807",0
"ENSG00000267303",0
"ENSG00000267477",0
"ENSG00000257355",0
"ENSG00000213297",0
"ENSG00000268870",0
"ENSG00000196826",0
"ENSG00000269693",0
"ENSG00000269242",0
"ENSG00000269590",0
"ENSG00000127515",0
"ENSG00000127529",0
"ENSG00000269095",0
"ENSG00000269307",0
"ENSG00000269035",0
"ENSG00000105650",0
"ENSG00000130283",0
"ENSG00000268193",0
"ENSG00000187664",0
"ENSG00000213996",0
"ENSG00000269237",0
"ENSG00000196109",0
"ENSG00000283201",0
"ENSG00000266953",0
"ENSG00000188508",0
"ENSG00000105679",0
"ENSG00000267120",0
"ENSG00000188223",0
"ENSG00000250799",0
"ENSG00000267748",0
"ENSG00000167644",0
"ENSG00000205076",0
"ENSG00000268083",0
"ENSG00000269547",0
"ENSG00000179751",0
"ENSG00000197110",0
"ENSG00000268975",0
"ENSG00000171570",0
"ENSG00000268797",0
"ENSG00000007306",0
"ENSG00000267881",0
"ENSG00000268643",0
"ENSG00000268361",0
"ENSG00000267022",0
"ENSG00000267173",0
"ENSG00000213892",0
"ENSG00000267467",0
"ENSG00000234906",0
"ENSG00000268434",0
"ENSG00000104941",0
"ENSG00000188624",0
"ENSG00000259009",0
"ENSG00000268465",0
"ENSG00000177202",0
"ENSG00000105550",0
"ENSG00000104827",0
"ENSG00000267335",0
"ENSG00000104818",0
"ENSG00000267631",0
"ENSG00000189052",0
"ENSG00000213030",0
"ENSG00000196337",0
"ENSG00000283663",0
"ENSG00000225950",0
"ENSG00000130528",0
"ENSG00000261949",0
"ENSG00000269469",0
"ENSG00000269179",0
"ENSG00000142539",0
"ENSG00000142511",0
"ENSG00000167749",0
"ENSG00000167754",0
"ENSG00000169035",0
"ENSG00000269741",0
"ENSG00000213022",0
"ENSG00000186474",0
"ENSG00000269403",0
"ENSG00000221874",0
"ENSG00000269526",0
"ENSG00000228567",0
"ENSG00000275183",0
"ENSG00000167617",0
"ENSG00000242019",0
"ENSG00000267110",0
"ENSG00000267706",0
"ENSG00000283567",0
"ENSG00000231274",0
"ENSG00000197487",0
"ENSG00000268182",0
"ENSG00000268133",0
"ENSG00000268107",0
"ENSG00000269026",0
"ENSG00000268750",0
"ENSG00000269476",0
"ENSG00000283515",0
"ENSG00000185982",0
"ENSG00000125903",0
"ENSG00000186458",0
"ENSG00000125780",0
"ENSG00000256566",0
"ENSG00000241690",0
"ENSG00000258713",0
"ENSG00000171873",0
"ENSG00000132671",0
"ENSG00000173335",0
"ENSG00000101441",0
"ENSG00000170373",0
"ENSG00000170369",0
"ENSG00000170367",0
"ENSG00000101463",0
"ENSG00000215547",0
"ENSG00000204548",0
"ENSG00000180424",0
"ENSG00000180383",0
"ENSG00000088320",0
"ENSG00000179772",0
"ENSG00000167104",0
"ENSG00000198183",0
"ENSG00000272897",0
"ENSG00000259399",0
"ENSG00000101438",0
"ENSG00000277611",0
"ENSG00000124249",0
"ENSG00000101098",0
"ENSG00000124233",0
"ENSG00000124232",0
"ENSG00000243543",0
"ENSG00000249139",0
"ENSG00000180205",0
"ENSG00000124208",0
"ENSG00000124089",0
"ENSG00000124237",0
"ENSG00000130700",0
"ENSG00000125533",0
"ENSG00000243509",0
"ENSG00000273047",0
"ENSG00000183260",0
"ENSG00000196132",0
"ENSG00000125522",0
"ENSG00000232263",0
"ENSG00000197683",0
"ENSG00000206107",0
"ENSG00000186980",0
"ENSG00000182816",0
"ENSG00000240432",0
"ENSG00000186971",0
"ENSG00000184351",0
"ENSG00000186965",0
"ENSG00000244025",0
"ENSG00000244362",0
"ENSG00000206106",0
"ENSG00000212938",0
"ENSG00000186930",0
"ENSG00000184724",0
"ENSG00000244624",0
"ENSG00000206105",0
"ENSG00000184032",0
"ENSG00000206104",0
"ENSG00000187026",0
"ENSG00000187005",0
"ENSG00000206102",0
"ENSG00000170262",0
"ENSG00000205929",0
"ENSG00000249209",0
"ENSG00000222018",0
"ENSG00000243627",0
"ENSG00000160202",0
"ENSG00000234289",0
"ENSG00000215455",0
"ENSG00000205445",0
"ENSG00000241123",0
"ENSG00000188155",0
"ENSG00000272804",0
"ENSG00000187766",0
"ENSG00000221837",0
"ENSG00000212933",0
"ENSG00000130538",0
"ENSG00000198445",0
"ENSG00000283809",0
"ENSG00000100033",0
"ENSG00000206203",0
"ENSG00000203618",0
"ENSG00000277971",0
"ENSG00000169548",0
"ENSG00000185686",0
"ENSG00000251357",0
"ENSG00000240972",0
"ENSG00000099974",0
"ENSG00000099977",0
"ENSG00000276950",0
"ENSG00000249590",0
"ENSG00000175329",0
"ENSG00000198125",0
"ENSG00000128313",0
"ENSG00000100101",0
"ENSG00000283900",0
"ENSG00000284554",0
"ENSG00000205704",0
"ENSG00000130540",0
"ENSG00000188064",0
"ENSG00000188263",0
"ENSG00000182583",0
"ENSG00000177504",0
"ENSG00000205642",0
"ENSG00000183304",0
"ENSG00000123594",0
"ENSG00000176746",0
"ENSG00000188408",0
"ENSG00000226372",0
"ENSG00000169297",0
"ENSG00000132446",0
"ENSG00000189023",0
"ENSG00000249467",0
"ENSG00000198173",0
"ENSG00000250349",0
"ENSG00000187516",0
"ENSG00000229674",0
"ENSG00000171489",0
"ENSG00000171478",0
"ENSG00000268009",0
"ENSG00000269791",0
"ENSG00000224659",0
"ENSG00000274274",0
"ENSG00000236737",0
"ENSG00000237671",0
"ENSG00000227488",0
"ENSG00000236362",0
"ENSG00000216649",0
"ENSG00000215269",0
"ENSG00000224902",0
"ENSG00000189064",0
"ENSG00000130385",0
"ENSG00000224109",0
"ENSG00000283093",0
"ENSG00000223591",0
"ENSG00000187243",0
"ENSG00000154545",0
"ENSG00000204379",0
"ENSG00000204382",0
"ENSG00000241476",0
"ENSG00000171402",0
"ENSG00000179304",0
"ENSG00000283599",0
"ENSG00000215115",0
"ENSG00000215113",0
"ENSG00000184911",0
"ENSG00000268994",0
"ENSG00000225396",0
"ENSG00000269502",0
"ENSG00000283594",0
"ENSG00000275520",0
"ENSG00000184388",0
"ENSG00000186288",0
"ENSG00000179300",0
"ENSG00000122145",0
"ENSG00000147183",0
"ENSG00000153779",0
"ENSG00000000005",0
"ENSG00000126950",0
"ENSG00000257529",0
"ENSG00000204071",0
"ENSG00000268235",0
"ENSG00000269405",0
"ENSG00000269437",0
"ENSG00000215029",0
"ENSG00000198908",0
"ENSG00000204065",0
"ENSG00000268629",0
"ENSG00000157502",0
"ENSG00000147223",0
"ENSG00000175718",0
"ENSG00000203989",0
"ENSG00000278646",0
"ENSG00000226685",0
"ENSG00000226929",0
"ENSG00000224089",0
"ENSG00000226600",0
"ENSG00000230347",0
"ENSG00000228517",0
"ENSG00000226023",0
"ENSG00000237957",0
"ENSG00000230594",0
"ENSG00000236126",0
"ENSG00000242362",0
"ENSG00000236371",0
"ENSG00000282419",0
"ENSG00000198354",0
"ENSG00000198889",0
"ENSG00000183631",0
"ENSG00000123165",0
"ENSG00000171388",0
"ENSG00000147262",0
"ENSG00000171054",0
"ENSG00000228372",0
"ENSG00000224107",0
"ENSG00000238210",0
"ENSG00000283644",0
"ENSG00000268940",0
"ENSG00000269096",0
"ENSG00000228836",0
"ENSG00000278289",0
"ENSG00000271449",0
"ENSG00000273696",0
"ENSG00000278085",0
"ENSG00000270946",0
"ENSG00000269586",0
"ENSG00000134595",0
"ENSG00000198573",0
"ENSG00000198021",0
"ENSG00000203926",0
"ENSG00000189252",0
"ENSG00000203923",0
"ENSG00000235699",0
"ENSG00000224440",0
"ENSG00000267978",0
"ENSG00000185247",0
"ENSG00000123584",0
"ENSG00000147378",0
"ENSG00000147381",0
"ENSG00000268902",0
"ENSG00000183305",0
"ENSG00000198930",0
"ENSG00000213401",0
"ENSG00000268606",0
"ENSG00000268916",0
"ENSG00000214897",0
"ENSG00000102076",0
"ENSG00000268221",0
"ENSG00000166160",0
"ENSG00000269433",0
"ENSG00000278057",0
"ENSG00000268651",0
"ENSG00000184033",0
"ENSG00000274183",0
"ENSG00000182712",0
"ENSG00000277858",0
"ENSG00000277745",0
"ENSG00000184895",0
"ENSG00000176679",0
"ENSG00000099715",0
"ENSG00000168757",0
"ENSG00000099721",0
"ENSG00000092377",0
"ENSG00000233803",0
"ENSG00000229549",0
"ENSG00000228927",0
"ENSG00000258992",0
"ENSG00000238074",0
"ENSG00000236424",0
"ENSG00000129864",0
"ENSG00000129862",0
"ENSG00000129873",0
"ENSG00000182415",0
"ENSG00000172468",0
"ENSG00000169953",0
"ENSG00000242875",0
"ENSG00000234414",0
"ENSG00000244395",0
"ENSG00000242389",0
"ENSG00000169800",0
"ENSG00000226941",0
"ENSG00000183753",0
"ENSG00000188120",0
"ENSG00000205944",0
"ENSG00000172352",0
"ENSG00000183795",0
"ENSG00000187191",0
"ENSG00000205916",0
"ENSG00000185894",0
"ENSG00000172288",0
